{
"type": "FeatureCollection",
"name": "facility_footprints",
"crs": { "type": "name", "properties": { "name": "urn:ogc:def:crs:OGC:1.3:CRS84" } },
"features": [
{ "type": "Feature", "properties": { "facility_id": "stack-infrastructure-95e336", "name": "STACK Infrastructure", "operator": "STACK Infrastructure", "operator_confidence": "alias", "facility_class": "wholesale", "lat": 37.402212529921698, "lon": -121.89238428231019, "address": "2150 Trade Zone Boulevard", "city": "San Jose", "postcode": "95131", "utility": "PG&E", "utility_candidates": "PG&E,PWRPA", "year_built": null, "building_levels_reported": 1.0, "building_levels_used": 1.0, "partial_occupancy": false, "footprint_sqft": 107993.73420221552, "est_gross_sqft": 107993.73420221552, "est_white_space_sqft": 64796.24052132931, "best_power_mw": 13.607210509479156, "power_ci_low_mw": 6.803605254739578, "power_ci_high_mw": 23.326646587678553, "power_tier": "C_area", "n_power_methods": 1.0, "est_annual_gwh": 120.98715152398294, "pdb_net_count": null, "pdb_ix_count": null, "pdb_carrier_count": null, "clli": null, "website": null, "source_list": "osm", "n_sources": 1 }, "geometry": { "type": "Polygon", "coordinates": [ [ [ -121.8936145, 37.4018532 ], [ -121.8936599, 37.4024531 ], [ -121.8935457, 37.4024586 ], [ -121.8935654, 37.4027189 ], [ -121.8936796, 37.4027135 ], [ -121.8937195, 37.40324 ], [ -121.8931675, 37.4032664 ], [ -121.8930625, 37.4018796 ], [ -121.8936145, 37.4018532 ] ] ] } },
{ "type": "Feature", "properties": { "facility_id": "lightedge-san-diego-1-san1-443e9e", "name": "LightEdge San Diego 1 (SAN1)", "operator": "LightEdge", "operator_confidence": "alias_token", "facility_class": "colocation", "lat": 32.827865522451162, "lon": -117.12993394626548, "address": "9305 Lightwave Ave", "city": "San Diego", "postcode": "92123", "utility": "SDG&E", "utility_candidates": "Metropolitan Water District of So. Cal,SDG&E", "year_built": null, "building_levels_reported": 1.0, "building_levels_used": 1.0, "partial_occupancy": false, "footprint_sqft": 83576.497556566232, "est_gross_sqft": 83576.497556566232, "est_white_space_sqft": 50145.89853393974, "best_power_mw": 9.5277207214485493, "power_ci_low_mw": 4.513130868054577, "power_ci_high_mw": 16.247271124996477, "power_tier": "C_area", "n_power_methods": 1.0, "est_annual_gwh": 87.635975195883745, "pdb_net_count": 7.0, "pdb_ix_count": 0.0, "pdb_carrier_count": 1.0, "clli": "SNDGCALW", "website": "http://www.lightedge.com/", "source_list": "osm,peeringdb", "n_sources": 2 }, "geometry": { "type": "Polygon", "coordinates": [ [ [ -117.1298738, 32.8281557 ], [ -117.1298729, 32.8280664 ], [ -117.1290908, 32.8280784 ], [ -117.1290827, 32.8276509 ], [ -117.1307604, 32.8276326 ], [ -117.1307723, 32.8280696 ], [ -117.1301866, 32.8280706 ], [ -117.1301837, 32.8281535 ], [ -117.1298738, 32.8281557 ] ] ] } },
{ "type": "Feature", "properties": { "facility_id": "edgeconnex-san-diego-edcsdg01-a2b1c3", "name": "EdgeConneX San Diego (EDCSDG01)", "operator": "EdgeConneX", "operator_confidence": "alias", "facility_class": "colocation", "lat": 32.842308661755503, "lon": -117.16934498916471, "address": "5761 Copley Dr", "city": "San Diego", "postcode": "92111", "utility": "SDG&E", "utility_candidates": "Metropolitan Water District of So. Cal,SDG&E", "year_built": null, "building_levels_reported": 1.0, "building_levels_used": 1.0, "partial_occupancy": false, "footprint_sqft": 39204.966677780561, "est_gross_sqft": 39204.966677780561, "est_white_space_sqft": 23522.980006668335, "best_power_mw": 4.4693662012669835, "power_ci_low_mw": 2.1170682006001504, "power_ci_high_mw": 7.6214455221605411, "power_tier": "C_area", "n_power_methods": 1.0, "est_annual_gwh": 41.109230319253705, "pdb_net_count": 8.0, "pdb_ix_count": 0.0, "pdb_carrier_count": 1.0, "clli": null, "website": "http://www.edgeconnex.com", "source_list": "osm,peeringdb", "n_sources": 2 }, "geometry": { "type": "Polygon", "coordinates": [ [ [ -117.1691303, 32.8419548 ], [ -117.1697802, 32.8420298 ], [ -117.1697455, 32.8422421 ], [ -117.1695178, 32.8422158 ], [ -117.1694295, 32.8427561 ], [ -117.169177, 32.842727 ], [ -117.1690673, 32.8426075 ], [ -117.1691079, 32.8423595 ], [ -117.1690649, 32.8423546 ], [ -117.1691303, 32.8419548 ] ] ] } },
{ "type": "Feature", "properties": { "facility_id": "ragingwire-ca2-ntt-cfea56", "name": "RagingWire CA2 - NTT", "operator": "NTT", "operator_confidence": "alias_token", "facility_class": "colocation", "lat": 38.650399526645494, "lon": -121.4919460999218, "address": "1312 Striker Avenue", "city": "Sacramento", "postcode": "95834", "utility": "SMUD", "utility_candidates": "SMUD", "year_built": null, "building_levels_reported": 1.0, "building_levels_used": 1.0, "partial_occupancy": false, "footprint_sqft": 204702.33946752831, "est_gross_sqft": 204702.33946752831, "est_white_space_sqft": 122821.40368051697, "best_power_mw": 23.336066699298225, "power_ci_low_mw": 11.053926331246529, "power_ci_high_mw": 39.794134792487505, "power_tier": "C_area", "n_power_methods": 1.0, "est_annual_gwh": 214.64514150014506, "pdb_net_count": 6.0, "pdb_ix_count": 0.0, "pdb_carrier_count": 0.0, "clli": "NSCRCA11", "website": "http://www.ragingwire.com", "source_list": "osm,peeringdb", "n_sources": 2 }, "geometry": { "type": "Polygon", "coordinates": [ [ [ -121.4931742, 38.6507922 ], [ -121.4907304, 38.6508118 ], [ -121.490718, 38.6500059 ], [ -121.4909483, 38.6500042 ], [ -121.4931641, 38.6499885 ], [ -121.4931742, 38.6507922 ] ] ] } },
{ "type": "Feature", "properties": { "facility_id": "ragingwire-ca1-ntt-d9aa42", "name": "RagingWire CA1 - NTT", "operator": "NTT", "operator_confidence": "alias_token", "facility_class": "colocation", "lat": 38.650431829671597, "lon": -121.48918647194276, "address": "1200 Striker Avenue", "city": "Sacramento", "postcode": "95834", "utility": "SMUD", "utility_candidates": "SMUD", "year_built": null, "building_levels_reported": 1.0, "building_levels_used": 1.0, "partial_occupancy": false, "footprint_sqft": 192302.93017377116, "est_gross_sqft": 192302.93017377116, "est_white_space_sqft": 115381.7581042627, "best_power_mw": 54.92307692307692, "power_ci_low_mw": 15.045, "power_ci_high_mw": 67.690909090909074, "power_tier": "B_generator", "n_power_methods": 2.0, "est_annual_gwh": 505.1824615384615, "pdb_net_count": 14.0, "pdb_ix_count": 0.0, "pdb_carrier_count": 2.0, "clli": "NSCRCA11", "website": "http://www.ragingwire.com", "source_list": "epa_nei,osm,peeringdb", "n_sources": 3 }, "geometry": { "type": "Polygon", "coordinates": [ [ [ -121.4903694, 38.6500346 ], [ -121.4903769, 38.6508134 ], [ -121.4880033, 38.6508292 ], [ -121.4879967, 38.65005 ], [ -121.4900793, 38.6500365 ], [ -121.4903694, 38.6500346 ] ] ] } },
{ "type": "Feature", "properties": { "facility_id": "equinix-sv1-sv5-sv10-silicon-valley-san-jose-645d8a", "name": "Equinix SV1/SV5/SV10 - Silicon Valley, San Jose", "operator": "Equinix", "operator_confidence": "alias", "facility_class": "colocation", "lat": 37.241586803622475, "lon": -121.78332012554083, "address": "11 Great Oaks Blvd", "city": "San Jose", "postcode": "95119-1242", "utility": "PG&E", "utility_candidates": "PG&E,PWRPA", "year_built": null, "building_levels_reported": 1.0, "building_levels_used": 1.0, "partial_occupancy": false, "footprint_sqft": 135023.05754598702, "est_gross_sqft": 135023.05754598702, "est_white_space_sqft": 81013.834527592204, "best_power_mw": 28.834615384615383, "power_ci_low_mw": 7.898625, "power_ci_high_mw": 35.537727272727267, "power_tier": "B_generator", "n_power_methods": 2.0, "est_annual_gwh": 265.22079230769231, "pdb_net_count": 283.0, "pdb_ix_count": 8.0, "pdb_carrier_count": 7.0, "clli": "SNJSCA", "website": "https://www.equinix.com/locations/americas-colocation/united-states-colocation/silicon-valley-data-centers/", "source_list": "epa_nei,osm,peeringdb", "n_sources": 3 }, "geometry": { "type": "Polygon", "coordinates": [ [ [ -121.7826024, 37.2418049 ], [ -121.7824512, 37.2417142 ], [ -121.7824654, 37.2416993 ], [ -121.7824465, 37.241688 ], [ -121.7825605, 37.2415675 ], [ -121.7825565, 37.2415452 ], [ -121.7825641, 37.2415373 ], [ -121.7825964, 37.2415566 ], [ -121.7828827, 37.2412539 ], [ -121.7826877, 37.241137 ], [ -121.7827683, 37.2410519 ], [ -121.7829633, 37.2411688 ], [ -121.783037, 37.2410909 ], [ -121.783019, 37.2410801 ], [ -121.7831823, 37.2409075 ], [ -121.7832003, 37.2409183 ], [ -121.7832143, 37.2409035 ], [ -121.7837106, 37.241201 ], [ -121.7837625, 37.2412321 ], [ -121.7842088, 37.2414998 ], [ -121.7840765, 37.2416396 ], [ -121.7834597, 37.2422915 ], [ -121.7827166, 37.241846 ], [ -121.7826392, 37.2417996 ], [ -121.782615, 37.241825 ], [ -121.782605, 37.2418193 ], [ -121.7826024, 37.2418049 ] ] ] } },
{ "type": "Feature", "properties": { "facility_id": "opencolo-462b97", "name": "OpenColo", "operator": "Energy Group Networks LLC", "operator_confidence": "unresolved", "facility_class": "unknown", "lat": 37.37881629219563, "lon": -121.95593725173481, "address": "3223 Kenneth St", "city": "Santa Clara", "postcode": "95054", "utility": "SVP", "utility_candidates": "PWRPA,SVP", "year_built": null, "building_levels_reported": 1.0, "building_levels_used": 1.0, "partial_occupancy": false, "footprint_sqft": 65471.488464864255, "est_gross_sqft": 65471.488464864255, "est_white_space_sqft": 39282.893078918554, "best_power_mw": 7.4637496849945251, "power_ci_low_mw": 3.5354603771026696, "power_ci_high_mw": 13.199052074516633, "power_tier": "C_area", "n_power_methods": 1.0, "est_annual_gwh": 66.363183949160316, "pdb_net_count": 25.0, "pdb_ix_count": 3.0, "pdb_carrier_count": 0.0, "clli": null, "website": "https://opencolo.com/our-facility/", "source_list": "osm,peeringdb", "n_sources": 2 }, "geometry": { "type": "Polygon", "coordinates": [ [ [ -121.9563089, 37.3792456 ], [ -121.9556805, 37.3792415 ], [ -121.9556822, 37.3790789 ], [ -121.955534, 37.3790779 ], [ -121.9555409, 37.3784127 ], [ -121.9563174, 37.3784178 ], [ -121.9563131, 37.3788386 ], [ -121.9563089, 37.3792456 ] ] ] } },
{ "type": "Feature", "properties": { "facility_id": "equinix-sv2-silicon-valley-santa-clara-46cae5", "name": "Equinix SV2 - Silicon Valley, Santa Clara", "operator": "Equinix", "operator_confidence": "alias", "facility_class": "colocation", "lat": 37.378433690879682, "lon": -121.95499188032424, "address": "1350 Duane Ave", "city": "Santa Clara", "postcode": "95054", "utility": "SVP", "utility_candidates": "PWRPA,SVP", "year_built": null, "building_levels_reported": 1.0, "building_levels_used": 1.0, "partial_occupancy": false, "footprint_sqft": 81106.201305653769, "est_gross_sqft": 81106.201305653769, "est_white_space_sqft": 48663.720783392258, "best_power_mw": 12.357692307692306, "power_ci_low_mw": 3.385125, "power_ci_high_mw": 15.230454545454545, "power_tier": "B_generator", "n_power_methods": 2.0, "est_annual_gwh": 113.66605384615383, "pdb_net_count": 24.0, "pdb_ix_count": 2.0, "pdb_carrier_count": 2.0, "clli": null, "website": "https://www.equinix.com/locations/americas-colocation/united-states-colocation/silicon-valley-data-centers/sv2/", "source_list": "epa_nei,osm,peeringdb", "n_sources": 3 }, "geometry": { "type": "Polygon", "coordinates": [ [ [ -121.9553321, 37.3790591 ], [ -121.9546369, 37.3789091 ], [ -121.9546356, 37.3778819 ], [ -121.9553313, 37.3778816 ], [ -121.9553321, 37.3790591 ] ] ] } },
{ "type": "Feature", "properties": { "facility_id": "layer42-santa-clara-accd81", "name": "Layer42 Santa Clara", "operator": "Layer42", "operator_confidence": "alias", "facility_class": "colocation", "lat": 37.378039948467261, "lon": -121.95415110295477, "address": "3080 Raymond Street", "city": null, "postcode": null, "utility": "SVP", "utility_candidates": "PWRPA,SVP", "year_built": null, "building_levels_reported": 1.0, "building_levels_used": 1.0, "partial_occupancy": false, "footprint_sqft": 25031.598286774995, "est_gross_sqft": 25031.598286774995, "est_white_space_sqft": 15018.958972064996, "best_power_mw": 2.8536022046923493, "power_ci_low_mw": 1.3517063074858495, "power_ci_high_mw": 4.8661427069490593, "power_tier": "C_area", "n_power_methods": 1.0, "est_annual_gwh": 26.247433078760228, "pdb_net_count": null, "pdb_ix_count": null, "pdb_carrier_count": null, "clli": null, "website": null, "source_list": "osm", "n_sources": 1 }, "geometry": { "type": "Polygon", "coordinates": [ [ [ -121.9544151, 37.378254 ], [ -121.9540031, 37.3782539 ], [ -121.9540031, 37.3782987 ], [ -121.9539348, 37.3782987 ], [ -121.9539348, 37.3782566 ], [ -121.9538941, 37.3782566 ], [ -121.9538811, 37.3782566 ], [ -121.953881, 37.3780778 ], [ -121.9538403, 37.3780778 ], [ -121.9538402, 37.378015 ], [ -121.9538845, 37.378015 ], [ -121.9538844, 37.3778393 ], [ -121.9542571, 37.3778393 ], [ -121.9542571, 37.3777762 ], [ -121.9544151, 37.3777762 ], [ -121.9544151, 37.378254 ] ] ] } },
{ "type": "Feature", "properties": { "facility_id": "digital-realty-sjc-2820-nw-pkwy-d8d87b", "name": "Digital Realty SJC (2820 NW Pkwy)", "operator": "Digital Realty", "operator_confidence": "alias", "facility_class": "colocation", "lat": 37.37238819600703, "lon": -121.97361948707294, "address": "2820 Northwestern Pkwy Vantage Building V1", "city": "Santa Clara", "postcode": "95051", "utility": "SVP", "utility_candidates": "PWRPA,SVP", "year_built": null, "building_levels_reported": 1.0, "building_levels_used": 1.0, "partial_occupancy": false, "footprint_sqft": 129242.47277955833, "est_gross_sqft": 129242.47277955833, "est_white_space_sqft": 77545.483667734996, "best_power_mw": 14.733641896869651, "power_ci_low_mw": 6.9790935300961499, "power_ci_high_mw": 25.124736708346141, "power_tier": "C_area", "n_power_methods": 1.0, "est_annual_gwh": 135.52003816740705, "pdb_net_count": 13.0, "pdb_ix_count": 1.0, "pdb_carrier_count": 2.0, "clli": null, "website": "https://www.digitalrealty.com", "source_list": "osm,peeringdb", "n_sources": 2 }, "geometry": { "type": "Polygon", "coordinates": [ [ [ -121.9741996, 37.3728786 ], [ -121.9737195, 37.3728781 ], [ -121.9737193, 37.3730163 ], [ -121.9731546, 37.3730158 ], [ -121.9731545, 37.3730353 ], [ -121.9730933, 37.3730352 ], [ -121.9730936, 37.3728772 ], [ -121.9731173, 37.3728773 ], [ -121.973119, 37.3717801 ], [ -121.9740344, 37.371781 ], [ -121.9740343, 37.3718545 ], [ -121.9740984, 37.3718546 ], [ -121.9740978, 37.3722613 ], [ -121.9742006, 37.3722614 ], [ -121.9741996, 37.3728786 ] ] ] } },
{ "type": "Feature", "properties": { "facility_id": "centersquare-silicon-valley-sfo1-15b92e", "name": "Centersquare Silicon Valley (SFO1)", "operator": "CenterSquare", "operator_confidence": "alias", "facility_class": "colocation", "lat": 37.371519049502254, "lon": -121.96969744699751, "address": "2401 Walsh Avenue", "city": "Santa Clara", "postcode": "95051", "utility": "SVP", "utility_candidates": "PWRPA,SVP", "year_built": null, "building_levels_reported": 1.0, "building_levels_used": 1.0, "partial_occupancy": false, "footprint_sqft": 92193.473278529797, "est_gross_sqft": 92193.473278529797, "est_white_space_sqft": 55316.083967117876, "best_power_mw": 10.510055953752397, "power_ci_low_mw": 4.9784475570406093, "power_ci_high_mw": 17.92241120534619, "power_tier": "C_area", "n_power_methods": 1.0, "est_annual_gwh": 96.671494662614535, "pdb_net_count": 4.0, "pdb_ix_count": 1.0, "pdb_carrier_count": 1.0, "clli": null, "website": "https://centersquaredc.com/data-centers/silicon-valley", "source_list": "osm,peeringdb", "n_sources": 2 }, "geometry": { "type": "Polygon", "coordinates": [ [ [ -121.9700015, 37.3710209 ], [ -121.9700037, 37.3711466 ], [ -121.9703086, 37.3711487 ], [ -121.9703116, 37.3715923 ], [ -121.9703132, 37.3718297 ], [ -121.9696969, 37.3718308 ], [ -121.9696972, 37.3719206 ], [ -121.9691735, 37.3719217 ], [ -121.9691732, 37.3718318 ], [ -121.9691552, 37.3718318 ], [ -121.969052, 37.3718318 ], [ -121.96906, 37.3713224 ], [ -121.9690922, 37.3713021 ], [ -121.9691392, 37.3713117 ], [ -121.9691955, 37.3713117 ], [ -121.9692491, 37.3712968 ], [ -121.9692934, 37.3712776 ], [ -121.9693283, 37.371251 ], [ -121.9693564, 37.3712169 ], [ -121.9693685, 37.3711796 ], [ -121.9693765, 37.3711423 ], [ -121.9699285, 37.3711461 ], [ -121.9699264, 37.371022 ], [ -121.9700015, 37.3710209 ] ] ] } },
{ "type": "Feature", "properties": { "facility_id": "vantage-data-centers-santa-clara-38fc1d", "name": "Vantage Data Centers (Santa Clara)", "operator": "Vantage Data Centers", "operator_confidence": "alias", "facility_class": "wholesale", "lat": 37.373385909691017, "lon": -121.97269294062248, "address": "2625 Walsh Ave", "city": "Santa Clara", "postcode": "95051", "utility": "SVP", "utility_candidates": "PWRPA,SVP", "year_built": null, "building_levels_reported": 1.0, "building_levels_used": 1.0, "partial_occupancy": false, "footprint_sqft": 89293.612323332738, "est_gross_sqft": 89293.612323332738, "est_white_space_sqft": 53576.16739399964, "best_power_mw": 56.296153846153842, "power_ci_low_mw": 15.421125, "power_ci_high_mw": 69.383181818181811, "power_tier": "B_generator", "n_power_methods": 2.0, "est_annual_gwh": 500.55162230769224, "pdb_net_count": 4.0, "pdb_ix_count": 0.0, "pdb_carrier_count": 1.0, "clli": null, "website": "http://www.vantage-dc.com/", "source_list": "epa_nei,osm,peeringdb", "n_sources": 3 }, "geometry": { "type": "Polygon", "coordinates": [ [ [ -121.9733144, 37.3738191 ], [ -121.97224, 37.3738177 ], [ -121.9722423, 37.372796 ], [ -121.9728089, 37.3727967 ], [ -121.9728078, 37.3732966 ], [ -121.9733155, 37.3732973 ], [ -121.9733144, 37.3738191 ] ] ] } },
{ "type": "Feature", "properties": { "facility_id": "cologix-sv1-e30f9a", "name": "Cologix SV1", "operator": "Cologix", "operator_confidence": "alias", "facility_class": "colocation", "lat": 37.365332809676637, "lon": -121.96170041834212, "address": "2050 Martin Ave", "city": "Santa Clara", "postcode": "95050-2702", "utility": "SVP", "utility_candidates": "PWRPA,SVP", "year_built": null, "building_levels_reported": 1.0, "building_levels_used": 1.0, "partial_occupancy": false, "footprint_sqft": 80686.216939225618, "est_gross_sqft": 80686.216939225618, "est_white_space_sqft": 48411.730163535372, "best_power_mw": 9.1982287310717208, "power_ci_low_mw": 4.3570557147181832, "power_ci_high_mw": 15.68540057298546, "power_tier": "C_area", "n_power_methods": 1.0, "est_annual_gwh": 84.605307868397674, "pdb_net_count": 8.0, "pdb_ix_count": 1.0, "pdb_carrier_count": 1.0, "clli": null, "website": "http://www.cologix.com", "source_list": "osm,peeringdb", "n_sources": 2 }, "geometry": { "type": "Polygon", "coordinates": [ [ [ -121.9617164, 37.364742 ], [ -121.9624416, 37.3650516 ], [ -121.9620495, 37.3656317 ], [ -121.9615992, 37.3654394 ], [ -121.9611786, 37.3660616 ], [ -121.9609037, 37.3659443 ], [ -121.9617164, 37.364742 ] ] ] } },
{ "type": "Feature", "properties": { "facility_id": "csquare-sfo2-520ea6", "name": "Csquare SFO2", "operator": "Csquare", "operator_confidence": "alias", "facility_class": "colocation", "lat": 37.397579195198119, "lon": -121.98086935124522, "address": "4650 Old Ironsides Drive", "city": "Santa Clara", "postcode": "95054", "utility": "SVP", "utility_candidates": "PWRPA,SVP", "year_built": null, "building_levels_reported": 1.0, "building_levels_used": 1.0, "partial_occupancy": false, "footprint_sqft": 146098.14558586929, "est_gross_sqft": 146098.14558586929, "est_white_space_sqft": 87658.887351521567, "best_power_mw": 16.655188596789099, "power_ci_low_mw": 7.8892998616369425, "power_ci_high_mw": 28.401479501892993, "power_tier": "C_area", "n_power_methods": 1.0, "est_annual_gwh": 153.1944247132661, "pdb_net_count": null, "pdb_ix_count": null, "pdb_carrier_count": null, "clli": null, "website": null, "source_list": "osm", "n_sources": 1 }, "geometry": { "type": "Polygon", "coordinates": [ [ [ -121.9817417, 37.3972183 ], [ -121.9803006, 37.3972183 ], [ -121.9803006, 37.3971682 ], [ -121.9799449, 37.3971682 ], [ -121.9799449, 37.3979758 ], [ -121.9808454, 37.3979758 ], [ -121.9808454, 37.397844 ], [ -121.9808926, 37.397844 ], [ -121.9808926, 37.3978943 ], [ -121.9810468, 37.3978943 ], [ -121.9810468, 37.397886 ], [ -121.981981, 37.397886 ], [ -121.981981, 37.3975373 ], [ -121.9817417, 37.3975373 ], [ -121.9817417, 37.3972183 ] ] ] } },
{ "type": "Feature", "properties": { "facility_id": "centersquare-silicon-valley-sfo2-6e3231", "name": "Centersquare Silicon Valley (SFO2)", "operator": "CenterSquare", "operator_confidence": "alias", "facility_class": "colocation", "lat": 37.398618330654088, "lon": -121.98111165297756, "address": "4700 Old Ironsides Drive", "city": "Santa Clara", "postcode": "95054", "utility": "SVP", "utility_candidates": "PWRPA,SVP", "year_built": null, "building_levels_reported": 1.0, "building_levels_used": 1.0, "partial_occupancy": false, "footprint_sqft": 115693.10939175505, "est_gross_sqft": 115693.10939175505, "est_white_space_sqft": 69415.865635053022, "best_power_mw": 13.189014470660073, "power_ci_low_mw": 6.2474279071547727, "power_ci_high_mw": 22.490740465757181, "power_tier": "C_area", "n_power_methods": 1.0, "est_annual_gwh": 121.31255510113135, "pdb_net_count": 7.0, "pdb_ix_count": 1.0, "pdb_carrier_count": 0.0, "clli": null, "website": "https://centersquaredc.com/data-centers/silicon-valley", "source_list": "osm,peeringdb", "n_sources": 2 }, "geometry": { "type": "Polygon", "coordinates": [ [ [ -121.982127, 37.3988425 ], [ -121.9817423, 37.3988429 ], [ -121.9817423, 37.3988155 ], [ -121.9813509, 37.3988159 ], [ -121.9813511, 37.3989422 ], [ -121.9801866, 37.3989434 ], [ -121.9801856, 37.3983347 ], [ -121.9821261, 37.3983327 ], [ -121.982127, 37.3988425 ] ] ] } },
{ "type": "Feature", "properties": { "facility_id": "qts-santa-clara-1-2b7f00", "name": "QTS Santa Clara 1", "operator": "QTS", "operator_confidence": "alias", "facility_class": "wholesale", "lat": 37.392721680369988, "lon": -121.97839685413797, "address": "2805 Mission College Boulevard", "city": "Santa Clara", "postcode": "95054", "utility": "SVP", "utility_candidates": "PWRPA,SVP", "year_built": null, "building_levels_reported": 1.0, "building_levels_used": 1.0, "partial_occupancy": false, "footprint_sqft": 36808.128391203121, "est_gross_sqft": 36808.128391203121, "est_white_space_sqft": 22084.877034721871, "best_power_mw": 4.6378241772915922, "power_ci_low_mw": 2.3189120886457966, "power_ci_high_mw": 7.9505557324998746, "power_tier": "C_area", "n_power_methods": 1.0, "est_annual_gwh": 41.236749889970469, "pdb_net_count": null, "pdb_ix_count": null, "pdb_carrier_count": null, "clli": null, "website": "https://qtsdatacenters.com/data-centers/santa-clara/", "source_list": "osm", "n_sources": 1 }, "geometry": { "type": "Polygon", "coordinates": [ [ [ -121.9786747, 37.3942888 ], [ -121.9783403, 37.3942855 ], [ -121.977966, 37.3939888 ], [ -121.977969, 37.3936835 ], [ -121.9784225, 37.3936938 ], [ -121.978424, 37.3938906 ], [ -121.9784432, 37.3939067 ], [ -121.9784654, 37.3939036 ], [ -121.978498, 37.3939051 ], [ -121.9785324, 37.393916 ], [ -121.9785541, 37.3939335 ], [ -121.9785674, 37.3939523 ], [ -121.9785749, 37.3939823 ], [ -121.9785696, 37.3940056 ], [ -121.9785883, 37.3940232 ], [ -121.9786753, 37.3940238 ], [ -121.9786747, 37.3942888 ] ] ] } },
{ "type": "Feature", "properties": { "facility_id": "coresite-santa-clara-sv3-ca6c12", "name": "CoreSite - Santa Clara (SV3)", "operator": "CoreSite", "operator_confidence": "alias", "facility_class": "colocation", "lat": 37.375142093130528, "lon": -121.97170937319939, "address": "2901 Stender Way", "city": "Santa Clara", "postcode": "95054", "utility": "SVP", "utility_candidates": "PWRPA,SVP", "year_built": null, "building_levels_reported": 1.0, "building_levels_used": 1.0, "partial_occupancy": false, "footprint_sqft": 57809.925961382141, "est_gross_sqft": 57809.925961382141, "est_white_space_sqft": 34685.955576829285, "best_power_mw": 28.834615384615383, "power_ci_low_mw": 7.898625, "power_ci_high_mw": 35.537727272727267, "power_tier": "B_generator", "n_power_methods": 2.0, "est_annual_gwh": 265.22079230769231, "pdb_net_count": 4.0, "pdb_ix_count": 2.0, "pdb_carrier_count": 1.0, "clli": "SNTCCAQM", "website": "http://www.coresite.com", "source_list": "epa_nei,osm,peeringdb", "n_sources": 3 }, "geometry": { "type": "Polygon", "coordinates": [ [ [ -121.9713056, 37.3753377 ], [ -121.9713044, 37.3748048 ], [ -121.9721225, 37.3748037 ], [ -121.9721237, 37.3753366 ], [ -121.9720084, 37.3753367 ], [ -121.9720087, 37.3755105 ], [ -121.9713735, 37.3755114 ], [ -121.9713731, 37.3753376 ], [ -121.9713056, 37.3753377 ] ] ] } },
{ "type": "Feature", "properties": { "facility_id": "coresite-sv6-583ee0", "name": "CoreSite SV6", "operator": "CoreSite", "operator_confidence": "alias", "facility_class": "colocation", "lat": 37.376301881078767, "lon": -121.97208379969574, "address": null, "city": null, "postcode": null, "utility": "SVP", "utility_candidates": "PWRPA,SVP", "year_built": null, "building_levels_reported": 1.0, "building_levels_used": 1.0, "partial_occupancy": false, "footprint_sqft": 61065.983312684075, "est_gross_sqft": 61065.983312684075, "est_white_space_sqft": 36639.589987610445, "best_power_mw": 6.9615220976459851, "power_ci_low_mw": 3.29756309888494, "power_ci_high_mw": 11.871227155985784, "power_tier": "C_area", "n_power_methods": 1.0, "est_annual_gwh": 64.032080254147758, "pdb_net_count": null, "pdb_ix_count": null, "pdb_carrier_count": null, "clli": null, "website": null, "source_list": "osm", "n_sources": 1 }, "geometry": { "type": "Polygon", "coordinates": [ [ [ -121.97181, 37.3757817 ], [ -121.9718013, 37.3768191 ], [ -121.9723577, 37.376822 ], [ -121.9723662, 37.3757846 ], [ -121.97181, 37.3757817 ] ] ] } },
{ "type": "Feature", "properties": { "facility_id": "coresite-santa-clara-sv8-a64bb0", "name": "CoreSite - Santa Clara (SV8)", "operator": "CoreSite", "operator_confidence": "alias", "facility_class": "colocation", "lat": 37.377382656633159, "lon": -121.97184005129328, "address": "3045 Stender Way", "city": "Santa Clara", "postcode": "95054", "utility": "SVP", "utility_candidates": "PWRPA,SVP", "year_built": null, "building_levels_reported": 1.0, "building_levels_used": 1.0, "partial_occupancy": false, "footprint_sqft": 41609.936131054565, "est_gross_sqft": 41609.936131054565, "est_white_space_sqft": 24965.961678632739, "best_power_mw": 4.7435327189402212, "power_ci_low_mw": 2.2469365510769461, "power_ci_high_mw": 8.088971583877008, "power_tier": "C_area", "n_power_methods": 1.0, "est_annual_gwh": 43.631013948812146, "pdb_net_count": 4.0, "pdb_ix_count": 2.0, "pdb_carrier_count": 0.0, "clli": "SNTCCA", "website": "http://www.coresite.com", "source_list": "osm,peeringdb", "n_sources": 2 }, "geometry": { "type": "Polygon", "coordinates": [ [ [ -121.9712945, 37.3775471 ], [ -121.9713149, 37.3771806 ], [ -121.9723855, 37.3772181 ], [ -121.9723651, 37.3775848 ], [ -121.9721942, 37.3775788 ], [ -121.9712945, 37.3775471 ] ] ] } },
{ "type": "Feature", "properties": { "facility_id": "coresite-sv5-8f88a5", "name": "CoreSite SV5", "operator": "CoreSite", "operator_confidence": "alias", "facility_class": "colocation", "lat": 37.375196098938183, "lon": -121.97068979279841, "address": null, "city": null, "postcode": null, "utility": "SVP", "utility_candidates": "PWRPA,SVP", "year_built": null, "building_levels_reported": 1.0, "building_levels_used": 1.0, "partial_occupancy": false, "footprint_sqft": 50856.862826384939, "est_gross_sqft": 50856.862826384939, "est_white_space_sqft": 30514.117695830962, "best_power_mw": 5.7976823622078832, "power_ci_low_mw": 2.7462705926247866, "power_ci_high_mw": 9.8865741334492316, "power_tier": "C_area", "n_power_methods": 1.0, "est_annual_gwh": 53.327082367588112, "pdb_net_count": null, "pdb_ix_count": null, "pdb_carrier_count": null, "clli": null, "website": null, "source_list": "osm", "n_sources": 1 }, "geometry": { "type": "Polygon", "coordinates": [ [ [ -121.9704012, 37.3747829 ], [ -121.9703973, 37.3756085 ], [ -121.9709791, 37.375611 ], [ -121.9709805, 37.3747808 ], [ -121.9704012, 37.3747829 ] ] ] } },
{ "type": "Feature", "properties": { "facility_id": "coresite-santa-clara-sv9-48fc54", "name": "CoreSite - Santa Clara (SV9)", "operator": "CoreSite", "operator_confidence": "alias", "facility_class": "colocation", "lat": 37.375558515629251, "lon": -121.96960997000006, "address": "2915 Stender Way Santa Clara CA  95054-3214", "city": "Santa Clara", "postcode": "95054-3214", "utility": "SVP", "utility_candidates": "PWRPA,SVP", "year_built": null, "building_levels_reported": 1.0, "building_levels_used": 1.0, "partial_occupancy": false, "footprint_sqft": 60403.488945672572, "est_gross_sqft": 60403.488945672572, "est_white_space_sqft": 36242.09336740354, "best_power_mw": 6.8859977398066725, "power_ci_low_mw": 3.2617884030663191, "power_ci_high_mw": 11.742438251038747, "power_tier": "C_area", "n_power_methods": 1.0, "est_annual_gwh": 63.337407210741766, "pdb_net_count": 4.0, "pdb_ix_count": 2.0, "pdb_carrier_count": 0.0, "clli": "SNTCCA", "website": "https://www.coresite.com", "source_list": "osm,peeringdb", "n_sources": 2 }, "geometry": { "type": "Polygon", "coordinates": [ [ [ -121.9692492, 37.3752088 ], [ -121.970029, 37.3752138 ], [ -121.970022, 37.3759013 ], [ -121.9691809, 37.3758958 ], [ -121.9691868, 37.3753283 ], [ -121.969248, 37.3753287 ], [ -121.9692492, 37.3752088 ] ] ] } },
{ "type": "Feature", "properties": { "facility_id": "equinix-sv4-silicon-valley-sunnyvale-2f8bbf", "name": "Equinix SV4 - Silicon Valley, Sunnyvale", "operator": "Equinix", "operator_confidence": "alias", "facility_class": "colocation", "lat": 37.414564315001698, "lon": -122.01457953685338, "address": "255 Caspian Dr", "city": "Sunnyvale", "postcode": "94089", "utility": "PG&E", "utility_candidates": "PG&E,PWRPA", "year_built": null, "building_levels_reported": 1.0, "building_levels_used": 1.0, "partial_occupancy": false, "footprint_sqft": 122369.3955409717, "est_gross_sqft": 122369.3955409717, "est_white_space_sqft": 73421.637324583018, "best_power_mw": 6.865384615384615, "power_ci_low_mw": 1.880625, "power_ci_high_mw": 8.4613636363636342, "power_tier": "B_generator", "n_power_methods": 2.0, "est_annual_gwh": 63.147807692307687, "pdb_net_count": 16.0, "pdb_ix_count": 2.0, "pdb_carrier_count": 1.0, "clli": "SNVBCA", "website": "https://www.equinix.com/locations/americas-colocation/united-states-colocation/silicon-valley-data-centers/sv4/", "source_list": "epa_nei,osm,peeringdb", "n_sources": 3 }, "geometry": { "type": "Polygon", "coordinates": [ [ [ -122.0150287, 37.4137845 ], [ -122.0149503, 37.4140226 ], [ -122.0144294, 37.4139144 ], [ -122.0143758, 37.4140772 ], [ -122.0145736, 37.4141182 ], [ -122.0145441, 37.4142078 ], [ -122.0141962, 37.4141354 ], [ -122.0139493, 37.4148843 ], [ -122.013896, 37.4150477 ], [ -122.014036, 37.4150765 ], [ -122.0140193, 37.4151278 ], [ -122.014551, 37.4152373 ], [ -122.0146102, 37.4150558 ], [ -122.0149031, 37.4151161 ], [ -122.0151614, 37.4143246 ], [ -122.0150576, 37.4143032 ], [ -122.0150783, 37.4142398 ], [ -122.0151818, 37.4142611 ], [ -122.0152114, 37.4141709 ], [ -122.0151093, 37.4141497 ], [ -122.0152166, 37.4138235 ], [ -122.0150287, 37.4137845 ] ] ] } },
{ "type": "Feature", "properties": { "facility_id": "equinix-sv8-silicon-valley-palo-alto-895455", "name": "Equinix SV8 - Silicon Valley, Palo Alto", "operator": "Equinix", "operator_confidence": "alias", "facility_class": "colocation", "lat": 37.445895219187321, "lon": -122.16078171269815, "address": "529 Bryant St", "city": "Palo Alto", "postcode": "94301-1704", "utility": "City of Palo Alto", "utility_candidates": "City of Palo Alto,PWRPA", "year_built": null, "building_levels_reported": 1.0, "building_levels_used": 1.0, "partial_occupancy": false, "footprint_sqft": 12034.886119565102, "est_gross_sqft": 12034.886119565102, "est_white_space_sqft": 7220.9316717390611, "best_power_mw": 1.3719770176304216, "power_ci_low_mw": 0.64988385045651553, "power_ci_high_mw": 2.3395818616434561, "power_tier": "C_area", "n_power_methods": 1.0, "est_annual_gwh": 12.619444608164617, "pdb_net_count": 66.0, "pdb_ix_count": 4.0, "pdb_carrier_count": 2.0, "clli": "PLALCA", "website": "https://www.equinix.com/locations/americas-colocation/united-states-colocation/silicon-valley-data-centers/sv8/", "source_list": "osm,peeringdb", "n_sources": 2 }, "geometry": { "type": "Polygon", "coordinates": [ [ [ -122.1609449, 37.4456098 ], [ -122.1610982, 37.4457061 ], [ -122.1609569, 37.445848 ], [ -122.1609337, 37.4458334 ], [ -122.1608096, 37.445958 ], [ -122.1608349, 37.4459739 ], [ -122.1606293, 37.4461804 ], [ -122.1604739, 37.4460829 ], [ -122.1609449, 37.4456098 ] ] ] } },
{ "type": "Feature", "properties": { "facility_id": "equinix-sv5-c172a1", "name": "Equinix SV5", "operator": "Equinix", "operator_confidence": "alias", "facility_class": "colocation", "lat": 37.242040468049744, "lon": -121.78183928506765, "address": "9 Great Oaks Boulevard", "city": "San Jose", "postcode": "95119", "utility": "PG&E", "utility_candidates": "PG&E,PWRPA", "year_built": null, "building_levels_reported": 1.0, "building_levels_used": 1.0, "partial_occupancy": false, "footprint_sqft": 166314.17472264261, "est_gross_sqft": 166314.17472264261, "est_white_space_sqft": 99788.504833585568, "best_power_mw": 18.95981591838126, "power_ci_low_mw": 8.9809654350226999, "power_ci_high_mw": 32.331475566081721, "power_tier": "C_area", "n_power_methods": 1.0, "est_annual_gwh": 174.39238681727079, "pdb_net_count": null, "pdb_ix_count": null, "pdb_carrier_count": null, "clli": null, "website": "https://www.equinix.com/data-centers/americas-colocation/united-states-colocation/silicon-valley-data-centers/sv5", "source_list": "osm", "n_sources": 1 }, "geometry": { "type": "Polygon", "coordinates": [ [ [ -121.7831041, 37.242353 ], [ -121.7826585, 37.242832 ], [ -121.7826397, 37.242821 ], [ -121.7822139, 37.2425705 ], [ -121.7819163, 37.2423954 ], [ -121.7818405, 37.2424763 ], [ -121.7804664, 37.2416587 ], [ -121.780557, 37.2415621 ], [ -121.7805971, 37.241586 ], [ -121.7806737, 37.2416316 ], [ -121.7807491, 37.2415512 ], [ -121.7807611, 37.2415385 ], [ -121.7808848, 37.2414067 ], [ -121.7810116, 37.2414822 ], [ -121.7811716, 37.2413118 ], [ -121.7813101, 37.2413942 ], [ -121.7813367, 37.2413659 ], [ -121.7818082, 37.2416468 ], [ -121.7819114, 37.2417083 ], [ -121.7819505, 37.2416667 ], [ -121.7819579, 37.2416711 ], [ -121.7826455, 37.2420802 ], [ -121.7830405, 37.2423152 ], [ -121.7831041, 37.242353 ] ] ] } },
{ "type": "Feature", "properties": { "facility_id": "ragingwire-ca3-ntt-027a48", "name": "RagingWire CA3 - NTT", "operator": "NTT", "operator_confidence": "alias_token", "facility_class": "colocation", "lat": 38.644239349798376, "lon": -121.49876273284119, "address": "1625 W National Dr", "city": "Sacramento", "postcode": "95834", "utility": "SMUD", "utility_candidates": "SMUD", "year_built": null, "building_levels_reported": 1.0, "building_levels_used": 1.0, "partial_occupancy": false, "footprint_sqft": 151366.72671773288, "est_gross_sqft": 151366.72671773288, "est_white_space_sqft": 90820.03603063972, "best_power_mw": 17.255806845821549, "power_ci_low_mw": 8.1738032427575753, "power_ci_high_mw": 29.425691673927268, "power_tier": "C_area", "n_power_methods": 1.0, "est_annual_gwh": 158.71891136786658, "pdb_net_count": 5.0, "pdb_ix_count": 0.0, "pdb_carrier_count": 0.0, "clli": "NSCRCA11", "website": "https://www.ragingwire.com/", "source_list": "osm,peeringdb", "n_sources": 2 }, "geometry": { "type": "Polygon", "coordinates": [ [ [ -121.4996124, 38.6446654 ], [ -121.4996063, 38.643806 ], [ -121.497913, 38.6438134 ], [ -121.4979191, 38.6446726 ], [ -121.4996124, 38.6446654 ] ] ] } },
{ "type": "Feature", "properties": { "facility_id": "360-spear-961d6b", "name": "360 Spear", "operator": "Prudential Financial, Inc.", "operator_confidence": "unresolved", "facility_class": "colocation", "lat": 37.788991655677911, "lon": -122.39013668594596, "address": "360 Spear St.", "city": "San Francisco", "postcode": "94105", "utility": "PG&E", "utility_candidates": "CCSF,PG&E", "year_built": null, "building_levels_reported": 1.0, "building_levels_used": 1.0, "partial_occupancy": false, "footprint_sqft": 34599.982968092168, "est_gross_sqft": 34599.982968092168, "est_white_space_sqft": 20759.9897808553, "best_power_mw": 3.9443980583625069, "power_ci_low_mw": 1.8683990802769772, "power_ci_high_mw": 6.7262366889971172, "power_tier": "C_area", "n_power_methods": 1.0, "est_annual_gwh": 36.280573340818336, "pdb_net_count": 3.0, "pdb_ix_count": 0.0, "pdb_carrier_count": 0.0, "clli": null, "website": "http://www.pgimrealestate.com", "source_list": "osm,peeringdb", "n_sources": 2 }, "geometry": { "type": "Polygon", "coordinates": [ [ [ -122.3906265, 37.7891359 ], [ -122.3903153, 37.7893799 ], [ -122.3896469, 37.7888474 ], [ -122.389958, 37.7886034 ], [ -122.3906265, 37.7891359 ] ] ] } },
{ "type": "Feature", "properties": { "facility_id": "qts-sacramento-sac1-fcf61f", "name": "QTS Sacramento (SAC1)", "operator": "QTS", "operator_confidence": "alias", "facility_class": "wholesale", "lat": 38.646349324349828, "lon": -121.48622274438775, "address": "1100 North Market Blvd", "city": "Sacramento", "postcode": "95834", "utility": "SMUD", "utility_candidates": "SMUD", "year_built": null, "building_levels_reported": 1.0, "building_levels_used": 1.0, "partial_occupancy": false, "footprint_sqft": 90196.447075441218, "est_gross_sqft": 90196.447075441218, "est_white_space_sqft": 54117.868245264726, "best_power_mw": 11.364752331505592, "power_ci_low_mw": 5.682376165752796, "power_ci_high_mw": 19.482432568295302, "power_tier": "C_area", "n_power_methods": 1.0, "est_annual_gwh": 101.04855888034881, "pdb_net_count": 13.0, "pdb_ix_count": 1.0, "pdb_carrier_count": 1.0, "clli": null, "website": "http://www.qtsdatacenters.com/data-centers/sacramento", "source_list": "osm,peeringdb", "n_sources": 2 }, "geometry": { "type": "Polygon", "coordinates": [ [ [ -121.4857655, 38.646629 ], [ -121.4852948, 38.6466244 ], [ -121.4853066, 38.6461236 ], [ -121.4872423, 38.6461236 ], [ -121.4872423, 38.6465004 ], [ -121.48679, 38.6465004 ], [ -121.4867892, 38.6465785 ], [ -121.4857664, 38.6465722 ], [ -121.4857655, 38.646629 ] ] ] } },
{ "type": "Feature", "properties": { "facility_id": "equinix-sv15-34f355", "name": "Equinix SV15", "operator": "Equinix", "operator_confidence": "alias", "facility_class": "colocation", "lat": 37.37549515000001, "lon": -121.9884063, "address": "2960 Corvin Drive", "city": "Santa Clara", "postcode": "95051", "utility": "SVP", "utility_candidates": "PWRPA,SVP", "year_built": null, "building_levels_reported": 1.0, "building_levels_used": 1.0, "partial_occupancy": false, "footprint_sqft": 38211.964007752635, "est_gross_sqft": 38211.964007752635, "est_white_space_sqft": 22927.178404651579, "best_power_mw": 4.3561638968837997, "power_ci_low_mw": 2.0634460564186425, "power_ci_high_mw": 7.4284058031071121, "power_tier": "C_area", "n_power_methods": 1.0, "est_annual_gwh": 40.067995523537185, "pdb_net_count": null, "pdb_ix_count": null, "pdb_carrier_count": null, "clli": null, "website": "https://www.equinix.com/data-centers/americas-colocation/united-states-colocation/silicon-valley-data-centers/sv15", "source_list": "osm", "n_sources": 1 }, "geometry": { "type": "Polygon", "coordinates": [ [ [ -121.9886777, 37.3758281 ], [ -121.9881357, 37.3758285 ], [ -121.9881349, 37.3751622 ], [ -121.9886769, 37.3751618 ], [ -121.9886777, 37.3758281 ] ] ] } },
{ "type": "Feature", "properties": { "facility_id": "equinix-sv16-4fee5c", "name": "Equinix SV16", "operator": "Equinix", "operator_confidence": "alias", "facility_class": "colocation", "lat": 37.376118022833708, "lon": -121.98868795323642, "address": "2960 Corvin Drive", "city": "Santa Clara", "postcode": "95051", "utility": "SVP", "utility_candidates": "PWRPA,SVP", "year_built": null, "building_levels_reported": 1.0, "building_levels_used": 1.0, "partial_occupancy": false, "footprint_sqft": 26347.913881768331, "est_gross_sqft": 26347.913881768331, "est_white_space_sqft": 15808.748329060998, "best_power_mw": 3.0036621825215897, "power_ci_low_mw": 1.4227873496154899, "power_ci_high_mw": 5.1220344586157633, "power_tier": "C_area", "n_power_methods": 1.0, "est_annual_gwh": 27.627684754833584, "pdb_net_count": null, "pdb_ix_count": null, "pdb_carrier_count": null, "clli": null, "website": "https://www.equinix.com/data-centers/americas-colocation/united-states-colocation/silicon-valley-data-centers/sv16", "source_list": "osm", "n_sources": 1 }, "geometry": { "type": "Polygon", "coordinates": [ [ [ -121.9890528, 37.3762946 ], [ -121.9884428, 37.3763006 ], [ -121.9884414, 37.37621 ], [ -121.9882948, 37.3762115 ], [ -121.9882908, 37.3759554 ], [ -121.9890474, 37.375948 ], [ -121.9890528, 37.3762946 ] ] ] } },
{ "type": "Feature", "properties": { "facility_id": "equinix-sv17-3b6e78", "name": "Equinix SV17", "operator": "Equinix", "operator_confidence": "alias", "facility_class": "colocation", "lat": 37.37652899542374, "lon": -121.98858391312461, "address": "2960 Corvin Drive", "city": "Santa Clara", "postcode": "95051", "utility": "SVP", "utility_candidates": "PWRPA,SVP", "year_built": null, "building_levels_reported": 1.0, "building_levels_used": 1.0, "partial_occupancy": false, "footprint_sqft": 42360.669778364216, "est_gross_sqft": 42360.669778364216, "est_white_space_sqft": 25416.401867018529, "best_power_mw": 4.8291163547335199, "power_ci_low_mw": 2.287476168031668, "power_ci_high_mw": 8.2349142049140021, "power_tier": "C_area", "n_power_methods": 1.0, "est_annual_gwh": 44.418212230838918, "pdb_net_count": null, "pdb_ix_count": null, "pdb_carrier_count": null, "clli": null, "website": "https://www.equinix.com/data-centers/americas-colocation/united-states-colocation/silicon-valley-data-centers/sv17", "source_list": "osm", "n_sources": 1 }, "geometry": { "type": "Polygon", "coordinates": [ [ [ -121.988875, 37.3767522 ], [ -121.9881006, 37.3767559 ], [ -121.9880985, 37.3764826 ], [ -121.9881857, 37.3764822 ], [ -121.9881844, 37.37631 ], [ -121.9890638, 37.3763058 ], [ -121.9890665, 37.376672 ], [ -121.9888744, 37.3766729 ], [ -121.988875, 37.3767522 ] ] ] } },
{ "type": "Feature", "properties": { "facility_id": "equinix-sv14-58daf0", "name": "Equinix SV14", "operator": "Equinix", "operator_confidence": "alias", "facility_class": "colocation", "lat": 37.374962137960061, "lon": -121.98850932458727, "address": "2960 Corvin Drive", "city": "Santa Clara", "postcode": "95051", "utility": "SVP", "utility_candidates": "PWRPA,SVP", "year_built": null, "building_levels_reported": 1.0, "building_levels_used": 1.0, "partial_occupancy": false, "footprint_sqft": 20213.122951770634, "est_gross_sqft": 20213.122951770634, "est_white_space_sqft": 12127.873771062381, "best_power_mw": 2.3042960165018522, "power_ci_low_mw": 1.0915086393956142, "power_ci_high_mw": 3.9294311018242114, "power_tier": "C_area", "n_power_methods": 1.0, "est_annual_gwh": 21.194914759784034, "pdb_net_count": null, "pdb_ix_count": null, "pdb_carrier_count": null, "clli": null, "website": "https://www.equinix.com/data-centers/americas-colocation/united-states-colocation/silicon-valley-data-centers/sv14", "source_list": "osm", "n_sources": 1 }, "geometry": { "type": "Polygon", "coordinates": [ [ [ -121.9889102, 37.3751197 ], [ -121.9886162, 37.3751209 ], [ -121.9886157, 37.3750414 ], [ -121.9880395, 37.3750437 ], [ -121.9880383, 37.374851 ], [ -121.9889085, 37.3748476 ], [ -121.9889102, 37.3751197 ] ] ] } },
{ "type": "Feature", "properties": { "facility_id": "coresite-santa-clara-sv4-811c68", "name": "CoreSite - Santa Clara (SV4)", "operator": "CoreSite", "operator_confidence": "alias", "facility_class": "colocation", "lat": 37.376263105502233, "lon": -121.97068417340407, "address": "2972 Stender Way", "city": "Santa Clara", "postcode": "95054", "utility": "SVP", "utility_candidates": "PWRPA,SVP", "year_built": null, "building_levels_reported": 1.0, "building_levels_used": 1.0, "partial_occupancy": false, "footprint_sqft": 51928.298400606698, "est_gross_sqft": 51928.298400606698, "est_white_space_sqft": 31156.979040364018, "best_power_mw": 5.9198260176691635, "power_ci_low_mw": 2.8041281136327618, "power_ci_high_mw": 10.094861209077941, "power_tier": "C_area", "n_power_methods": 1.0, "est_annual_gwh": 54.45055971052097, "pdb_net_count": 21.0, "pdb_ix_count": 3.0, "pdb_carrier_count": 2.0, "clli": "SNTCCAQM", "website": "http://www.coresite.com", "source_list": "osm,peeringdb", "n_sources": 2 }, "geometry": { "type": "Polygon", "coordinates": [ [ [ -121.9709728, 37.3766922 ], [ -121.9703974, 37.3766916 ], [ -121.9704005, 37.3758305 ], [ -121.9709665, 37.3758334 ], [ -121.9709728, 37.3766922 ] ] ] } },
{ "type": "Feature", "properties": { "facility_id": "prime-santa-clara-0031f4", "name": "Prime Santa Clara", "operator": "Prime Data Centers", "operator_confidence": "alias", "facility_class": "wholesale", "lat": 37.375017216615134, "lon": -121.95324973328164, "address": "1111 Comstock Street", "city": null, "postcode": null, "utility": "SVP", "utility_candidates": "PWRPA,SVP", "year_built": null, "building_levels_reported": 1.0, "building_levels_used": 1.0, "partial_occupancy": false, "footprint_sqft": 30065.643058814374, "est_gross_sqft": 30065.643058814374, "est_white_space_sqft": 18039.385835288624, "best_power_mw": 3.7882710254106113, "power_ci_low_mw": 1.8941355127053057, "power_ci_high_mw": 6.494178900703905, "power_tier": "C_area", "n_power_methods": 1.0, "est_annual_gwh": 33.6830329953359, "pdb_net_count": null, "pdb_ix_count": null, "pdb_carrier_count": null, "clli": null, "website": "https://primedatacenters.com/santa-clara-data-centers/", "source_list": "osm", "n_sources": 1 }, "geometry": { "type": "Polygon", "coordinates": [ [ [ -121.9535168, 37.3752835 ], [ -121.9529842, 37.3752844 ], [ -121.9529826, 37.374751 ], [ -121.9535153, 37.37475 ], [ -121.9535168, 37.3752835 ] ] ] } },
{ "type": "Feature", "properties": { "facility_id": "digital-realty-sjc-1100-space-park-ae8df5", "name": "Digital Realty SJC (1100 Space Park)", "operator": "Digital Realty", "operator_confidence": "alias", "facility_class": "colocation", "lat": 37.375822905103178, "lon": -121.95333535904953, "address": "1100 Space Park", "city": "Santa Clara", "postcode": "95054", "utility": "SVP", "utility_candidates": "PWRPA,SVP", "year_built": null, "building_levels_reported": 3.0, "building_levels_used": 3.0, "partial_occupancy": false, "footprint_sqft": 57051.943126645005, "est_gross_sqft": 171155.82937993502, "est_white_space_sqft": 102693.49762796101, "best_power_mw": 13.665384615384614, "power_ci_low_mw": 4.235125, "power_ci_high_mw": 16.775909090909089, "power_tier": "B_generator", "n_power_methods": 2.0, "est_annual_gwh": 125.69420769230769, "pdb_net_count": 7.0, "pdb_ix_count": 1.0, "pdb_carrier_count": 1.0, "clli": null, "website": "https://www.digitalrealty.com", "source_list": "epa_nei,osm,peeringdb", "n_sources": 3 }, "geometry": { "type": "Polygon", "coordinates": [ [ [ -121.9528396, 37.3759221 ], [ -121.9528401, 37.3757095 ], [ -121.9528423, 37.3755491 ], [ -121.9538306, 37.3755524 ], [ -121.9538316, 37.375881 ], [ -121.9538317, 37.3759002 ], [ -121.9538322, 37.3760948 ], [ -121.9528402, 37.3760947 ], [ -121.9528401, 37.3760593 ], [ -121.95284, 37.376027 ], [ -121.9528396, 37.3759221 ] ] ] } },
{ "type": "Feature", "properties": { "facility_id": "colovore-70dcec", "name": "Colovore", "operator": "Colovore", "operator_confidence": "alias", "facility_class": "colocation", "lat": 37.376729466684381, "lon": -121.95314883054196, "address": null, "city": null, "postcode": null, "utility": "SVP", "utility_candidates": "PWRPA,SVP", "year_built": null, "building_levels_reported": 1.0, "building_levels_used": 1.0, "partial_occupancy": false, "footprint_sqft": 24161.698334489043, "est_gross_sqft": 24161.698334489043, "est_white_space_sqft": 14497.019000693426, "best_power_mw": 2.754433610131751, "power_ci_low_mw": 1.3047317100624083, "power_ci_high_mw": 4.69703415622467, "power_tier": "C_area", "n_power_methods": 1.0, "est_annual_gwh": 25.335280345991844, "pdb_net_count": null, "pdb_ix_count": null, "pdb_carrier_count": null, "clli": null, "website": null, "source_list": "osm", "n_sources": 1 }, "geometry": { "type": "Polygon", "coordinates": [ [ [ -121.9534795, 37.3769037 ], [ -121.9532706, 37.3769027 ], [ -121.9528237, 37.3769047 ], [ -121.9528271, 37.3766273 ], [ -121.9528056, 37.3766281 ], [ -121.9528058, 37.3765419 ], [ -121.9529087, 37.3765409 ], [ -121.9529066, 37.3765613 ], [ -121.9529318, 37.3765616 ], [ -121.9534622, 37.3765585 ], [ -121.9534821, 37.3765584 ], [ -121.9534795, 37.3769037 ] ] ] } },
{ "type": "Feature", "properties": { "facility_id": "digital-realty-sjc-3105-alfred-st-2cbcfe", "name": "Digital Realty SJC (3105 Alfred St)", "operator": "Digital Realty", "operator_confidence": "alias", "facility_class": "colocation", "lat": 37.378288974128971, "lon": -121.95810528698991, "address": "3105 Alfred Street", "city": "Santa Clara", "postcode": "95054", "utility": "SVP", "utility_candidates": "PWRPA,SVP", "year_built": null, "building_levels_reported": 1.0, "building_levels_used": 1.0, "partial_occupancy": false, "footprint_sqft": 48539.203584734649, "est_gross_sqft": 48539.203584734649, "est_white_space_sqft": 29123.522150840789, "best_power_mw": 17.85, "power_ci_low_mw": 4.889625, "power_ci_high_mw": 21.999545454545451, "power_tier": "B_generator", "n_power_methods": 2.0, "est_annual_gwh": 164.1843, "pdb_net_count": 2.0, "pdb_ix_count": 0.0, "pdb_carrier_count": 1.0, "clli": null, "website": "https://www.digitalrealty.com", "source_list": "epa_nei,osm,peeringdb", "n_sources": 3 }, "geometry": { "type": "Polygon", "coordinates": [ [ [ -121.9584291, 37.3786543 ], [ -121.957792, 37.3786539 ], [ -121.9577927, 37.3779205 ], [ -121.9584193, 37.3779209 ], [ -121.9584191, 37.3782157 ], [ -121.9583866, 37.3782157 ], [ -121.9583865, 37.3783414 ], [ -121.9584293, 37.3783415 ], [ -121.9584291, 37.3786543 ] ] ] } },
{ "type": "Feature", "properties": { "facility_id": "digital-realty-sjc-1201-comstock-st-2d0b5d", "name": "Digital Realty SJC (1201 Comstock St)", "operator": "Digital Realty", "operator_confidence": "alias", "facility_class": "colocation", "lat": 37.37499655, "lon": -121.9540769, "address": "1201 Comstock Street", "city": "Santa Clara", "postcode": "95054", "utility": "SVP", "utility_candidates": "PWRPA,SVP", "year_built": null, "building_levels_reported": 1.0, "building_levels_used": 1.0, "partial_occupancy": false, "footprint_sqft": 24616.004874272639, "est_gross_sqft": 24616.004874272639, "est_white_space_sqft": 14769.602924563584, "best_power_mw": 2.8062245556670811, "power_ci_low_mw": 1.3292642632107228, "power_ci_high_mw": 4.7853513475586018, "power_tier": "C_area", "n_power_methods": 1.0, "est_annual_gwh": 25.811653463025809, "pdb_net_count": 1.0, "pdb_ix_count": 1.0, "pdb_carrier_count": 1.0, "clli": null, "website": "https://www.digitalrealty.com", "source_list": "osm,peeringdb", "n_sources": 2 }, "geometry": { "type": "Polygon", "coordinates": [ [ [ -121.9543441, 37.3752142 ], [ -121.9538104, 37.3752148 ], [ -121.9538097, 37.3747789 ], [ -121.9543434, 37.3747783 ], [ -121.9543441, 37.3752142 ] ] ] } },
{ "type": "Feature", "properties": { "facility_id": "digital-realty-sjc-1525-comstock-st-4e8c03", "name": "Digital Realty SJC (1525 Comstock St)", "operator": "Digital Realty", "operator_confidence": "alias", "facility_class": "colocation", "lat": 37.374929096123942, "lon": -121.95598616989587, "address": "1525 Comstock Street", "city": "Santa Clara", "postcode": "95054", "utility": "SVP", "utility_candidates": "PWRPA,SVP", "year_built": null, "building_levels_reported": 1.0, "building_levels_used": 1.0, "partial_occupancy": false, "footprint_sqft": 42504.997131069329, "est_gross_sqft": 42504.997131069329, "est_white_space_sqft": 25502.998278641597, "best_power_mw": 8.2384615384615376, "power_ci_low_mw": 2.25675, "power_ci_high_mw": 10.153636363636362, "power_tier": "B_generator", "n_power_methods": 2.0, "est_annual_gwh": 75.777369230769224, "pdb_net_count": 2.0, "pdb_ix_count": 0.0, "pdb_carrier_count": 1.0, "clli": null, "website": "https://www.digitalrealty.com", "source_list": "epa_nei,osm,peeringdb", "n_sources": 3 }, "geometry": { "type": "Polygon", "coordinates": [ [ [ -121.9564445, 37.3751249 ], [ -121.9554556, 37.3751201 ], [ -121.9554585, 37.3747399 ], [ -121.9565418, 37.3747451 ], [ -121.9565397, 37.3750172 ], [ -121.9564453, 37.3750168 ], [ -121.9564445, 37.3751249 ] ] ] } },
{ "type": "Feature", "properties": { "facility_id": "digital-realty-sjc-1725-comstock-st-558a97", "name": "Digital Realty SJC (1725 Comstock St)", "operator": "Digital Realty", "operator_confidence": "alias", "facility_class": "colocation", "lat": 37.3750232, "lon": -121.9580962, "address": "1725 Comstock St", "city": "Santa Clara", "postcode": "95054", "utility": "SVP", "utility_candidates": "PWRPA,SVP", "year_built": null, "building_levels_reported": 1.0, "building_levels_used": 1.0, "partial_occupancy": false, "footprint_sqft": 40287.706272310024, "est_gross_sqft": 40287.706272310024, "est_white_space_sqft": 24172.623763386015, "best_power_mw": 6.865384615384615, "power_ci_low_mw": 1.880625, "power_ci_high_mw": 8.4613636363636342, "power_tier": "B_generator", "n_power_methods": 2.0, "est_annual_gwh": 63.147807692307687, "pdb_net_count": 0.0, "pdb_ix_count": 0.0, "pdb_carrier_count": 1.0, "clli": null, "website": "https://www.digitalrealty.com", "source_list": "epa_nei,osm,peeringdb", "n_sources": 3 }, "geometry": { "type": "Polygon", "coordinates": [ [ [ -121.9585021, 37.3752573 ], [ -121.957692, 37.3752591 ], [ -121.9576903, 37.3747891 ], [ -121.9585004, 37.3747873 ], [ -121.9585021, 37.3752573 ] ] ] } },
{ "type": "Feature", "properties": { "facility_id": "centersquare-silicon-valley-sfo4-a-ecad88", "name": "Centersquare Silicon Valley (SFO4-A)", "operator": "CenterSquare", "operator_confidence": "alias", "facility_class": "colocation", "lat": 37.37577706116415, "lon": -121.95519298722978, "address": "1500 Space Park Dr", "city": "Santa Clara", "postcode": "95054", "utility": "SVP", "utility_candidates": "PWRPA,SVP", "year_built": null, "building_levels_reported": 1.0, "building_levels_used": 1.0, "partial_occupancy": false, "footprint_sqft": 27286.788437893014, "est_gross_sqft": 27286.788437893014, "est_white_space_sqft": 16372.073062735808, "best_power_mw": 3.1106938819198038, "power_ci_low_mw": 1.4734865756462228, "power_ci_high_mw": 5.3045516723264017, "power_tier": "C_area", "n_power_methods": 1.0, "est_annual_gwh": 28.612162325898353, "pdb_net_count": 0.0, "pdb_ix_count": 0.0, "pdb_carrier_count": 0.0, "clli": null, "website": "https://centersquaredc.com/data-centers/silicon-valley", "source_list": "osm,peeringdb", "n_sources": 2 }, "geometry": { "type": "Polygon", "coordinates": [ [ [ -121.9554908, 37.3760318 ], [ -121.9553298, 37.3760302 ], [ -121.9553308, 37.3759694 ], [ -121.9548704, 37.3759646 ], [ -121.954877, 37.3755654 ], [ -121.9554984, 37.3755719 ], [ -121.9554908, 37.3760318 ] ] ] } },
{ "type": "Feature", "properties": { "facility_id": "prime-santa-clara-data-center-adb9b8", "name": "Prime SANTA CLARA DATA CENTER", "operator": "Prime Data Centers", "operator_confidence": "alias", "facility_class": "wholesale", "lat": 37.375026306104282, "lon": -121.95488070141616, "address": "1231 Comstock Street", "city": null, "postcode": null, "utility": "SVP", "utility_candidates": "PWRPA,SVP", "year_built": null, "building_levels_reported": 1.0, "building_levels_used": 1.0, "partial_occupancy": false, "footprint_sqft": 25825.78438381392, "est_gross_sqft": 25825.78438381392, "est_white_space_sqft": 15495.470630288351, "best_power_mw": 3.2540488323605539, "power_ci_low_mw": 1.6270244161802769, "power_ci_high_mw": 5.5783694269038069, "power_tier": "C_area", "n_power_methods": 1.0, "est_annual_gwh": 28.933049788050628, "pdb_net_count": null, "pdb_ix_count": null, "pdb_carrier_count": null, "clli": null, "website": "https://primedatacenters.com/santa-clara-data-centers/", "source_list": "osm", "n_sources": 1 }, "geometry": { "type": "Polygon", "coordinates": [ [ [ -121.9551325, 37.3752722 ], [ -121.9546853, 37.3752729 ], [ -121.9546852, 37.3752175 ], [ -121.9546238, 37.3752177 ], [ -121.9546226, 37.3747865 ], [ -121.9551313, 37.3747856 ], [ -121.9551325, 37.3752722 ] ] ] } },
{ "type": "Feature", "properties": { "facility_id": "digital-realty-sjc-3011-lafayette-st-6909de", "name": "Digital Realty SJC (3011 Lafayette St)", "operator": "Digital Realty", "operator_confidence": "alias", "facility_class": "colocation", "lat": 37.376341007159368, "lon": -121.9485310474556, "address": "3011 Lafayette Street", "city": "Santa Clara", "postcode": "95054", "utility": "SVP", "utility_candidates": "PWRPA,SVP", "year_built": null, "building_levels_reported": 1.0, "building_levels_used": 1.0, "partial_occupancy": false, "footprint_sqft": 44027.798335344633, "est_gross_sqft": 44027.798335344633, "est_white_space_sqft": 26416.67900120678, "best_power_mw": 5.0191690102292874, "power_ci_low_mw": 2.3775011101086103, "power_ci_high_mw": 8.559003996390997, "power_tier": "C_area", "n_power_methods": 1.0, "est_annual_gwh": 46.166316556088979, "pdb_net_count": 1.0, "pdb_ix_count": 0.0, "pdb_carrier_count": 0.0, "clli": null, "website": "https://www.digitalrealty.com", "source_list": "osm,peeringdb", "n_sources": 2 }, "geometry": { "type": "Polygon", "coordinates": [ [ [ -121.9487561, 37.3765814 ], [ -121.9481103, 37.3765802 ], [ -121.9479497, 37.3761521 ], [ -121.9491802, 37.3761549 ], [ -121.949178, 37.3763599 ], [ -121.9488976, 37.3763539 ], [ -121.9488991, 37.3764954 ], [ -121.9487584, 37.3764976 ], [ -121.9487561, 37.3765814 ] ] ] } },
{ "type": "Feature", "properties": { "facility_id": "digital-realty-sjc-2805-lafayette-e18de5", "name": "Digital Realty SJC (2805 Lafayette)", "operator": "Digital Realty", "operator_confidence": "alias", "facility_class": "colocation", "lat": 37.37224989720611, "lon": -121.94832893020245, "address": "2805 Lafayette St", "city": "Santa Clara", "postcode": "95050", "utility": "SVP", "utility_candidates": "PWRPA,SVP", "year_built": null, "building_levels_reported": 1.0, "building_levels_used": 1.0, "partial_occupancy": false, "footprint_sqft": 146597.46269590527, "est_gross_sqft": 146597.46269590527, "est_white_space_sqft": 87958.477617543162, "best_power_mw": 16.712110747333199, "power_ci_low_mw": 7.9162629855788849, "power_ci_high_mw": 28.498546748083985, "power_tier": "C_area", "n_power_methods": 1.0, "est_annual_gwh": 153.71799465397072, "pdb_net_count": 4.0, "pdb_ix_count": 1.0, "pdb_carrier_count": 1.0, "clli": "SNTECAHM", "website": "https://www.digitalrealty.com", "source_list": "osm,peeringdb", "n_sources": 2 }, "geometry": { "type": "Polygon", "coordinates": [ [ [ -121.9483445, 37.3726063 ], [ -121.9473326, 37.3725935 ], [ -121.9473425, 37.3720993 ], [ -121.9474458, 37.3721006 ], [ -121.9474497, 37.3719043 ], [ -121.9486012, 37.3719188 ], [ -121.9486042, 37.3717673 ], [ -121.9491479, 37.3717742 ], [ -121.9491471, 37.3718137 ], [ -121.9491925, 37.3718143 ], [ -121.9491754, 37.3726725 ], [ -121.949009, 37.3726704 ], [ -121.9490097, 37.3726394 ], [ -121.9488414, 37.3726373 ], [ -121.9488406, 37.3726753 ], [ -121.9483432, 37.372669 ], [ -121.9483445, 37.3726063 ] ] ] } },
{ "type": "Feature", "properties": { "facility_id": "unnamed-data-center-5d9199", "name": "Unnamed data center", "operator": null, "operator_confidence": "unresolved", "facility_class": "unknown", "lat": 37.379779111754331, "lon": -121.94991004387074, "address": "3205 Bassett Street", "city": "Santa Clara", "postcode": "95054", "utility": "SVP", "utility_candidates": "PWRPA,SVP", "year_built": null, "building_levels_reported": 1.0, "building_levels_used": 1.0, "partial_occupancy": false, "footprint_sqft": 18864.097038024418, "est_gross_sqft": 18864.097038024418, "est_white_space_sqft": 11318.45822281465, "best_power_mw": 2.1505070623347833, "power_ci_low_mw": 1.0186612400533186, "power_ci_high_mw": 3.8030019628657223, "power_tier": "C_area", "n_power_methods": 1.0, "est_annual_gwh": 19.121018494043494, "pdb_net_count": null, "pdb_ix_count": null, "pdb_carrier_count": null, "clli": null, "website": null, "source_list": "osm", "n_sources": 1 }, "geometry": { "type": "Polygon", "coordinates": [ [ [ -121.9500979, 37.3800327 ], [ -121.9498619, 37.3800369 ], [ -121.949709, 37.3798941 ], [ -121.949709, 37.3795425 ], [ -121.9500925, 37.3795489 ], [ -121.9500979, 37.3800327 ] ] ] } },
{ "type": "Feature", "properties": { "facility_id": "evocative-sjc11-afc016", "name": "Evocative SJC11", "operator": "Evocative", "operator_confidence": "alias", "facility_class": "unknown", "lat": 37.389539602194105, "lon": -121.96194604419046, "address": "2151 Mission College Blvd", "city": "Santa Clara", "postcode": "95054", "utility": "SVP", "utility_candidates": "PWRPA,SVP", "year_built": null, "building_levels_reported": 1.0, "building_levels_used": 1.0, "partial_occupancy": false, "footprint_sqft": 51418.058987925579, "est_gross_sqft": 51418.058987925579, "est_white_space_sqft": 30850.835392755347, "best_power_mw": 5.8616587246235161, "power_ci_low_mw": 2.7765751853479812, "power_ci_high_mw": 10.365880691965796, "power_tier": "C_area", "n_power_methods": 1.0, "est_annual_gwh": 52.118352384117529, "pdb_net_count": 9.0, "pdb_ix_count": 1.0, "pdb_carrier_count": 0.0, "clli": null, "website": "http://www.internap.com", "source_list": "osm,peeringdb", "n_sources": 2 }, "geometry": { "type": "Polygon", "coordinates": [ [ [ -121.9617967, 37.3899616 ], [ -121.9614393, 37.3893691 ], [ -121.9616248, 37.3892985 ], [ -121.9615997, 37.3892569 ], [ -121.961666, 37.3892317 ], [ -121.9618383, 37.3892775 ], [ -121.9618059, 37.389225 ], [ -121.962098, 37.3891113 ], [ -121.962212, 37.3892963 ], [ -121.9621687, 37.3893132 ], [ -121.9622375, 37.3894248 ], [ -121.9623348, 37.3894564 ], [ -121.9624404, 37.3896281 ], [ -121.9623922, 37.3897345 ], [ -121.9621665, 37.3898225 ], [ -121.9621333, 37.3897687 ], [ -121.9620635, 37.3899072 ], [ -121.9620045, 37.3899297 ], [ -121.9619813, 37.3898913 ], [ -121.9617967, 37.3899616 ] ] ] } },
{ "type": "Feature", "properties": { "facility_id": "dell-350-holger-way-481d56", "name": "Dell 350 Holger Way", "operator": "Dell 350 Holger Way", "operator_confidence": "unresolved", "facility_class": "unknown", "lat": 37.418407037231546, "lon": -121.94308461788361, "address": "400 Holger Way", "city": "San Jose", "postcode": "95134", "utility": "PG&E", "utility_candidates": "PG&E,PWRPA", "year_built": null, "building_levels_reported": 1.0, "building_levels_used": 1.0, "partial_occupancy": false, "footprint_sqft": 45282.292834439853, "est_gross_sqft": 45282.292834439853, "est_white_space_sqft": 27169.37570066391, "best_power_mw": 5.1621813831261427, "power_ci_low_mw": 2.445243813059752, "power_ci_high_mw": 9.1289102354230725, "power_tier": "C_area", "n_power_methods": 1.0, "est_annual_gwh": 45.899019549927779, "pdb_net_count": null, "pdb_ix_count": null, "pdb_carrier_count": null, "clli": null, "website": null, "source_list": "osm", "n_sources": 1 }, "geometry": { "type": "Polygon", "coordinates": [ [ [ -121.9428107, 37.418143 ], [ -121.9428119, 37.4181873 ], [ -121.9429294, 37.4181852 ], [ -121.9429286, 37.4181566 ], [ -121.9430978, 37.4181536 ], [ -121.9431009, 37.4182662 ], [ -121.9434293, 37.4182605 ], [ -121.9434287, 37.4182371 ], [ -121.9435749, 37.4182345 ], [ -121.9435755, 37.4182582 ], [ -121.9436494, 37.4182569 ], [ -121.9436589, 37.4186004 ], [ -121.9425875, 37.418619 ], [ -121.9425757, 37.4181909 ], [ -121.9426408, 37.4181898 ], [ -121.9426396, 37.418146 ], [ -121.9428107, 37.418143 ] ] ] } },
{ "type": "Feature", "properties": { "facility_id": "sv-colo-9b7cc1", "name": "SV Colo", "operator": "SV Colo", "operator_confidence": "alias", "facility_class": "colocation", "lat": 37.364310215820247, "lon": -121.95879926774862, "address": "Richard Avenue", "city": "Santa Clara", "postcode": null, "utility": "SVP", "utility_candidates": "PWRPA,SVP", "year_built": null, "building_levels_reported": 1.0, "building_levels_used": 1.0, "partial_occupancy": false, "footprint_sqft": 57709.871515342995, "est_gross_sqft": 57709.871515342995, "est_white_space_sqft": 34625.922909205794, "best_power_mw": 6.578925352749101, "power_ci_low_mw": 3.1163330618285219, "power_ci_high_mw": 11.218799022582678, "power_tier": "C_area", "n_power_methods": 1.0, "est_annual_gwh": 60.512955394586221, "pdb_net_count": null, "pdb_ix_count": null, "pdb_carrier_count": null, "clli": null, "website": "https://www.svcolo.com/index.html", "source_list": "osm", "n_sources": 1 }, "geometry": { "type": "Polygon", "coordinates": [ [ [ -121.9591924, 37.364652 ], [ -121.9583754, 37.3646459 ], [ -121.9583816, 37.3641207 ], [ -121.9585577, 37.364122 ], [ -121.9585602, 37.3639088 ], [ -121.9589542, 37.3639117 ], [ -121.9589532, 37.3639947 ], [ -121.9592002, 37.3639966 ], [ -121.9591924, 37.364652 ] ] ] } },
{ "type": "Feature", "properties": { "facility_id": "microsoft-5ac0d5", "name": "Microsoft", "operator": "Microsoft", "operator_confidence": "alias", "facility_class": "hyperscale", "lat": 37.362066207673969, "lon": -121.9464363556618, "address": "2055 Lafayette Street", "city": "Santa Clara", "postcode": null, "utility": "SVP", "utility_candidates": "PWRPA,SVP", "year_built": null, "building_levels_reported": 1.0, "building_levels_used": 1.0, "partial_occupancy": false, "footprint_sqft": 166656.0491102449, "est_gross_sqft": 166656.0491102449, "est_white_space_sqft": 99993.629466146944, "best_power_mw": 23.998471071875265, "power_ci_low_mw": 11.249283314941531, "power_ci_high_mw": 40.797400822187953, "power_tier": "C_area", "n_power_methods": 1.0, "est_annual_gwh": 206.02207445783475, "pdb_net_count": null, "pdb_ix_count": null, "pdb_carrier_count": null, "clli": null, "website": null, "source_list": "osm", "n_sources": 1 }, "geometry": { "type": "Polygon", "coordinates": [ [ [ -121.9463993, 37.3625423 ], [ -121.9456799, 37.3627329 ], [ -121.9452894, 37.3618017 ], [ -121.9460128, 37.3616101 ], [ -121.9460879, 37.3617892 ], [ -121.9472836, 37.3614724 ], [ -121.9476279, 37.3622935 ], [ -121.9468307, 37.3625047 ], [ -121.9465823, 37.3619125 ], [ -121.9461799, 37.3620191 ], [ -121.9463993, 37.3625423 ] ] ] } },
{ "type": "Feature", "properties": { "facility_id": "centersquare-silicon-valley-sfo3-7eff0b", "name": "Centersquare Silicon Valley (SFO3)", "operator": "CenterSquare", "operator_confidence": "alias", "facility_class": "colocation", "lat": 37.372103698238611, "lon": -121.98603139678364, "address": "1400 Kifer Road", "city": "Sunnyvale", "postcode": "94068", "utility": "PG&E", "utility_candidates": "PG&E,PWRPA", "year_built": null, "building_levels_reported": 1.0, "building_levels_used": 1.0, "partial_occupancy": false, "footprint_sqft": 71209.326437021358, "est_gross_sqft": 71209.326437021358, "est_white_space_sqft": 42725.595862212816, "best_power_mw": 8.117863213820435, "power_ci_low_mw": 3.845303627599153, "power_ci_high_mw": 13.843093059356953, "power_tier": "C_area", "n_power_methods": 1.0, "est_annual_gwh": 74.668105840720358, "pdb_net_count": 2.0, "pdb_ix_count": 0.0, "pdb_carrier_count": 1.0, "clli": null, "website": "https://centersquaredc.com/data-centers/silicon-valley", "source_list": "osm,peeringdb", "n_sources": 2 }, "geometry": { "type": "Polygon", "coordinates": [ [ [ -121.9863223, 37.372524 ], [ -121.9857339, 37.3725247 ], [ -121.9857336, 37.3723568 ], [ -121.9855566, 37.372357 ], [ -121.9855562, 37.3721459 ], [ -121.9857384, 37.3721456 ], [ -121.9857381, 37.3719757 ], [ -121.9855572, 37.3719759 ], [ -121.9855567, 37.3717134 ], [ -121.9857373, 37.3717132 ], [ -121.985737, 37.371584 ], [ -121.9860152, 37.3715836 ], [ -121.9860158, 37.3718409 ], [ -121.986524, 37.3718401 ], [ -121.9865252, 37.3723574 ], [ -121.986422, 37.3723575 ], [ -121.9864223, 37.3724668 ], [ -121.9863222, 37.3724669 ], [ -121.9863223, 37.372524 ] ] ] } },
{ "type": "Feature", "properties": { "facility_id": "digital-realty-sfo-200-paul-eb654d", "name": "Digital Realty SFO (200 Paul)", "operator": "Digital Realty", "operator_confidence": "alias", "facility_class": "colocation", "lat": 37.723601695884618, "lon": -122.39793596942165, "address": "200 Paul Ave", "city": "San Francisco", "postcode": "94110", "utility": "PG&E", "utility_candidates": "CCSF,PG&E", "year_built": null, "building_levels_reported": 1.0, "building_levels_used": 1.0, "partial_occupancy": false, "footprint_sqft": 104867.38231372111, "est_gross_sqft": 104867.38231372111, "est_white_space_sqft": 62920.429388232667, "best_power_mw": 31.580769230769228, "power_ci_low_mw": 8.650875, "power_ci_high_mw": 38.92227272727272, "power_tier": "B_generator", "n_power_methods": 2.0, "est_annual_gwh": 290.47991538461537, "pdb_net_count": 44.0, "pdb_ix_count": 2.0, "pdb_carrier_count": 2.0, "clli": "SNFCCA", "website": "https://www.digitalrealty.com", "source_list": "epa_nei,osm,peeringdb", "n_sources": 3 }, "geometry": { "type": "Polygon", "coordinates": [ [ [ -122.3982713, 37.7238817 ], [ -122.3981959, 37.7241793 ], [ -122.3982358, 37.724186 ], [ -122.3982056, 37.7242993 ], [ -122.3981014, 37.7242824 ], [ -122.3981063, 37.7242521 ], [ -122.397481, 37.7241486 ], [ -122.3975724, 37.7237714 ], [ -122.397447, 37.7237527 ], [ -122.3974392, 37.7237854 ], [ -122.3973845, 37.7237769 ], [ -122.3976478, 37.722955 ], [ -122.3983675, 37.7231245 ], [ -122.3983661, 37.7231289 ], [ -122.3985241, 37.7231662 ], [ -122.3982923, 37.7238842 ], [ -122.3982713, 37.7238817 ] ] ] } },
{ "type": "Feature", "properties": { "facility_id": "coresite-milpitas-sv2-ea7670", "name": "Coresite - Milpitas (SV2)", "operator": "CoreSite", "operator_confidence": "alias", "facility_class": "colocation", "lat": 37.405683105431123, "lon": -121.91624119411625, "address": "1656 McCarthy Blvd.", "city": "Milpitas", "postcode": "95035", "utility": "PG&E", "utility_candidates": "PG&E,PWRPA", "year_built": null, "building_levels_reported": 1.0, "building_levels_used": 1.0, "partial_occupancy": false, "footprint_sqft": 89940.012700585561, "est_gross_sqft": 89940.012700585561, "est_white_space_sqft": 53964.007620351338, "best_power_mw": 5.4923076923076923, "power_ci_low_mw": 1.5045, "power_ci_high_mw": 6.7690909090909086, "power_tier": "B_generator", "n_power_methods": 2.0, "est_annual_gwh": 50.518246153846157, "pdb_net_count": 6.0, "pdb_ix_count": 2.0, "pdb_carrier_count": 1.0, "clli": "MLPSCASD", "website": "http://www.coresite.com", "source_list": "epa_nei,osm,peeringdb", "n_sources": 3 }, "geometry": { "type": "Polygon", "coordinates": [ [ [ -121.9158256, 37.4062039 ], [ -121.9170462, 37.4057135 ], [ -121.9168663, 37.405431 ], [ -121.9167923, 37.4054607 ], [ -121.9166056, 37.4051675 ], [ -121.9156202, 37.4055634 ], [ -121.9156357, 37.4055877 ], [ -121.9154745, 37.4056525 ], [ -121.9158256, 37.4062039 ] ] ] } },
{ "type": "Feature", "properties": { "facility_id": "digital-realty-sjc-2220-de-la-cruz-blvd-e3e377", "name": "Digital Realty SJC (2220 De La Cruz Blvd)", "operator": "Digital Realty", "operator_confidence": "alias", "facility_class": "colocation", "lat": 37.361686592959117, "lon": -121.94391135081642, "address": "2220 De La Cruz Blvd", "city": "Santa Clara", "postcode": "95050", "utility": "SVP", "utility_candidates": "PWRPA,SVP", "year_built": null, "building_levels_reported": 1.0, "building_levels_used": 1.0, "partial_occupancy": false, "footprint_sqft": 297948.47165577504, "est_gross_sqft": 297948.47165577504, "est_white_space_sqft": 178769.08299346501, "best_power_mw": 33.966125768758346, "power_ci_low_mw": 16.089217469411849, "power_ci_high_mw": 57.921182889882658, "power_tier": "C_area", "n_power_methods": 1.0, "est_annual_gwh": 312.42042482103921, "pdb_net_count": 2.0, "pdb_ix_count": 0.0, "pdb_carrier_count": 1.0, "clli": null, "website": "https://www.digitalrealty.com", "source_list": "osm,peeringdb", "n_sources": 2 }, "geometry": { "type": "Polygon", "coordinates": [ [ [ -121.9451097, 37.362911 ], [ -121.9446405, 37.3620343 ], [ -121.9445824, 37.362054 ], [ -121.9440417, 37.3610433 ], [ -121.9440846, 37.3610177 ], [ -121.9436186, 37.3601465 ], [ -121.9429428, 37.3603749 ], [ -121.9429666, 37.3604193 ], [ -121.942847, 37.3604597 ], [ -121.9429499, 37.3606518 ], [ -121.9428862, 37.3606734 ], [ -121.9434022, 37.3616365 ], [ -121.9433045, 37.3616696 ], [ -121.9431583, 37.3617186 ], [ -121.943348, 37.3620738 ], [ -121.9435914, 37.3619913 ], [ -121.9441226, 37.3629825 ], [ -121.9441769, 37.3629641 ], [ -121.9442659, 37.3631304 ], [ -121.944381, 37.3630914 ], [ -121.9444109, 37.3631473 ], [ -121.9451097, 37.362911 ] ] ] } },
{ "type": "Feature", "properties": { "facility_id": "qes-computers-9f42e3", "name": "QES Computers", "operator": "QES Computers", "operator_confidence": "unresolved", "facility_class": "unknown", "lat": 37.6994753, "lon": -121.9037995, "address": null, "city": null, "postcode": null, "utility": "PG&E", "utility_candidates": "PG&E", "year_built": null, "building_levels_reported": 1.0, "building_levels_used": 1.0, "partial_occupancy": false, "footprint_sqft": 941.00604158623923, "est_gross_sqft": 941.00604158623923, "est_white_space_sqft": 564.60362495174354, "best_power_mw": 0.10727468874083128, "power_ci_low_mw": 0.050814326245656918, "power_ci_high_mw": 0.18970681798378586, "power_tier": "C_area", "n_power_methods": 1.0, "est_annual_gwh": 0.95382216747022719, "pdb_net_count": null, "pdb_ix_count": null, "pdb_carrier_count": null, "clli": null, "website": null, "source_list": "osm", "n_sources": 1 }, "geometry": { "type": "Polygon", "coordinates": [ [ [ -121.9039052, 37.6994553 ], [ -121.9039044, 37.6994977 ], [ -121.9036938, 37.6994953 ], [ -121.9036946, 37.6994529 ], [ -121.9039052, 37.6994553 ] ] ] } },
{ "type": "Feature", "properties": { "facility_id": "digital-realty-oak-720-2nd-st-f65d1c", "name": "Digital Realty OAK (720 2nd St)", "operator": "Digital Realty", "operator_confidence": "alias", "facility_class": "colocation", "lat": 37.799014578620628, "lon": -122.28254035884427, "address": "720 2nd St", "city": "Oakland", "postcode": "94607", "utility": "PG&E", "utility_candidates": "PG&E", "year_built": null, "building_levels_reported": 4.0, "building_levels_used": 3.0, "partial_occupancy": true, "footprint_sqft": 32073.82417397642, "est_gross_sqft": 96221.47252192926, "est_white_space_sqft": 57732.883513157554, "best_power_mw": 10.190032769230768, "power_ci_low_mw": 3.0088963, "power_ci_high_mw": 12.529584181818178, "power_tier": "B_generator", "n_power_methods": 2.0, "est_annual_gwh": 93.727921411384614, "pdb_net_count": 6.0, "pdb_ix_count": 1.0, "pdb_carrier_count": 1.0, "clli": null, "website": "https://www.digitalrealty.com", "source_list": "epa_nei,osm,peeringdb", "n_sources": 3 }, "geometry": { "type": "Polygon", "coordinates": [ [ [ -122.2820636, 37.7990434 ], [ -122.2827759, 37.7993216 ], [ -122.2829889, 37.7989811 ], [ -122.2830137, 37.7989416 ], [ -122.282778, 37.7988491 ], [ -122.2827443, 37.7989025 ], [ -122.282689, 37.7988808 ], [ -122.2822646, 37.7987193 ], [ -122.2820636, 37.7990434 ] ] ] } },
{ "type": "Feature", "properties": { "facility_id": "hurricane-electric-fremont-1-c1ceae", "name": "Hurricane Electric Fremont 1", "operator": "Hurricane Electric", "operator_confidence": "alias", "facility_class": "colocation", "lat": 37.489864620063422, "lon": -121.93101655267861, "address": "760 Mission Ct", "city": "Fremont", "postcode": "94539", "utility": "PG&E", "utility_candidates": "PG&E", "year_built": null, "building_levels_reported": 2.0, "building_levels_used": 2.0, "partial_occupancy": false, "footprint_sqft": 33640.05008579429, "est_gross_sqft": 67280.10017158858, "est_white_space_sqft": 40368.060102953146, "best_power_mw": 7.669931419561097, "power_ci_low_mw": 3.6331254092657836, "power_ci_high_mw": 13.079251473356818, "power_tier": "C_area", "n_power_methods": 1.0, "est_annual_gwh": 70.548029197122972, "pdb_net_count": 41.0, "pdb_ix_count": 3.0, "pdb_carrier_count": 0.0, "clli": "FRMTCA", "website": "http://he.net/colocation.html", "source_list": "osm,peeringdb", "n_sources": 2 }, "geometry": { "type": "Polygon", "coordinates": [ [ [ -121.9314638, 37.4898833 ], [ -121.9311408, 37.4895469 ], [ -121.9310558, 37.4895958 ], [ -121.9310069, 37.4896239 ], [ -121.9309897, 37.4896105 ], [ -121.9309741, 37.4895982 ], [ -121.9309322, 37.4895654 ], [ -121.9308528, 37.489628 ], [ -121.9307925, 37.4896756 ], [ -121.9307712, 37.4896925 ], [ -121.9305839, 37.4898402 ], [ -121.9309535, 37.4902227 ], [ -121.9311524, 37.4901011 ], [ -121.9311369, 37.4900842 ], [ -121.9311512, 37.4900754 ], [ -121.9312779, 37.4899976 ], [ -121.9314414, 37.489897 ], [ -121.9314638, 37.4898833 ] ] ] } },
{ "type": "Feature", "properties": { "facility_id": "xo-fremont-1b8ecb", "name": "XO Fremont", "operator": "XO", "operator_confidence": "unresolved", "facility_class": "unknown", "lat": 37.475337207615723, "lon": -121.92211346344415, "address": "47913;47923;47963 Warm Springs Boulevard", "city": null, "postcode": null, "utility": "PG&E", "utility_candidates": "PG&E", "year_built": null, "building_levels_reported": 1.0, "building_levels_used": 1.0, "partial_occupancy": false, "footprint_sqft": 65815.367440546179, "est_gross_sqft": 65815.367440546179, "est_white_space_sqft": 39489.220464327707, "best_power_mw": 7.5029518882222641, "power_ci_low_mw": 3.554029841789494, "power_ci_high_mw": 13.268378076014109, "power_tier": "C_area", "n_power_methods": 1.0, "est_annual_gwh": 66.711746418939441, "pdb_net_count": null, "pdb_ix_count": null, "pdb_carrier_count": null, "clli": null, "website": null, "source_list": "osm", "n_sources": 1 }, "geometry": { "type": "Polygon", "coordinates": [ [ [ -121.9226692, 37.4756542 ], [ -121.9221653, 37.4758395 ], [ -121.922129, 37.4757772 ], [ -121.922012, 37.4757468 ], [ -121.9219657, 37.4757645 ], [ -121.9217617, 37.4754152 ], [ -121.9217986, 37.4754016 ], [ -121.9216825, 37.4752028 ], [ -121.9216456, 37.4752164 ], [ -121.9215444, 37.4750431 ], [ -121.9221767, 37.4748106 ], [ -121.9226692, 37.4756542 ] ] ] } },
{ "type": "Feature", "properties": { "facility_id": "hurricane-electric-fremont-2-a085c4", "name": "Hurricane Electric Fremont 2", "operator": "Hurricane Electric", "operator_confidence": "alias", "facility_class": "colocation", "lat": 37.471827239361431, "lon": -121.92031059840465, "address": "48233 Warm Springs Blvd", "city": "Fremont", "postcode": "94539-7654", "utility": "PG&E", "utility_candidates": "PG&E", "year_built": null, "building_levels_reported": 2.0, "building_levels_used": 2.0, "partial_occupancy": false, "footprint_sqft": 181268.62725135472, "est_gross_sqft": 362537.25450270943, "est_white_space_sqft": 217522.35270162564, "best_power_mw": 41.329247013308873, "power_ci_low_mw": 19.577011743146311, "power_ci_high_mw": 70.477242275326716, "power_tier": "C_area", "n_power_methods": 1.0, "est_annual_gwh": 380.14641402841499, "pdb_net_count": 302.0, "pdb_ix_count": 13.0, "pdb_carrier_count": 2.0, "clli": "FRMTCA", "website": "https://he.net", "source_list": "osm,peeringdb", "n_sources": 2 }, "geometry": { "type": "Polygon", "coordinates": [ [ [ -121.9211001, 37.4724053 ], [ -121.9202187, 37.4727182 ], [ -121.9198802, 37.4721177 ], [ -121.9198473, 37.4721294 ], [ -121.9196764, 37.4718264 ], [ -121.9195696, 37.4717797 ], [ -121.9196103, 37.4717136 ], [ -121.919562, 37.4716232 ], [ -121.9195949, 37.4716115 ], [ -121.9194248, 37.4713096 ], [ -121.9204382, 37.4709499 ], [ -121.9206677, 37.4713572 ], [ -121.9205358, 37.471404 ], [ -121.9205643, 37.4714547 ], [ -121.9207895, 37.4713747 ], [ -121.9208407, 37.4714654 ], [ -121.9206154, 37.4715454 ], [ -121.920648, 37.4716032 ], [ -121.9208143, 37.4715441 ], [ -121.9209865, 37.4718497 ], [ -121.9208202, 37.4719087 ], [ -121.9208474, 37.4719569 ], [ -121.9210141, 37.4718978 ], [ -121.9211566, 37.4721506 ], [ -121.9209899, 37.4722098 ], [ -121.9211001, 37.4724053 ] ] ] } },
{ "type": "Feature", "properties": { "facility_id": "equinix-sv6-silicon-valley-sunnyvale-300fba", "name": "Equinix SV6 - Silicon Valley, Sunnyvale", "operator": "Equinix", "operator_confidence": "alias", "facility_class": "colocation", "lat": 37.399601739545147, "lon": -122.01456250829585, "address": "444 Toyama Dr", "city": "Sunnyvale", "postcode": "94089", "utility": "PG&E", "utility_candidates": "PG&E,PWRPA", "year_built": null, "building_levels_reported": 1.0, "building_levels_used": 1.0, "partial_occupancy": false, "footprint_sqft": 21678.973378652659, "est_gross_sqft": 21678.973378652659, "est_white_space_sqft": 13007.384027191596, "best_power_mw": 5.4923076923076923, "power_ci_low_mw": 1.5045, "power_ci_high_mw": 6.7690909090909086, "power_tier": "B_generator", "n_power_methods": 2.0, "est_annual_gwh": 50.518246153846157, "pdb_net_count": 8.0, "pdb_ix_count": 2.0, "pdb_carrier_count": 0.0, "clli": "SNVBCA", "website": "https://www.equinix.com/locations/americas-colocation/united-states-colocation/silicon-valley-data-centers/sv6/", "source_list": "epa_nei,osm,peeringdb", "n_sources": 3 }, "geometry": { "type": "Polygon", "coordinates": [ [ [ -122.0146965, 37.3998986 ], [ -122.0145235, 37.3998603 ], [ -122.0145309, 37.3998393 ], [ -122.014437, 37.3998186 ], [ -122.0144302, 37.3998097 ], [ -122.0144325, 37.3997911 ], [ -122.0144511, 37.3997379 ], [ -122.0143794, 37.399722 ], [ -122.0143942, 37.3996796 ], [ -122.0142524, 37.3996482 ], [ -122.0143554, 37.3993545 ], [ -122.0147352, 37.3994386 ], [ -122.0147506, 37.3993947 ], [ -122.0148644, 37.3994199 ], [ -122.0146965, 37.3998986 ] ] ] } },
{ "type": "Feature", "properties": { "facility_id": "equinix-la7-los-angeles-9de8e8", "name": "Equinix LA7 - Los Angeles", "operator": "Equinix", "operator_confidence": "alias", "facility_class": "colocation", "lat": 33.850752397934286, "lon": -118.30408149821677, "address": "1501 Francisco Street Torrance", "city": "Los Angeles", "postcode": "90501", "utility": "LADWP", "utility_candidates": "LADWP,Metropolitan Water District of So. Cal", "year_built": null, "building_levels_reported": 1.0, "building_levels_used": 1.0, "partial_occupancy": false, "footprint_sqft": 107778.68299972669, "est_gross_sqft": 107778.68299972669, "est_white_space_sqft": 64667.209799836011, "best_power_mw": 12.286769861968841, "power_ci_low_mw": 5.8200488819852403, "power_ci_high_mw": 20.952175975146869, "power_tier": "C_area", "n_power_methods": 1.0, "est_annual_gwh": 113.01370919038939, "pdb_net_count": 2.0, "pdb_ix_count": 1.0, "pdb_carrier_count": 1.0, "clli": null, "website": "https://www.equinix.com/locations/americas-colocation/united-states-colocation/los-angeles-data-centers/la7/", "source_list": "osm,peeringdb", "n_sources": 2 }, "geometry": { "type": "Polygon", "coordinates": [ [ [ -118.3036797, 33.8501449 ], [ -118.3041962, 33.8501446 ], [ -118.3044823, 33.8501445 ], [ -118.3044832, 33.85136 ], [ -118.3044321, 33.85136 ], [ -118.3043534, 33.85136 ], [ -118.3036808, 33.8513604 ], [ -118.3036797, 33.8501449 ] ] ] } },
{ "type": "Feature", "properties": { "facility_id": "serverfarm-lax1-los-angeles-428cbe", "name": "Serverfarm LAX1 Los Angeles", "operator": "Serverfarm", "operator_confidence": "alias", "facility_class": "colocation", "lat": 33.921741674899103, "lon": -118.38643608713512, "address": "444 North Nash Street", "city": "El Segundo", "postcode": "90245", "utility": "SCE", "utility_candidates": "Metropolitan Water District of So. Cal,SCE", "year_built": 1973.0, "building_levels_reported": 1.0, "building_levels_used": 1.0, "partial_occupancy": false, "footprint_sqft": 119102.55366005693, "est_gross_sqft": 119102.55366005693, "est_white_space_sqft": 71461.532196034153, "best_power_mw": 7.1461532196034154, "power_ci_low_mw": 3.2157689488215371, "power_ci_high_mw": 12.863075795286148, "power_tier": "C_area", "n_power_methods": 1.0, "est_annual_gwh": 81.067391353825059, "pdb_net_count": 4.0, "pdb_ix_count": 0.0, "pdb_carrier_count": 1.0, "clli": null, "website": "https://www.serverfarmllc.com/los-angeles-data-center/", "source_list": "osm,peeringdb", "n_sources": 2 }, "geometry": { "type": "Polygon", "coordinates": [ [ [ -118.3857394, 33.9221552 ], [ -118.3857344, 33.9216297 ], [ -118.385841, 33.921629 ], [ -118.3858382, 33.9213349 ], [ -118.3862358, 33.9213323 ], [ -118.3869336, 33.9213277 ], [ -118.3869337, 33.9213436 ], [ -118.3869345, 33.9214227 ], [ -118.3870731, 33.9214218 ], [ -118.3871785, 33.9214211 ], [ -118.3871833, 33.9219316 ], [ -118.387013, 33.9219327 ], [ -118.3869409, 33.9219331 ], [ -118.3869429, 33.9221474 ], [ -118.3857394, 33.9221552 ] ] ] } },
{ "type": "Feature", "properties": { "facility_id": "digital-realty-lax-2260-e-el-segundo-2a4c1e", "name": "Digital Realty LAX (2260 E El Segundo)", "operator": "Digital Realty", "operator_confidence": "alias", "facility_class": "colocation", "lat": 33.915648897084665, "lon": -118.38463005044814, "address": "2260 E El Segundo Blvd", "city": "El Segundo", "postcode": "90245", "utility": "SCE", "utility_candidates": "Metropolitan Water District of So. Cal,SCE", "year_built": 1979.0, "building_levels_reported": 1.0, "building_levels_used": 1.0, "partial_occupancy": false, "footprint_sqft": 113311.08763014759, "est_gross_sqft": 113311.08763014759, "est_white_space_sqft": 67986.652578088557, "best_power_mw": 6.7986652578088558, "power_ci_low_mw": 3.0593993660139853, "power_ci_high_mw": 12.237597464055941, "power_tier": "C_area", "n_power_methods": 1.0, "est_annual_gwh": 77.125418417635231, "pdb_net_count": 8.0, "pdb_ix_count": 1.0, "pdb_carrier_count": 1.0, "clli": null, "website": "https://www.digitalrealty.com", "source_list": "osm,peeringdb", "n_sources": 2 }, "geometry": { "type": "Polygon", "coordinates": [ [ [ -118.3843323, 33.9159438 ], [ -118.3842013, 33.915944 ], [ -118.3842014, 33.9160097 ], [ -118.384032, 33.9160098 ], [ -118.3840315, 33.9157895 ], [ -118.3839968, 33.9157895 ], [ -118.3839957, 33.9152103 ], [ -118.3842205, 33.91521 ], [ -118.3842205, 33.9152385 ], [ -118.3852402, 33.9152372 ], [ -118.3852415, 33.9159446 ], [ -118.3851579, 33.9159447 ], [ -118.3851581, 33.9161076 ], [ -118.3843326, 33.9161086 ], [ -118.3843323, 33.9159438 ] ] ] } },
{ "type": "Feature", "properties": { "facility_id": "digital-realty-lax-600-w-7th-1ee703", "name": "Digital Realty LAX (600 W 7th)", "operator": "Digital Realty", "operator_confidence": "alias", "facility_class": "colocation", "lat": 34.047325745573978, "lon": -118.25751427762594, "address": "600 West 7th Street", "city": "Los Angeles", "postcode": "90017", "utility": "LADWP", "utility_candidates": "LADWP,Metropolitan Water District of So. Cal", "year_built": null, "building_levels_reported": 7.0, "building_levels_used": 3.0, "partial_occupancy": true, "footprint_sqft": 66979.677949590769, "est_gross_sqft": 200939.03384877229, "est_white_space_sqft": 120563.42030926337, "best_power_mw": 22.90704985876004, "power_ci_low_mw": 3.6169026092779015, "power_ci_high_mw": 39.062548180201333, "power_tier": "C_area", "n_power_methods": 1.0, "est_annual_gwh": 210.69904460087483, "pdb_net_count": 51.0, "pdb_ix_count": 1.0, "pdb_carrier_count": 1.0, "clli": "LSANCA", "website": "https://www.digitalrealty.com", "source_list": "osm,peeringdb", "n_sources": 2 }, "geometry": { "type": "Polygon", "coordinates": [ [ [ -118.257695, 34.0470976 ], [ -118.257698, 34.0470992 ], [ -118.257718, 34.0470776 ], [ -118.258153, 34.0473573 ], [ -118.258124, 34.0473883 ], [ -118.258129, 34.0473915 ], [ -118.258116, 34.0474047 ], [ -118.258114, 34.0474029 ], [ -118.258085, 34.0474332 ], [ -118.258087, 34.0474345 ], [ -118.258075, 34.0474478 ], [ -118.258072, 34.0474461 ], [ -118.258068, 34.0474501 ], [ -118.258077, 34.0474558 ], [ -118.258013, 34.0475243 ], [ -118.258007, 34.0475202 ], [ -118.257951, 34.0475794 ], [ -118.257944, 34.0475748 ], [ -118.257904, 34.047617 ], [ -118.257908, 34.0476194 ], [ -118.257905, 34.0476226 ], [ -118.257907, 34.0476238 ], [ -118.257897, 34.0476345 ], [ -118.257895, 34.0476333 ], [ -118.257891, 34.0476374 ], [ -118.257888, 34.047635 ], [ -118.257875, 34.0476484 ], [ -118.257889, 34.047657 ], [ -118.257865, 34.0476819 ], [ -118.257851, 34.0476726 ], [ -118.25784, 34.0476845 ], [ -118.257845, 34.0476876 ], [ -118.257841, 34.0476916 ], [ -118.257843, 34.0476927 ], [ -118.257833, 34.0477028 ], [ -118.257831, 34.0477015 ], [ -118.257828, 34.047705 ], [ -118.257824, 34.0477026 ], [ -118.257792, 34.0477364 ], [ -118.257797, 34.0477395 ], [ -118.25779, 34.0477475 ], [ -118.257792, 34.047749 ], [ -118.257725, 34.047821 ], [ -118.257711, 34.047812 ], [ -118.257712, 34.0478111 ], [ -118.257706, 34.0478077 ], [ -118.257709, 34.0478046 ], [ -118.257697, 34.0477965 ], [ -118.257694, 34.0477994 ], [ -118.257688, 34.0477956 ], [ -118.257691, 34.0477932 ], [ -118.257679, 34.0477854 ], [ -118.257676, 34.0477882 ], [ -118.25767, 34.0477844 ], [ -118.257674, 34.0477809 ], [ -118.257662, 34.0477731 ], [ -118.25766, 34.0477748 ], [ -118.257632, 34.0477567 ], [ -118.257635, 34.0477534 ], [ -118.257625, 34.0477464 ], [ -118.257621, 34.0477498 ], [ -118.257617, 34.0477468 ], [ -118.25762, 34.0477439 ], [ -118.257609, 34.0477372 ], [ -118.257607, 34.0477401 ], [ -118.257602, 34.0477373 ], [ -118.257606, 34.0477338 ], [ -118.257594, 34.0477264 ], [ -118.257591, 34.0477294 ], [ -118.257588, 34.0477273 ], [ -118.257587, 34.0477288 ], [ -118.257569, 34.0477174 ], [ -118.257562, 34.0477248 ], [ -118.257521, 34.0476978 ], [ -118.257528, 34.0476905 ], [ -118.257508, 34.0476773 ], [ -118.257511, 34.0476734 ], [ -118.257501, 34.0476666 ], [ -118.257498, 34.04767 ], [ -118.257493, 34.0476671 ], [ -118.257496, 34.047664 ], [ -118.257485, 34.047657 ], [ -118.257483, 34.04766 ], [ -118.257478, 34.0476572 ], [ -118.257481, 34.0476542 ], [ -118.25747, 34.0476473 ], [ -118.257465, 34.0476525 ], [ -118.257439, 34.0476354 ], [ -118.257442, 34.0476324 ], [ -118.257426, 34.0476225 ], [ -118.257424, 34.0476252 ], [ -118.257417, 34.0476205 ], [ -118.257419, 34.0476176 ], [ -118.257404, 34.0476079 ], [ -118.257401, 34.0476118 ], [ -118.257382, 34.0475995 ], [ -118.257384, 34.0475973 ], [ -118.257368, 34.0475871 ], [ -118.257366, 34.0475894 ], [ -118.257361, 34.047586 ], [ -118.257363, 34.0475835 ], [ -118.257347, 34.0475729 ], [ -118.257345, 34.0475755 ], [ -118.257326, 34.0475631 ], [ -118.257328, 34.0475612 ], [ -118.257312, 34.0475512 ], [ -118.257311, 34.047553 ], [ -118.257303, 34.0475481 ], [ -118.257305, 34.0475458 ], [ -118.257292, 34.0475371 ], [ -118.25729, 34.0475394 ], [ -118.257282, 34.0475347 ], [ -118.257284, 34.0475327 ], [ -118.257271, 34.0475239 ], [ -118.257268, 34.0475265 ], [ -118.257248, 34.0475134 ], [ -118.25725, 34.0475113 ], [ -118.257234, 34.0475009 ], [ -118.257232, 34.047503 ], [ -118.257227, 34.0474996 ], [ -118.257228, 34.0474976 ], [ -118.257212, 34.0474872 ], [ -118.257211, 34.047489 ], [ -118.257193, 34.0474773 ], [ -118.257196, 34.0474736 ], [ -118.25718, 34.0474632 ], [ -118.257177, 34.0474667 ], [ -118.257171, 34.047463 ], [ -118.257174, 34.0474599 ], [ -118.257158, 34.0474497 ], [ -118.257155, 34.0474528 ], [ -118.257133, 34.0474383 ], [ -118.257135, 34.047436 ], [ -118.257131, 34.0474336 ], [ -118.257134, 34.0474311 ], [ -118.257123, 34.0474242 ], [ -118.25712, 34.0474272 ], [ -118.257116, 34.0474244 ], [ -118.257119, 34.0474212 ], [ -118.257108, 34.0474145 ], [ -118.257105, 34.0474175 ], [ -118.257101, 34.0474149 ], [ -118.257105, 34.0474115 ], [ -118.257093, 34.0474037 ], [ -118.257089, 34.0474074 ], [ -118.257069, 34.0473944 ], [ -118.257062, 34.0474022 ], [ -118.257021, 34.0473755 ], [ -118.257027, 34.0473684 ], [ -118.257006, 34.0473545 ], [ -118.25701, 34.0473503 ], [ -118.256999, 34.047343 ], [ -118.256995, 34.0473465 ], [ -118.256991, 34.047344 ], [ -118.256994, 34.0473408 ], [ -118.256984, 34.0473342 ], [ -118.256982, 34.0473371 ], [ -118.256976, 34.0473335 ], [ -118.256979, 34.0473308 ], [ -118.256968, 34.0473241 ], [ -118.256964, 34.0473289 ], [ -118.256936, 34.0473108 ], [ -118.256939, 34.0473075 ], [ -118.256927, 34.0472999 ], [ -118.256924, 34.0473032 ], [ -118.256918, 34.0472993 ], [ -118.256921, 34.0472965 ], [ -118.256909, 34.0472888 ], [ -118.256906, 34.0472924 ], [ -118.2569, 34.0472883 ], [ -118.256903, 34.0472847 ], [ -118.256891, 34.0472773 ], [ -118.256888, 34.0472807 ], [ -118.256883, 34.0472779 ], [ -118.256882, 34.0472797 ], [ -118.256867, 34.04727 ], [ -118.25688, 34.0472564 ], [ -118.256884, 34.047259 ], [ -118.256897, 34.0472454 ], [ -118.256893, 34.047243 ], [ -118.256899, 34.0472373 ], [ -118.256903, 34.0472403 ], [ -118.256912, 34.0472308 ], [ -118.256908, 34.0472282 ], [ -118.256915, 34.0472207 ], [ -118.256919, 34.0472228 ], [ -118.256926, 34.0472151 ], [ -118.256922, 34.0472127 ], [ -118.256943, 34.0471902 ], [ -118.256949, 34.0471937 ], [ -118.256957, 34.0471847 ], [ -118.256954, 34.0471828 ], [ -118.256959, 34.047178 ], [ -118.256962, 34.0471801 ], [ -118.256969, 34.0471722 ], [ -118.256967, 34.0471704 ], [ -118.25697, 34.0471671 ], [ -118.256972, 34.0471687 ], [ -118.256981, 34.0471594 ], [ -118.256977, 34.0471568 ], [ -118.256993, 34.0471396 ], [ -118.256996, 34.0471416 ], [ -118.257009, 34.0471278 ], [ -118.257001, 34.0471228 ], [ -118.257024, 34.0470986 ], [ -118.257032, 34.0471041 ], [ -118.257045, 34.0470903 ], [ -118.257041, 34.0470874 ], [ -118.257056, 34.0470708 ], [ -118.25706, 34.0470732 ], [ -118.257068, 34.0470645 ], [ -118.257065, 34.0470624 ], [ -118.25707, 34.0470571 ], [ -118.257073, 34.0470593 ], [ -118.25708, 34.0470522 ], [ -118.257077, 34.0470502 ], [ -118.257081, 34.0470455 ], [ -118.257085, 34.0470476 ], [ -118.257094, 34.047038 ], [ -118.257089, 34.0470352 ], [ -118.257095, 34.0470294 ], [ -118.257092, 34.0470275 ], [ -118.257147, 34.0469652 ], [ -118.257211, 34.046898 ], [ -118.257265, 34.0468397 ], [ -118.257302, 34.0468644 ], [ -118.257303, 34.046863 ], [ -118.257482, 34.0469788 ], [ -118.257481, 34.0469806 ], [ -118.257504, 34.046996 ], [ -118.257506, 34.046994 ], [ -118.257649, 34.0470866 ], [ -118.257647, 34.0470886 ], [ -118.257666, 34.0471006 ], [ -118.257668, 34.0470987 ], [ -118.25768, 34.0470861 ], [ -118.257695, 34.0470976 ] ] ] } },
{ "type": "Feature", "properties": { "facility_id": "multacom-one-wilshire-e9be70", "name": "Multacom One Wilshire", "operator": "MultaCom", "operator_confidence": "alias", "facility_class": "unknown", "lat": 34.047892305301417, "lon": -118.25554585101754, "address": "624 S Grand Ave", "city": "Los Angeles", "postcode": "90017", "utility": "LADWP", "utility_candidates": "LADWP,Metropolitan Water District of So. Cal", "year_built": null, "building_levels_reported": 30.0, "building_levels_used": 3.0, "partial_occupancy": true, "footprint_sqft": 43850.340162677086, "est_gross_sqft": 131551.02048803127, "est_white_space_sqft": 78930.612292818754, "best_power_mw": 14.996816335635563, "power_ci_low_mw": 2.3679183687845629, "power_ci_high_mw": 26.520685730387104, "power_tier": "C_area", "n_power_methods": 1.0, "est_annual_gwh": 133.34269276667004, "pdb_net_count": 1.0, "pdb_ix_count": 0.0, "pdb_carrier_count": 0.0, "clli": null, "website": "http://www.multacom.com", "source_list": "osm,peeringdb", "n_sources": 2 }, "geometry": { "type": "Polygon", "coordinates": [ [ [ -118.2556099, 34.0474528 ], [ -118.2557007, 34.0475102 ], [ -118.2556707, 34.0475427 ], [ -118.2556949, 34.047558 ], [ -118.2557299, 34.04752 ], [ -118.2558757, 34.0476121 ], [ -118.255837, 34.0476542 ], [ -118.2560113, 34.0477644 ], [ -118.2559445, 34.047837 ], [ -118.2559363, 34.0478459 ], [ -118.2555857, 34.0482267 ], [ -118.2554976, 34.0483225 ], [ -118.2551967, 34.0481323 ], [ -118.2550705, 34.0480525 ], [ -118.2551801, 34.0479335 ], [ -118.2551719, 34.0479283 ], [ -118.2556099, 34.0474528 ] ] ] } },
{ "type": "Feature", "properties": { "facility_id": "unnamed-data-center-a16537", "name": "Unnamed data center", "operator": null, "operator_confidence": "unresolved", "facility_class": "unknown", "lat": 37.333637689243368, "lon": -121.88797542332672, "address": "150 South 1st Street", "city": "San Jose", "postcode": "95113", "utility": "PG&E", "utility_candidates": "PG&E,PWRPA", "year_built": null, "building_levels_reported": 2.0, "building_levels_used": 2.0, "partial_occupancy": false, "footprint_sqft": 102004.18774933655, "est_gross_sqft": 204008.37549867309, "est_white_space_sqft": 122405.02529920384, "best_power_mw": 23.256954806848732, "power_ci_low_mw": 11.016452276928346, "power_ci_high_mw": 41.128088500532492, "power_tier": "C_area", "n_power_methods": 1.0, "est_annual_gwh": 206.78688796961478, "pdb_net_count": null, "pdb_ix_count": null, "pdb_carrier_count": null, "clli": null, "website": null, "source_list": "osm", "n_sources": 1 }, "geometry": { "type": "Polygon", "coordinates": [ [ [ -121.8886851, 37.3339048 ], [ -121.8884225, 37.3340291 ], [ -121.8883939, 37.3340427 ], [ -121.8879246, 37.3342649 ], [ -121.8878976, 37.3342289 ], [ -121.8878702, 37.3341924 ], [ -121.8878496, 37.3341648 ], [ -121.8878324, 37.3341418 ], [ -121.8878043, 37.3341551 ], [ -121.887706, 37.3340238 ], [ -121.8877109, 37.3340215 ], [ -121.8876508, 37.3339412 ], [ -121.8876654, 37.3339343 ], [ -121.8876212, 37.3338752 ], [ -121.8876066, 37.3338821 ], [ -121.8873472, 37.3335358 ], [ -121.8873423, 37.3335382 ], [ -121.8872426, 37.333405 ], [ -121.8873835, 37.3333383 ], [ -121.88738, 37.3333337 ], [ -121.8874264, 37.3333118 ], [ -121.8874195, 37.3333026 ], [ -121.8874348, 37.3332954 ], [ -121.8874371, 37.3332985 ], [ -121.8874709, 37.3332825 ], [ -121.8874686, 37.3332794 ], [ -121.8874874, 37.3332705 ], [ -121.8874977, 37.3332842 ], [ -121.8875857, 37.3332426 ], [ -121.8875788, 37.3332335 ], [ -121.8875846, 37.3332308 ], [ -121.8875742, 37.3332169 ], [ -121.8876442, 37.3331837 ], [ -121.8876546, 37.3331976 ], [ -121.8876604, 37.3331949 ], [ -121.8876673, 37.333204 ], [ -121.8877593, 37.3331604 ], [ -121.8877525, 37.3331513 ], [ -121.8877577, 37.3331488 ], [ -121.8877468, 37.3331342 ], [ -121.8878176, 37.3331007 ], [ -121.8878285, 37.3331153 ], [ -121.8878339, 37.3331127 ], [ -121.8878407, 37.3331219 ], [ -121.8879291, 37.33308 ], [ -121.8879192, 37.3330669 ], [ -121.8880598, 37.3330003 ], [ -121.8881582, 37.3331318 ], [ -121.8881534, 37.333134 ], [ -121.8882991, 37.3333286 ], [ -121.8882841, 37.3333357 ], [ -121.888342, 37.333413 ], [ -121.888357, 37.3334059 ], [ -121.8884746, 37.333563 ], [ -121.8884794, 37.3335607 ], [ -121.8885779, 37.3336922 ], [ -121.8885404, 37.3337099 ], [ -121.8885669, 37.3337452 ], [ -121.8884949, 37.3337793 ], [ -121.8884975, 37.3337827 ], [ -121.8885083, 37.3337775 ], [ -121.8885279, 37.3337884 ], [ -121.8885528, 37.3337603 ], [ -121.8885897, 37.3337809 ], [ -121.8886007, 37.3337684 ], [ -121.8886357, 37.333788 ], [ -121.8886247, 37.3338005 ], [ -121.8886589, 37.3338196 ], [ -121.8886339, 37.3338478 ], [ -121.8886505, 37.3338571 ], [ -121.8886271, 37.3338827 ], [ -121.8886577, 37.3338682 ], [ -121.8886851, 37.3339048 ] ] ] } },
{ "type": "Feature", "properties": { "facility_id": "equinix-sv3-silicon-valley-san-jose-2a8623", "name": "Equinix SV3 - Silicon Valley, San Jose", "operator": "Equinix", "operator_confidence": "alias", "facility_class": "colocation", "lat": 37.388269556857004, "lon": -121.8884290887418, "address": "1735 Lundy Ave", "city": "San Jose", "postcode": "95131", "utility": "PG&E", "utility_candidates": "PG&E,PWRPA", "year_built": null, "building_levels_reported": 1.0, "building_levels_used": 1.0, "partial_occupancy": false, "footprint_sqft": 109684.21202034858, "est_gross_sqft": 109684.21202034858, "est_white_space_sqft": 65810.527212209141, "best_power_mw": 9.6115384615384603, "power_ci_low_mw": 2.632875, "power_ci_high_mw": 11.845909090909091, "power_tier": "B_generator", "n_power_methods": 2.0, "est_annual_gwh": 88.406930769230755, "pdb_net_count": 22.0, "pdb_ix_count": 2.0, "pdb_carrier_count": 1.0, "clli": null, "website": "https://www.equinix.com/locations/americas-colocation/united-states-colocation/silicon-valley-data-centers/sv3/", "source_list": "epa_nei,osm,peeringdb", "n_sources": 3 }, "geometry": { "type": "Polygon", "coordinates": [ [ [ -121.8887523, 37.3876477 ], [ -121.8888216, 37.3877301 ], [ -121.8888553, 37.3877122 ], [ -121.889094, 37.3879956 ], [ -121.8892289, 37.3879239 ], [ -121.8893598, 37.3880795 ], [ -121.8891912, 37.3881691 ], [ -121.8892606, 37.3882515 ], [ -121.8891892, 37.3882895 ], [ -121.8891663, 37.3882624 ], [ -121.8882744, 37.3887364 ], [ -121.8882973, 37.3887635 ], [ -121.8880399, 37.3889003 ], [ -121.8879871, 37.3888377 ], [ -121.8879697, 37.3888469 ], [ -121.8878152, 37.3886634 ], [ -121.8878449, 37.3886476 ], [ -121.8877551, 37.3885409 ], [ -121.8877253, 37.3885567 ], [ -121.8875702, 37.3883725 ], [ -121.8875877, 37.3883632 ], [ -121.8875329, 37.3882981 ], [ -121.8877903, 37.3881613 ], [ -121.8878362, 37.3882158 ], [ -121.8882471, 37.3879974 ], [ -121.8882244, 37.3879705 ], [ -121.8887054, 37.3877149 ], [ -121.8886808, 37.3876857 ], [ -121.8887523, 37.3876477 ] ] ] } },
{ "type": "Feature", "properties": { "facility_id": "digital-realty-sfo-365-main-bf6cb5", "name": "Digital Realty SFO (365 Main)", "operator": "Digital Realty", "operator_confidence": "alias", "facility_class": "colocation", "lat": 37.788731035952551, "lon": -122.39046904931595, "address": "365 Main Street", "city": "San Francisco", "postcode": "94105", "utility": "PG&E", "utility_candidates": "CCSF,PG&E", "year_built": null, "building_levels_reported": 1.0, "building_levels_used": 1.0, "partial_occupancy": false, "footprint_sqft": 39318.743957539882, "est_gross_sqft": 39318.743957539882, "est_white_space_sqft": 23591.246374523929, "best_power_mw": 13.73076923076923, "power_ci_low_mw": 3.76125, "power_ci_high_mw": 16.922727272727268, "power_tier": "B_generator", "n_power_methods": 2.0, "est_annual_gwh": 126.29561538461537, "pdb_net_count": 35.0, "pdb_ix_count": 2.0, "pdb_carrier_count": 2.0, "clli": "SNFCCA", "website": "https://www.digitalrealty.com", "source_list": "epa_nei,osm,peeringdb", "n_sources": 3 }, "geometry": { "type": "Polygon", "coordinates": [ [ [ -122.389958, 37.7886034 ], [ -122.3899977, 37.7885722 ], [ -122.3903117, 37.7883262 ], [ -122.3909801, 37.7888587 ], [ -122.3906265, 37.7891359 ], [ -122.389958, 37.7886034 ] ] ] } },
{ "type": "Feature", "properties": { "facility_id": "ntt-limited-b75b73", "name": "NTT Limited", "operator": "NTT", "operator_confidence": "alias", "facility_class": "colocation", "lat": 37.403904239941298, "lon": -121.88929689221246, "address": "2334 Lundy Place", "city": "San Jose", "postcode": "95131", "utility": "PG&E", "utility_candidates": "PG&E,PWRPA", "year_built": null, "building_levels_reported": 1.0, "building_levels_used": 1.0, "partial_occupancy": false, "footprint_sqft": 75249.172136923793, "est_gross_sqft": 75249.172136923793, "est_white_space_sqft": 45149.503282154277, "best_power_mw": 8.2384615384615376, "power_ci_low_mw": 2.25675, "power_ci_high_mw": 10.153636363636362, "power_tier": "B_generator", "n_power_methods": 2.0, "est_annual_gwh": 75.777369230769224, "pdb_net_count": null, "pdb_ix_count": null, "pdb_carrier_count": null, "clli": null, "website": null, "source_list": "epa_nei,osm", "n_sources": 2 }, "geometry": { "type": "Polygon", "coordinates": [ [ [ -121.8885985, 37.4034992 ], [ -121.8888901, 37.4035228 ], [ -121.8888815, 37.4035899 ], [ -121.8889984, 37.4035993 ], [ -121.889007, 37.4035322 ], [ -121.8893008, 37.403556 ], [ -121.8892756, 37.4037528 ], [ -121.8894355, 37.4037658 ], [ -121.8894523, 37.4036347 ], [ -121.8899096, 37.4036717 ], [ -121.8898714, 37.4039695 ], [ -121.8898305, 37.4039662 ], [ -121.8898098, 37.4041279 ], [ -121.8898507, 37.4041312 ], [ -121.8898464, 37.4041641 ], [ -121.8898183, 37.4043836 ], [ -121.8898125, 37.404429 ], [ -121.8893553, 37.404392 ], [ -121.8893671, 37.4042998 ], [ -121.8893925, 37.4041019 ], [ -121.8893976, 37.4040621 ], [ -121.8887815, 37.4040123 ], [ -121.8887899, 37.4039468 ], [ -121.8886258, 37.4039336 ], [ -121.8886341, 37.4038687 ], [ -121.888552, 37.403862 ], [ -121.8885694, 37.403726 ], [ -121.888597, 37.4035105 ], [ -121.8885985, 37.4034992 ] ] ] } },
{ "type": "Feature", "properties": { "facility_id": "csquare-sfo1-54cdc3", "name": "Csquare SFO1", "operator": "Csquare", "operator_confidence": "alias", "facility_class": "colocation", "lat": 37.370438045433545, "lon": -121.96982954716508, "address": "2403 Walsh Avenue", "city": "Santa Clara", "postcode": "95051", "utility": "SVP", "utility_candidates": "PWRPA,SVP", "year_built": null, "building_levels_reported": 1.0, "building_levels_used": 1.0, "partial_occupancy": false, "footprint_sqft": 83922.067822800018, "est_gross_sqft": 83922.067822800018, "est_white_space_sqft": 50353.240693680011, "best_power_mw": 9.5671157317992019, "power_ci_low_mw": 4.5317916624312007, "power_ci_high_mw": 16.314449984752322, "power_tier": "C_area", "n_power_methods": 1.0, "est_annual_gwh": 87.998330501089058, "pdb_net_count": null, "pdb_ix_count": null, "pdb_carrier_count": null, "clli": null, "website": "https://www.csquare.com/data-centers/silicon-valley#santaclara-sfo1", "source_list": "osm", "n_sources": 1 }, "geometry": { "type": "Polygon", "coordinates": [ [ [ -121.9699264, 37.371022 ], [ -121.9699243, 37.3708983 ], [ -121.9694266, 37.3709109 ], [ -121.9694276, 37.3700293 ], [ -121.9693874, 37.3700293 ], [ -121.9693821, 37.369903 ], [ -121.9695695, 37.3699 ], [ -121.969569, 37.3698796 ], [ -121.9696669, 37.369878 ], [ -121.9696674, 37.3698984 ], [ -121.9697623, 37.3698969 ], [ -121.9697657, 37.3700267 ], [ -121.9702634, 37.3700253 ], [ -121.970264, 37.3701305 ], [ -121.9702683, 37.3708927 ], [ -121.9699994, 37.3708971 ], [ -121.9700015, 37.3710209 ], [ -121.9699264, 37.371022 ] ] ] } },
{ "type": "Feature", "properties": { "facility_id": "tpx-colocation-datacenter-180bda", "name": "TPx Colocation Datacenter", "operator": "TPx Communications", "operator_confidence": "unresolved", "facility_class": "unknown", "lat": 33.70750645, "lon": -117.8441042, "address": "2001 East Dyer Road", "city": "Santa Ana", "postcode": "92705", "utility": "SCE", "utility_candidates": "Metropolitan Water District of So. Cal,SCE", "year_built": null, "building_levels_reported": 1.0, "building_levels_used": 1.0, "partial_occupancy": false, "footprint_sqft": 37065.367296409429, "est_gross_sqft": 37065.367296409429, "est_white_space_sqft": 22239.220377845657, "best_power_mw": 4.2254518717906748, "power_ci_low_mw": 2.0015298340061096, "power_ci_high_mw": 7.4723780469561403, "power_tier": "C_area", "n_power_methods": 1.0, "est_annual_gwh": 37.570182772839601, "pdb_net_count": null, "pdb_ix_count": null, "pdb_carrier_count": null, "clli": null, "website": null, "source_list": "osm", "n_sources": 1 }, "geometry": { "type": "Polygon", "coordinates": [ [ [ -117.8442365, 33.707879 ], [ -117.8436399, 33.7074647 ], [ -117.8439719, 33.7071339 ], [ -117.8445685, 33.7075482 ], [ -117.8442365, 33.707879 ] ] ] } },
{ "type": "Feature", "properties": { "facility_id": "unnamed-data-center-eada51", "name": "Unnamed data center", "operator": null, "operator_confidence": "unresolved", "facility_class": "unknown", "lat": 34.04791495, "lon": -118.25556895000001, "address": "624 South Grand Avenue", "city": "Los Angeles", "postcode": "90017", "utility": "LADWP", "utility_candidates": "LADWP,Metropolitan Water District of So. Cal", "year_built": null, "building_levels_reported": 30.0, "building_levels_used": 3.0, "partial_occupancy": true, "footprint_sqft": 25505.253176585175, "est_gross_sqft": 76515.759529755524, "est_white_space_sqft": 45909.455717853314, "best_power_mw": 8.7227965863921284, "power_ci_low_mw": 1.3772836715355996, "power_ci_high_mw": 15.425577121198714, "power_tier": "C_area", "n_power_methods": 1.0, "est_annual_gwh": 77.557873568246976, "pdb_net_count": null, "pdb_ix_count": null, "pdb_carrier_count": null, "clli": "LSANCARC", "website": null, "source_list": "osm", "n_sources": 1 }, "geometry": { "type": "Polygon", "coordinates": [ [ [ -118.2552016, 34.047984 ], [ -118.2555857, 34.0482267 ], [ -118.2559363, 34.0478459 ], [ -118.2555522, 34.0476032 ], [ -118.2552016, 34.047984 ] ] ] } },
{ "type": "Feature", "properties": { "facility_id": "equinix-sv10-cc41a7", "name": "Equinix SV10", "operator": "Equinix", "operator_confidence": "alias", "facility_class": "colocation", "lat": 37.241198527062956, "lon": -121.78476265666035, "address": "7 Great Oaks Boulevard", "city": "San Jose", "postcode": "95119", "utility": "PG&E", "utility_candidates": "PG&E,PWRPA", "year_built": null, "building_levels_reported": 1.0, "building_levels_used": 1.0, "partial_occupancy": false, "footprint_sqft": 86340.741743059814, "est_gross_sqft": 86340.741743059814, "est_white_space_sqft": 51804.445045835884, "best_power_mw": 9.8428445587088191, "power_ci_low_mw": 4.6624000541252295, "power_ci_high_mw": 16.78464019485083, "power_tier": "C_area", "n_power_methods": 1.0, "est_annual_gwh": 90.534484251003718, "pdb_net_count": null, "pdb_ix_count": null, "pdb_carrier_count": null, "clli": null, "website": "https://www.equinix.com/data-centers/americas-colocation/united-states-colocation/silicon-valley-data-centers/sv10", "source_list": "osm", "n_sources": 1 }, "geometry": { "type": "Polygon", "coordinates": [ [ [ -121.7852994, 37.2419076 ], [ -121.7856792, 37.2414985 ], [ -121.7841418, 37.24055 ], [ -121.783828, 37.2408794 ], [ -121.7852694, 37.2417643 ], [ -121.7851974, 37.2418407 ], [ -121.7852994, 37.2419076 ] ] ] } },
{ "type": "Feature", "properties": { "facility_id": "unnamed-data-center-e2576c", "name": "Unnamed data center", "operator": null, "operator_confidence": "unresolved", "facility_class": "unknown", "lat": 34.059466546401389, "lon": -117.20216650249529, "address": null, "city": null, "postcode": null, "utility": "SCE", "utility_candidates": "SCE", "year_built": null, "building_levels_reported": 1.0, "building_levels_used": 1.0, "partial_occupancy": false, "footprint_sqft": 993.63158194863524, "est_gross_sqft": 993.63158194863524, "est_white_space_sqft": 596.17894916918112, "best_power_mw": 0.11327400034214441, "power_ci_low_mw": 0.053656105425226301, "power_ci_high_mw": 0.20031612692084483, "power_tier": "C_area", "n_power_methods": 1.0, "est_annual_gwh": 1.0071644466421426, "pdb_net_count": null, "pdb_ix_count": null, "pdb_carrier_count": null, "clli": null, "website": null, "source_list": "osm", "n_sources": 1 }, "geometry": { "type": "Polygon", "coordinates": [ [ [ -117.2021169, 34.0594209 ], [ -117.2022162, 34.0594212 ], [ -117.2022159, 34.0595119 ], [ -117.2021173, 34.0595124 ], [ -117.2021169, 34.0594209 ] ] ] } },
{ "type": "Feature", "properties": { "facility_id": "pg-e-datacenter-7315e7", "name": "PG&E Datacenter", "operator": "PG&E Datacenter", "operator_confidence": "unresolved", "facility_class": "unknown", "lat": 38.246258782027418, "lon": -122.06720998654048, "address": "425 Beck Avenue", "city": "Fairfield", "postcode": "94533", "utility": "PG&E", "utility_candidates": "PG&E", "year_built": null, "building_levels_reported": 1.0, "building_levels_used": 1.0, "partial_occupancy": false, "footprint_sqft": 55270.738392214174, "est_gross_sqft": 55270.738392214174, "est_white_space_sqft": 33162.443035328506, "best_power_mw": 6.3008641767124161, "power_ci_low_mw": 2.984619873179565, "power_ci_high_mw": 11.142580859870378, "power_tier": "C_area", "n_power_methods": 1.0, "est_annual_gwh": 56.023503740820765, "pdb_net_count": null, "pdb_ix_count": null, "pdb_carrier_count": null, "clli": null, "website": null, "source_list": "osm", "n_sources": 1 }, "geometry": { "type": "Polygon", "coordinates": [ [ [ -122.0669039, 38.2465802 ], [ -122.0675913, 38.2465829 ], [ -122.067594, 38.2461479 ], [ -122.067741, 38.2461485 ], [ -122.0677421, 38.2459602 ], [ -122.0675825, 38.2459596 ], [ -122.0675829, 38.2458939 ], [ -122.067461, 38.2458935 ], [ -122.0674603, 38.2459951 ], [ -122.0673235, 38.2459946 ], [ -122.0673232, 38.2460374 ], [ -122.0672481, 38.2460371 ], [ -122.067249, 38.2458945 ], [ -122.0670979, 38.2458939 ], [ -122.067097, 38.2460288 ], [ -122.0668949, 38.246028 ], [ -122.0668942, 38.2461391 ], [ -122.0668363, 38.2461388 ], [ -122.0668368, 38.2460763 ], [ -122.0667081, 38.2460758 ], [ -122.0667073, 38.2461869 ], [ -122.0666277, 38.2461866 ], [ -122.0666267, 38.2463321 ], [ -122.0667238, 38.2463325 ], [ -122.0667234, 38.2464047 ], [ -122.0668142, 38.2464051 ], [ -122.0668137, 38.2464741 ], [ -122.0669046, 38.2464744 ], [ -122.0669039, 38.2465802 ] ] ] } },
{ "type": "Feature", "properties": { "facility_id": "ntt-silicon-valley-sv1-data-center-7bde99", "name": "NTT Silicon Valley SV1 Data Center", "operator": "NTT", "operator_confidence": "alias", "facility_class": "colocation", "lat": 37.369053212037088, "lon": -121.95533775018632, "address": "1160 Walsh Avenue", "city": "Santa Clara", "postcode": "95050", "utility": "SVP", "utility_candidates": "PWRPA,SVP", "year_built": null, "building_levels_reported": 1.0, "building_levels_used": 1.0, "partial_occupancy": false, "footprint_sqft": 38759.408044986936, "est_gross_sqft": 38759.408044986936, "est_white_space_sqft": 23255.64482699216, "best_power_mw": 4.41857251712851, "power_ci_low_mw": 2.0930080344292947, "power_ci_high_mw": 7.5348289239454598, "power_tier": "C_area", "n_power_methods": 1.0, "est_annual_gwh": 40.642030012548027, "pdb_net_count": null, "pdb_ix_count": null, "pdb_carrier_count": null, "clli": null, "website": "https://services.global.ntt/en-us/services-and-products/global-data-centers/global-locations/americas/silicon-valley-sv1-data-center", "source_list": "osm", "n_sources": 1 }, "geometry": { "type": "Polygon", "coordinates": [ [ [ -121.9555362, 37.3695105 ], [ -121.9551353, 37.3695094 ], [ -121.9551392, 37.368596 ], [ -121.9555403, 37.3685971 ], [ -121.9555362, 37.3695105 ] ] ] } },
{ "type": "Feature", "properties": { "facility_id": "unnamed-data-center-bd5193", "name": "Unnamed data center", "operator": null, "operator_confidence": "unresolved", "facility_class": "unknown", "lat": 33.1536001, "lon": -117.23884635, "address": null, "city": null, "postcode": null, "utility": "SDG&E", "utility_candidates": "Metropolitan Water District of So. Cal,SDG&E", "year_built": null, "building_levels_reported": 1.0, "building_levels_used": 1.0, "partial_occupancy": false, "footprint_sqft": 13597.185985678017, "est_gross_sqft": 13597.185985678017, "est_white_space_sqft": 8158.3115914068103, "best_power_mw": 1.5500792023672938, "power_ci_low_mw": 0.73424804322661297, "power_ci_high_mw": 2.7411926947126886, "power_tier": "C_area", "n_power_methods": 1.0, "est_annual_gwh": 13.782374219928553, "pdb_net_count": null, "pdb_ix_count": null, "pdb_carrier_count": null, "clli": null, "website": null, "source_list": "osm", "n_sources": 1 }, "geometry": { "type": "Polygon", "coordinates": [ [ [ -117.2390678, 33.1537306 ], [ -117.2390248, 33.1534296 ], [ -117.2386249, 33.1534696 ], [ -117.2386679, 33.1537706 ], [ -117.2390678, 33.1537306 ] ] ] } },
{ "type": "Feature", "properties": { "facility_id": "edgeconnex-sacramento-edcsac01-be6584", "name": "EdgeConneX Sacramento (EDCSAC01)", "operator": "EdgeConneX", "operator_confidence": "alias", "facility_class": "colocation", "lat": 38.592297357342403, "lon": -121.27743720759895, "address": "10980 Gold Center Dr", "city": "Rancho Cordova", "postcode": "95670", "utility": "SMUD", "utility_candidates": "SMUD", "year_built": null, "building_levels_reported": 1.0, "building_levels_used": 1.0, "partial_occupancy": false, "footprint_sqft": 29318.8826915268, "est_gross_sqft": 29318.8826915268, "est_white_space_sqft": 17591.329614916078, "best_power_mw": 3.3423526268340549, "power_ci_low_mw": 1.5832196653424473, "power_ci_high_mw": 5.69959079523281, "power_tier": "C_area", "n_power_methods": 1.0, "est_annual_gwh": 30.742959461619638, "pdb_net_count": 4.0, "pdb_ix_count": 0.0, "pdb_carrier_count": 0.0, "clli": null, "website": "http://www.edgeconnex.com", "source_list": "osm,peeringdb", "n_sources": 2 }, "geometry": { "type": "Polygon", "coordinates": [ [ [ -121.2772299, 38.5925866 ], [ -121.2778079, 38.5924599 ], [ -121.2776475, 38.5920109 ], [ -121.277233, 38.5921025 ], [ -121.2772274, 38.5920861 ], [ -121.2772213, 38.592068 ], [ -121.2771464, 38.5920847 ], [ -121.2771618, 38.592126 ], [ -121.2770722, 38.5921454 ], [ -121.2772299, 38.5925866 ] ] ] } },
{ "type": "Feature", "properties": { "facility_id": "northwest-data-center-and-communications-hub-e0b1a6", "name": "Northwest Data Center and Communications Hub", "operator": "Northwest Data Center and Communications Hub", "operator_confidence": "unresolved", "facility_class": "unknown", "lat": 37.433437064912574, "lon": -122.18073854152176, "address": "319 Oak Road", "city": "Stanford", "postcode": null, "utility": "PG&E", "utility_candidates": "PG&E,PWRPA", "year_built": null, "building_levels_reported": 1.0, "building_levels_used": 1.0, "partial_occupancy": false, "footprint_sqft": 10145.908885520037, "est_gross_sqft": 10145.908885520037, "est_white_space_sqft": 6087.5453313120224, "best_power_mw": 1.1566336129492842, "power_ci_low_mw": 0.54787907981808204, "power_ci_high_mw": 2.0454152313208396, "power_tier": "C_area", "n_power_methods": 1.0, "est_annual_gwh": 10.284092106177264, "pdb_net_count": null, "pdb_ix_count": null, "pdb_carrier_count": null, "clli": null, "website": null, "source_list": "osm", "n_sources": 1 }, "geometry": { "type": "Polygon", "coordinates": [ [ [ -122.1808558, 37.4332467 ], [ -122.1808751, 37.4331836 ], [ -122.1809588, 37.4331997 ], [ -122.1809403, 37.4332602 ], [ -122.1809489, 37.4332661 ], [ -122.1808807, 37.4334849 ], [ -122.1808009, 37.4334693 ], [ -122.1807841, 37.4335231 ], [ -122.1807975, 37.4335258 ], [ -122.1807614, 37.4336419 ], [ -122.1804564, 37.4335822 ], [ -122.1804964, 37.4334534 ], [ -122.1806867, 37.4334906 ], [ -122.1806976, 37.4334553 ], [ -122.1806894, 37.4334537 ], [ -122.1807583, 37.4332279 ], [ -122.1808558, 37.4332467 ] ] ] } },
{ "type": "Feature", "properties": { "facility_id": "amazon-ff1641", "name": "Amazon", "operator": "Amazon Web Services", "operator_confidence": "alias", "facility_class": "hyperscale", "lat": 37.389932722906629, "lon": -121.96598983183088, "address": null, "city": null, "postcode": null, "utility": "SVP", "utility_candidates": "PWRPA,SVP", "year_built": null, "building_levels_reported": 1.0, "building_levels_used": 1.0, "partial_occupancy": false, "footprint_sqft": 98142.811286382945, "est_gross_sqft": 98142.811286382945, "est_white_space_sqft": 58885.686771829765, "best_power_mw": 14.132564825239145, "power_ci_low_mw": 6.6246397618308484, "power_ci_high_mw": 24.025360202906541, "power_tier": "C_area", "n_power_methods": 1.0, "est_annual_gwh": 121.32524251171299, "pdb_net_count": null, "pdb_ix_count": null, "pdb_carrier_count": null, "clli": null, "website": null, "source_list": "osm", "n_sources": 1 }, "geometry": { "type": "Polygon", "coordinates": [ [ [ -121.9656641, 37.389302 ], [ -121.9661392, 37.3893302 ], [ -121.9661371, 37.3893518 ], [ -121.9664311, 37.3893693 ], [ -121.9663197, 37.3905554 ], [ -121.9655505, 37.3905098 ], [ -121.9656641, 37.389302 ] ] ] } },
{ "type": "Feature", "properties": { "facility_id": "unnamed-data-center-9036f8", "name": "Unnamed data center", "operator": null, "operator_confidence": "unresolved", "facility_class": "unknown", "lat": 37.361139906174884, "lon": -121.94230618817126, "address": "2220 De La Cruz Boulevard", "city": "Santa Clara", "postcode": null, "utility": "SVP", "utility_candidates": "PWRPA,SVP", "year_built": null, "building_levels_reported": 1.0, "building_levels_used": 1.0, "partial_occupancy": false, "footprint_sqft": 108346.23678578228, "est_gross_sqft": 108346.23678578228, "est_white_space_sqft": 65007.742071469365, "best_power_mw": 12.351470993579179, "power_ci_low_mw": 5.8506967864322439, "power_ci_high_mw": 21.842601336013708, "power_tier": "C_area", "n_power_methods": 1.0, "est_annual_gwh": 109.82186919230989, "pdb_net_count": null, "pdb_ix_count": null, "pdb_carrier_count": null, "clli": null, "website": null, "source_list": "osm", "n_sources": 1 }, "geometry": { "type": "Polygon", "coordinates": [ [ [ -121.9424635, 37.3604999 ], [ -121.9417935, 37.3607151 ], [ -121.941847, 37.3608204 ], [ -121.9417849, 37.3608404 ], [ -121.9418065, 37.3608828 ], [ -121.9417307, 37.3609072 ], [ -121.9419439, 37.3613261 ], [ -121.9419011, 37.3613399 ], [ -121.9419146, 37.3613664 ], [ -121.9418641, 37.3613827 ], [ -121.9419057, 37.3614645 ], [ -121.9418008, 37.3614982 ], [ -121.9419586, 37.3618083 ], [ -121.9428202, 37.3615303 ], [ -121.9428021, 37.3614954 ], [ -121.942697, 37.3612907 ], [ -121.9429497, 37.3612095 ], [ -121.942634, 37.3605889 ], [ -121.9425263, 37.3606235 ], [ -121.9424635, 37.3604999 ] ] ] } },
{ "type": "Feature", "properties": { "facility_id": "coresite-santa-clara-sv7-fd2a09", "name": "CoreSite - Santa Clara (SV7)", "operator": "CoreSite", "operator_confidence": "alias", "facility_class": "colocation", "lat": 37.376078768732462, "lon": -121.97305665058126, "address": "3020 Coronado Drive", "city": "Santa Clara", "postcode": "95054", "utility": "SVP", "utility_candidates": "PWRPA,SVP", "year_built": null, "building_levels_reported": 1.0, "building_levels_used": 1.0, "partial_occupancy": false, "footprint_sqft": 60989.155581739375, "est_gross_sqft": 60989.155581739375, "est_white_space_sqft": 36593.493349043623, "best_power_mw": 6.9527637363182881, "power_ci_low_mw": 3.2934144014139259, "power_ci_high_mw": 11.856291845090134, "power_tier": "C_area", "n_power_methods": 1.0, "est_annual_gwh": 63.951520846655605, "pdb_net_count": 20.0, "pdb_ix_count": 2.0, "pdb_carrier_count": 0.0, "clli": "SNTCCA", "website": "http://www.coresite.com", "source_list": "osm,peeringdb", "n_sources": 2 }, "geometry": { "type": "Polygon", "coordinates": [ [ [ -121.9727714, 37.376596 ], [ -121.9727877, 37.3755561 ], [ -121.973342, 37.3755616 ], [ -121.9733255, 37.3766015 ], [ -121.9727714, 37.376596 ] ] ] } },
{ "type": "Feature", "properties": { "facility_id": "equinix-sv11-dc3435", "name": "Equinix SV11", "operator": "Equinix", "operator_confidence": "alias", "facility_class": "colocation", "lat": 37.242605073791161, "lon": -121.78399863436228, "address": "5 Great Oaks Boulevard", "city": "San Jose", "postcode": "95119", "utility": "PG&E", "utility_candidates": "PG&E,PWRPA", "year_built": null, "building_levels_reported": 1.0, "building_levels_used": 1.0, "partial_occupancy": false, "footprint_sqft": 76977.433828855908, "est_gross_sqft": 76977.433828855908, "est_white_space_sqft": 46186.460297313541, "best_power_mw": 8.775427456489572, "power_ci_low_mw": 4.1567814267582195, "power_ci_high_mw": 14.96441313632959, "power_tier": "C_area", "n_power_methods": 1.0, "est_annual_gwh": 80.716381744791079, "pdb_net_count": null, "pdb_ix_count": null, "pdb_carrier_count": null, "clli": null, "website": "https://www.equinix.com/data-centers/americas-colocation/united-states-colocation/silicon-valley-data-centers/sv11", "source_list": "osm", "n_sources": 1 }, "geometry": { "type": "Polygon", "coordinates": [ [ [ -121.7844275, 37.2418586 ], [ -121.7835701, 37.2427616 ], [ -121.7831921, 37.24316 ], [ -121.7835381, 37.2433715 ], [ -121.7846572, 37.2421911 ], [ -121.7847316, 37.242236 ], [ -121.784851, 37.2421113 ], [ -121.7844275, 37.2418586 ] ] ] } },
{ "type": "Feature", "properties": { "facility_id": "unnamed-data-center-5bbb60", "name": "Unnamed data center", "operator": null, "operator_confidence": "unresolved", "facility_class": "unknown", "lat": 37.370642951035798, "lon": -121.97450722366924, "address": "2590 Walsh Avenue", "city": "Santa Clara", "postcode": "95051", "utility": "SVP", "utility_candidates": "PWRPA,SVP", "year_built": null, "building_levels_reported": 1.0, "building_levels_used": 1.0, "partial_occupancy": false, "footprint_sqft": 124070.05698913957, "est_gross_sqft": 124070.05698913957, "est_white_space_sqft": 74442.034193483734, "best_power_mw": 14.143986496761908, "power_ci_low_mw": 6.699783077413537, "power_ci_high_mw": 25.01252348901054, "power_tier": "C_area", "n_power_methods": 1.0, "est_annual_gwh": 125.75984153730882, "pdb_net_count": null, "pdb_ix_count": null, "pdb_carrier_count": null, "clli": null, "website": null, "source_list": "osm", "n_sources": 1 }, "geometry": { "type": "Polygon", "coordinates": [ [ [ -121.9739842, 37.3700869 ], [ -121.9738363, 37.370449 ], [ -121.9736946, 37.3704154 ], [ -121.9735525, 37.370755 ], [ -121.9750949, 37.3711994 ], [ -121.9754125, 37.3705026 ], [ -121.9739842, 37.3700869 ] ] ] } },
{ "type": "Feature", "properties": { "facility_id": "vantage-santa-clara-ca2-a79294", "name": "Vantage Santa Clara CA2", "operator": "Vantage Data Centers", "operator_confidence": "alias", "facility_class": "wholesale", "lat": 37.364031831869895, "lon": -121.94684487603256, "address": "737 Mathew Street", "city": "Santa Clara", "postcode": "95051", "utility": "SVP", "utility_candidates": "PWRPA,SVP", "year_built": null, "building_levels_reported": 1.0, "building_levels_used": 1.0, "partial_occupancy": false, "footprint_sqft": 132032.0675886152, "est_gross_sqft": 132032.0675886152, "est_white_space_sqft": 79219.240553169118, "best_power_mw": 16.636040516165515, "power_ci_low_mw": 8.3180202580827576, "power_ci_high_mw": 28.518926599140883, "power_tier": "C_area", "n_power_methods": 1.0, "est_annual_gwh": 147.91769064543405, "pdb_net_count": null, "pdb_ix_count": null, "pdb_carrier_count": null, "clli": null, "website": "https://vantage-dc.com/data-center-locations/north-america/santa-clara-ii-california/", "source_list": "osm", "n_sources": 1 }, "geometry": { "type": "Polygon", "coordinates": [ [ [ -121.9457428, 37.3636602 ], [ -121.9463789, 37.3635973 ], [ -121.9464234, 37.3638818 ], [ -121.9479546, 37.3637303 ], [ -121.9480372, 37.3642569 ], [ -121.9465402, 37.364405 ], [ -121.9465183, 37.3642652 ], [ -121.9458478, 37.3643315 ], [ -121.9457428, 37.3636602 ] ] ] } },
{ "type": "Feature", "properties": { "facility_id": "digital-realty-silicon-valley-sjc37-f2648a", "name": "Digital Realty Silicon Valley SJC37", "operator": "Digital Realty", "operator_confidence": "alias", "facility_class": "colocation", "lat": 37.370936369220182, "lon": -121.94721635315912, "address": "641 Walsh Avenue", "city": "Santa Clara", "postcode": "95050", "utility": "SVP", "utility_candidates": "PWRPA,SVP", "year_built": null, "building_levels_reported": 1.0, "building_levels_used": 1.0, "partial_occupancy": false, "footprint_sqft": 155689.57601655085, "est_gross_sqft": 155689.57601655085, "est_white_space_sqft": 93413.745609930513, "best_power_mw": 17.748611665886799, "power_ci_low_mw": 8.4072371048937473, "power_ci_high_mw": 30.266053577617484, "power_tier": "C_area", "n_power_methods": 1.0, "est_annual_gwh": 163.25173010282674, "pdb_net_count": null, "pdb_ix_count": null, "pdb_carrier_count": null, "clli": null, "website": "https://www.digitalrealty.com/data-centers/americas/silicon-valley/sjc37", "source_list": "osm", "n_sources": 1 }, "geometry": { "type": "Polygon", "coordinates": [ [ [ -121.9477365, 37.3702952 ], [ -121.9471392, 37.3703498 ], [ -121.9471261, 37.3702593 ], [ -121.9467214, 37.3702961 ], [ -121.9467544, 37.3705247 ], [ -121.9465331, 37.3705449 ], [ -121.9466772, 37.3715444 ], [ -121.9467697, 37.3715792 ], [ -121.9478726, 37.3714871 ], [ -121.9479, 37.3714259 ], [ -121.9477365, 37.3702952 ] ] ] } },
{ "type": "Feature", "properties": { "facility_id": "csquare-sfo4-40175a", "name": "Csquare SFO4", "operator": "Csquare", "operator_confidence": "alias", "facility_class": "colocation", "lat": 37.375755231005066, "lon": -121.95626909175749, "address": "1550 Space Park Drive", "city": "Santa Clara", "postcode": "95054", "utility": "SVP", "utility_candidates": "PWRPA,SVP", "year_built": null, "building_levels_reported": 1.0, "building_levels_used": 1.0, "partial_occupancy": false, "footprint_sqft": 32249.498299077393, "est_gross_sqft": 32249.498299077393, "est_white_space_sqft": 19349.698979446435, "best_power_mw": 3.6764428060948227, "power_ci_low_mw": 1.7414729081501794, "power_ci_high_mw": 6.2693024693406452, "power_tier": "C_area", "n_power_methods": 1.0, "est_annual_gwh": 33.815920930460173, "pdb_net_count": null, "pdb_ix_count": null, "pdb_carrier_count": null, "clli": null, "website": "https://www.csquare.com/data-centers/silicon-valley#santaclara-sfo4", "source_list": "osm", "n_sources": 1 }, "geometry": { "type": "Polygon", "coordinates": [ [ [ -121.9565856, 37.3759892 ], [ -121.9565871, 37.3755147 ], [ -121.9559547, 37.3755134 ], [ -121.9559532, 37.3759805 ], [ -121.9560729, 37.3759807 ], [ -121.9560728, 37.3760164 ], [ -121.9562705, 37.3760168 ], [ -121.9562706, 37.3759886 ], [ -121.9565856, 37.3759892 ] ] ] } },
{ "type": "Feature", "properties": { "facility_id": "databank-santa-clara-sfo1-4c62cf", "name": "DataBank Santa Clara (SFO1)", "operator": "DataBank", "operator_confidence": "alias", "facility_class": "colocation", "lat": 37.407298682006811, "lon": -121.96595642203526, "address": "5101 Lafayette St", "city": "Santa Clara", "postcode": "95054-1010", "utility": "SVP", "utility_candidates": "PWRPA,SVP", "year_built": null, "building_levels_reported": 1.0, "building_levels_used": 1.0, "partial_occupancy": false, "footprint_sqft": 26781.237778562114, "est_gross_sqft": 26781.237778562114, "est_white_space_sqft": 16068.742667137267, "best_power_mw": 3.0530611067560809, "power_ci_low_mw": 1.4461868400423543, "power_ci_high_mw": 5.2062726241524739, "power_tier": "C_area", "n_power_methods": 1.0, "est_annual_gwh": 28.082056059942431, "pdb_net_count": 3.0, "pdb_ix_count": 0.0, "pdb_carrier_count": 1.0, "clli": null, "website": "https://www.databank.com/data-centers/silicon-valley/sv1/", "source_list": "osm,peeringdb", "n_sources": 2 }, "geometry": { "type": "Polygon", "coordinates": [ [ [ -121.9664, 37.4070278 ], [ -121.9665033, 37.4072288 ], [ -121.9660447, 37.4073776 ], [ -121.96607, 37.4074269 ], [ -121.9656062, 37.4075773 ], [ -121.9654574, 37.4072879 ], [ -121.9656821, 37.407215 ], [ -121.9657023, 37.4072543 ], [ -121.9664, 37.4070278 ] ] ] } },
{ "type": "Feature", "properties": { "facility_id": "edgecore-silicon-valley-f3d51a", "name": "EdgeCore Silicon Valley", "operator": "EdgeCore Silicon Valley", "operator_confidence": "unresolved", "facility_class": "unknown", "lat": 37.383718265058299, "lon": -121.96538823666975, "address": null, "city": null, "postcode": null, "utility": "SVP", "utility_candidates": "PWRPA,SVP", "year_built": null, "building_levels_reported": 1.0, "building_levels_used": 1.0, "partial_occupancy": false, "footprint_sqft": 80443.763823742032, "est_gross_sqft": 80443.763823742032, "est_white_space_sqft": 48266.258294245221, "best_power_mw": 9.1705890759065909, "power_ci_low_mw": 4.3439632464820699, "power_ci_high_mw": 16.217462786866392, "power_tier": "C_area", "n_power_methods": 1.0, "est_annual_gwh": 81.539375709515852, "pdb_net_count": null, "pdb_ix_count": null, "pdb_carrier_count": null, "clli": null, "website": "https://edgecore.com/locations/silicon-valley/", "source_list": "osm", "n_sources": 1 }, "geometry": { "type": "Polygon", "coordinates": [ [ [ -121.9661832, 37.3836688 ], [ -121.9648848, 37.384229 ], [ -121.9646256, 37.3838498 ], [ -121.9647387, 37.383801 ], [ -121.9646841, 37.3837211 ], [ -121.9658693, 37.3832095 ], [ -121.9661832, 37.3836688 ] ] ] } },
{ "type": "Feature", "properties": { "facility_id": "stack-svy02-089814", "name": "STACK SVY02", "operator": "STACK Infrastructure", "operator_confidence": "alias", "facility_class": "wholesale", "lat": 37.361931562531623, "lon": -121.95374429778916, "address": null, "city": null, "postcode": null, "utility": "SVP", "utility_candidates": "PWRPA,SVP", "year_built": null, "building_levels_reported": 1.0, "building_levels_used": 1.0, "partial_occupancy": false, "footprint_sqft": 136083.96998246599, "est_gross_sqft": 136083.96998246599, "est_white_space_sqft": 81650.381989479589, "best_power_mw": 17.146580217790717, "power_ci_low_mw": 8.5732901088953586, "power_ci_high_mw": 29.394137516212648, "power_tier": "C_area", "n_power_methods": 1.0, "est_annual_gwh": 152.45710334846436, "pdb_net_count": null, "pdb_ix_count": null, "pdb_carrier_count": null, "clli": null, "website": "https://www.stackinfra.com/locations/americas/silicon-valley/svy02/", "source_list": "osm", "n_sources": 1 }, "geometry": { "type": "Polygon", "coordinates": [ [ [ -121.9544801, 37.3623808 ], [ -121.9530488, 37.3623701 ], [ -121.9530543, 37.3619052 ], [ -121.9529718, 37.3619045 ], [ -121.9529768, 37.3614879 ], [ -121.9542861, 37.3614979 ], [ -121.9544894, 37.3615997 ], [ -121.9544801, 37.3623808 ] ] ] } }
]
}
