{
"type": "FeatureCollection",
"name": "facilities",
"crs": { "type": "name", "properties": { "name": "urn:ogc:def:crs:OGC:1.3:CRS84" } },
"features": [
{ "type": "Feature", "properties": { "facility_id": "stack-infrastructure-95e336", "name": "STACK Infrastructure", "operator": "STACK Infrastructure", "facility_class": "wholesale", "lat": 37.402212529921698, "lon": -121.89238428231019, "address": "2150 Trade Zone Boulevard", "city": "San Jose", "postcode": "95131", "utility": "PG&E", "utility_candidates": "PG&E,PWRPA", "year_built": null, "building_levels_reported": 1.0, "building_levels_used": 1.0, "partial_occupancy": false, "footprint_sqft": 107993.73420221552, "est_gross_sqft": 107993.73420221552, "est_white_space_sqft": 64796.24052132931, "best_power_mw": 13.607210509479156, "power_ci_low_mw": 6.803605254739578, "power_ci_high_mw": 23.326646587678553, "power_tier": "C_area", "n_power_methods": 1.0, "est_annual_gwh": 120.98715152398294, "pdb_net_count": null, "pdb_ix_count": null, "pdb_carrier_count": null, "clli": null, "website": null, "source_list": "osm", "n_sources": 1 }, "geometry": { "type": "Point", "coordinates": [ -121.892384282310189, 37.402212529921698 ] } },
{ "type": "Feature", "properties": { "facility_id": "digital-west-data-center-a9b15a", "name": "Digital West Data Center", "operator": "Digital Realty", "facility_class": "colocation", "lat": 35.2553162, "lon": -120.6415128, "address": null, "city": null, "postcode": null, "utility": "PG&E", "utility_candidates": "PG&E", "year_built": null, "building_levels_reported": 1.0, "building_levels_used": 1.0, "partial_occupancy": false, "footprint_sqft": null, "est_gross_sqft": null, "est_white_space_sqft": null, "best_power_mw": null, "power_ci_low_mw": null, "power_ci_high_mw": null, "power_tier": null, "n_power_methods": null, "est_annual_gwh": null, "pdb_net_count": null, "pdb_ix_count": null, "pdb_carrier_count": null, "clli": null, "website": null, "source_list": "osm", "n_sources": 1 }, "geometry": { "type": "Point", "coordinates": [ -120.6415128, 35.2553162 ] } },
{ "type": "Feature", "properties": { "facility_id": "coresite-san-jose-sv1-16db38", "name": "CoreSite - San Jose (SV1)", "operator": "CoreSite", "facility_class": "colocation", "lat": 37.3342167, "lon": -121.891572, "address": "55 S. Market Street", "city": "San Jose", "postcode": "95113", "utility": "PG&E", "utility_candidates": "PG&E,PWRPA", "year_built": null, "building_levels_reported": 1.0, "building_levels_used": 1.0, "partial_occupancy": false, "footprint_sqft": null, "est_gross_sqft": null, "est_white_space_sqft": null, "best_power_mw": 6.8797692307692309, "power_ci_low_mw": 2.40635, "power_ci_high_mw": 8.4088181818181802, "power_tier": "B_generator", "n_power_methods": 1.0, "est_annual_gwh": 63.28011738461538, "pdb_net_count": 55.0, "pdb_ix_count": 3.0, "pdb_carrier_count": 4.0, "clli": "SNJSCAJN", "website": "http://www.coresite.com", "source_list": "epa_nei,osm,peeringdb", "n_sources": 3 }, "geometry": { "type": "Point", "coordinates": [ -121.891572, 37.3342167 ] } },
{ "type": "Feature", "properties": { "facility_id": "ntirety-44a0d9", "name": "Ntirety", "operator": "Ntirety", "facility_class": "colocation", "lat": 37.7796531, "lon": -122.3940005, "address": "630 3rd Street", "city": null, "postcode": null, "utility": "PG&E", "utility_candidates": "CCSF,PG&E", "year_built": null, "building_levels_reported": 1.0, "building_levels_used": 1.0, "partial_occupancy": false, "footprint_sqft": null, "est_gross_sqft": null, "est_white_space_sqft": null, "best_power_mw": null, "power_ci_low_mw": null, "power_ci_high_mw": null, "power_tier": null, "n_power_methods": null, "est_annual_gwh": null, "pdb_net_count": null, "pdb_ix_count": null, "pdb_carrier_count": null, "clli": null, "website": null, "source_list": "osm", "n_sources": 1 }, "geometry": { "type": "Point", "coordinates": [ -122.3940005, 37.7796531 ] } },
{ "type": "Feature", "properties": { "facility_id": "e360-06b845", "name": "e360", "operator": "e360", "facility_class": "unknown", "lat": 37.9710809, "lon": -122.0437382, "address": "1855 Gateway Boulevard", "city": "Concord", "postcode": "94520", "utility": "PG&E", "utility_candidates": "PG&E", "year_built": null, "building_levels_reported": 1.0, "building_levels_used": 1.0, "partial_occupancy": false, "footprint_sqft": null, "est_gross_sqft": null, "est_white_space_sqft": null, "best_power_mw": null, "power_ci_low_mw": null, "power_ci_high_mw": null, "power_tier": null, "n_power_methods": null, "est_annual_gwh": null, "pdb_net_count": null, "pdb_ix_count": null, "pdb_carrier_count": null, "clli": null, "website": "https://www.e360.com/", "source_list": "osm", "n_sources": 1 }, "geometry": { "type": "Point", "coordinates": [ -122.0437382, 37.9710809 ] } },
{ "type": "Feature", "properties": { "facility_id": "it-eaba34", "name": "IT", "operator": "QTS", "facility_class": "wholesale", "lat": 33.9102899, "lon": -117.5030207, "address": null, "city": null, "postcode": null, "utility": "City of Riverside", "utility_candidates": "City of Riverside,Metropolitan Water District of So. Cal", "year_built": null, "building_levels_reported": 1.0, "building_levels_used": 1.0, "partial_occupancy": false, "footprint_sqft": null, "est_gross_sqft": null, "est_white_space_sqft": null, "best_power_mw": null, "power_ci_low_mw": null, "power_ci_high_mw": null, "power_tier": null, "n_power_methods": null, "est_annual_gwh": null, "pdb_net_count": null, "pdb_ix_count": null, "pdb_carrier_count": null, "clli": null, "website": null, "source_list": "osm", "n_sources": 1 }, "geometry": { "type": "Point", "coordinates": [ -117.5030207, 33.9102899 ] } },
{ "type": "Feature", "properties": { "facility_id": "prime-santa-clara-7f7c61", "name": "Prime Santa Clara", "operator": "Prime Data Centers", "facility_class": "wholesale", "lat": 37.3666621, "lon": -121.9628653, "address": "2215 Martin Avenue", "city": null, "postcode": null, "utility": "SVP", "utility_candidates": "PWRPA,SVP", "year_built": null, "building_levels_reported": 1.0, "building_levels_used": 1.0, "partial_occupancy": false, "footprint_sqft": null, "est_gross_sqft": null, "est_white_space_sqft": null, "best_power_mw": null, "power_ci_low_mw": null, "power_ci_high_mw": null, "power_tier": null, "n_power_methods": null, "est_annual_gwh": null, "pdb_net_count": null, "pdb_ix_count": null, "pdb_carrier_count": null, "clli": null, "website": "https://primedatacenters.com/santa-clara-data-centers/", "source_list": "osm", "n_sources": 1 }, "geometry": { "type": "Point", "coordinates": [ -121.9628653, 37.3666621 ] } },
{ "type": "Feature", "properties": { "facility_id": "forescout-technologies-inc-9088d3", "name": "Forescout Technologies, Inc.", "operator": "Forescout Technologies, Inc.", "facility_class": "unknown", "lat": 37.3228675, "lon": -121.9474176, "address": "300 Santana Row", "city": "San Jose", "postcode": "95128", "utility": "PG&E", "utility_candidates": "PG&E,PWRPA", "year_built": null, "building_levels_reported": 1.0, "building_levels_used": 1.0, "partial_occupancy": false, "footprint_sqft": null, "est_gross_sqft": null, "est_white_space_sqft": null, "best_power_mw": null, "power_ci_low_mw": null, "power_ci_high_mw": null, "power_tier": null, "n_power_methods": null, "est_annual_gwh": null, "pdb_net_count": null, "pdb_ix_count": null, "pdb_carrier_count": null, "clli": null, "website": "https://www.forescout.com/", "source_list": "osm", "n_sources": 1 }, "geometry": { "type": "Point", "coordinates": [ -121.9474176, 37.3228675 ] } },
{ "type": "Feature", "properties": { "facility_id": "coresite-los-angeles-la2-cbc8f1", "name": "CoreSite - Los Angeles (LA2)", "operator": "CoreSite", "facility_class": "colocation", "lat": 34.05828745, "lon": -118.2356357, "address": "900 N. Alameda", "city": "Los Angeles", "postcode": "90012", "utility": "LADWP", "utility_candidates": "LADWP,Metropolitan Water District of So. Cal", "year_built": null, "building_levels_reported": 1.0, "building_levels_used": 1.0, "partial_occupancy": false, "footprint_sqft": null, "est_gross_sqft": null, "est_white_space_sqft": null, "best_power_mw": null, "power_ci_low_mw": null, "power_ci_high_mw": null, "power_tier": null, "n_power_methods": null, "est_annual_gwh": null, "pdb_net_count": 196.0, "pdb_ix_count": 3.0, "pdb_carrier_count": 7.0, "clli": "LSANCAVJ", "website": "http://www.coresite.com", "source_list": "osm,peeringdb", "n_sources": 2 }, "geometry": { "type": "Point", "coordinates": [ -118.235635699999989, 34.05828745 ] } },
{ "type": "Feature", "properties": { "facility_id": "petadata-2ae21a", "name": "Petadata", "operator": "Petadata", "facility_class": "unknown", "lat": 37.5529209, "lon": -121.9808321, "address": null, "city": null, "postcode": null, "utility": "PG&E", "utility_candidates": "PG&E", "year_built": null, "building_levels_reported": 1.0, "building_levels_used": 1.0, "partial_occupancy": false, "footprint_sqft": null, "est_gross_sqft": null, "est_white_space_sqft": null, "best_power_mw": null, "power_ci_low_mw": null, "power_ci_high_mw": null, "power_tier": null, "n_power_methods": null, "est_annual_gwh": null, "pdb_net_count": null, "pdb_ix_count": null, "pdb_carrier_count": null, "clli": null, "website": null, "source_list": "osm", "n_sources": 1 }, "geometry": { "type": "Point", "coordinates": [ -121.9808321, 37.5529209 ] } },
{ "type": "Feature", "properties": { "facility_id": "lightedge-san-diego-1-san1-443e9e", "name": "LightEdge San Diego 1 (SAN1)", "operator": "LightEdge", "facility_class": "colocation", "lat": 32.827865522451162, "lon": -117.12993394626548, "address": "9305 Lightwave Ave", "city": "San Diego", "postcode": "92123", "utility": "SDG&E", "utility_candidates": "Metropolitan Water District of So. Cal,SDG&E", "year_built": null, "building_levels_reported": 1.0, "building_levels_used": 1.0, "partial_occupancy": false, "footprint_sqft": 83576.497556566232, "est_gross_sqft": 83576.497556566232, "est_white_space_sqft": 50145.89853393974, "best_power_mw": 9.5277207214485493, "power_ci_low_mw": 4.513130868054577, "power_ci_high_mw": 16.247271124996477, "power_tier": "C_area", "n_power_methods": 1.0, "est_annual_gwh": 87.635975195883745, "pdb_net_count": 7.0, "pdb_ix_count": 0.0, "pdb_carrier_count": 1.0, "clli": "SNDGCALW", "website": "http://www.lightedge.com/", "source_list": "osm,peeringdb", "n_sources": 2 }, "geometry": { "type": "Point", "coordinates": [ -117.129933946265481, 32.827865522451162 ] } },
{ "type": "Feature", "properties": { "facility_id": "edgeconnex-san-diego-edcsdg01-a2b1c3", "name": "EdgeConneX San Diego (EDCSDG01)", "operator": "EdgeConneX", "facility_class": "colocation", "lat": 32.842308661755503, "lon": -117.16934498916471, "address": "5761 Copley Dr", "city": "San Diego", "postcode": "92111", "utility": "SDG&E", "utility_candidates": "Metropolitan Water District of So. Cal,SDG&E", "year_built": null, "building_levels_reported": 1.0, "building_levels_used": 1.0, "partial_occupancy": false, "footprint_sqft": 39204.966677780561, "est_gross_sqft": 39204.966677780561, "est_white_space_sqft": 23522.980006668335, "best_power_mw": 4.4693662012669835, "power_ci_low_mw": 2.1170682006001504, "power_ci_high_mw": 7.6214455221605411, "power_tier": "C_area", "n_power_methods": 1.0, "est_annual_gwh": 41.109230319253705, "pdb_net_count": 8.0, "pdb_ix_count": 0.0, "pdb_carrier_count": 1.0, "clli": null, "website": "http://www.edgeconnex.com", "source_list": "osm,peeringdb", "n_sources": 2 }, "geometry": { "type": "Point", "coordinates": [ -117.169344989164713, 32.842308661755503 ] } },
{ "type": "Feature", "properties": { "facility_id": "ragingwire-ca2-ntt-cfea56", "name": "RagingWire CA2 - NTT", "operator": "NTT", "facility_class": "colocation", "lat": 38.650399526645494, "lon": -121.4919460999218, "address": "1312 Striker Avenue", "city": "Sacramento", "postcode": "95834", "utility": "SMUD", "utility_candidates": "SMUD", "year_built": null, "building_levels_reported": 1.0, "building_levels_used": 1.0, "partial_occupancy": false, "footprint_sqft": 204702.33946752831, "est_gross_sqft": 204702.33946752831, "est_white_space_sqft": 122821.40368051697, "best_power_mw": 23.336066699298225, "power_ci_low_mw": 11.053926331246529, "power_ci_high_mw": 39.794134792487505, "power_tier": "C_area", "n_power_methods": 1.0, "est_annual_gwh": 214.64514150014506, "pdb_net_count": 6.0, "pdb_ix_count": 0.0, "pdb_carrier_count": 0.0, "clli": "NSCRCA11", "website": "http://www.ragingwire.com", "source_list": "osm,peeringdb", "n_sources": 2 }, "geometry": { "type": "Point", "coordinates": [ -121.491946099921805, 38.650399526645494 ] } },
{ "type": "Feature", "properties": { "facility_id": "ragingwire-ca1-ntt-d9aa42", "name": "RagingWire CA1 - NTT", "operator": "NTT", "facility_class": "colocation", "lat": 38.650431829671597, "lon": -121.48918647194276, "address": "1200 Striker Avenue", "city": "Sacramento", "postcode": "95834", "utility": "SMUD", "utility_candidates": "SMUD", "year_built": null, "building_levels_reported": 1.0, "building_levels_used": 1.0, "partial_occupancy": false, "footprint_sqft": 192302.93017377116, "est_gross_sqft": 192302.93017377116, "est_white_space_sqft": 115381.7581042627, "best_power_mw": 21.922534039809914, "power_ci_low_mw": 10.384358229383643, "power_ci_high_mw": 37.383689625781109, "power_tier": "C_area", "n_power_methods": 1.0, "est_annual_gwh": 201.64346809817155, "pdb_net_count": 14.0, "pdb_ix_count": 0.0, "pdb_carrier_count": 2.0, "clli": "NSCRCA11", "website": "http://www.ragingwire.com", "source_list": "osm,peeringdb", "n_sources": 2 }, "geometry": { "type": "Point", "coordinates": [ -121.489186471942759, 38.650431829671597 ] } },
{ "type": "Feature", "properties": { "facility_id": "equinix-sv1-sv5-sv10-silicon-valley-san-jose-645d8a", "name": "Equinix SV1/SV5/SV10 - Silicon Valley, San Jose", "operator": "Equinix", "facility_class": "colocation", "lat": 37.241586803622475, "lon": -121.78332012554083, "address": "11 Great Oaks Blvd", "city": "San Jose", "postcode": "95119-1242", "utility": "PG&E", "utility_candidates": "PG&E,PWRPA", "year_built": null, "building_levels_reported": 1.0, "building_levels_used": 1.0, "partial_occupancy": false, "footprint_sqft": 135023.05754598702, "est_gross_sqft": 135023.05754598702, "est_white_space_sqft": 81013.834527592204, "best_power_mw": 28.834615384615383, "power_ci_low_mw": 7.898625, "power_ci_high_mw": 35.537727272727267, "power_tier": "B_generator", "n_power_methods": 2.0, "est_annual_gwh": 265.22079230769231, "pdb_net_count": 283.0, "pdb_ix_count": 8.0, "pdb_carrier_count": 7.0, "clli": "SNJSCA", "website": "https://www.equinix.com/locations/americas-colocation/united-states-colocation/silicon-valley-data-centers/", "source_list": "epa_nei,osm,peeringdb", "n_sources": 3 }, "geometry": { "type": "Point", "coordinates": [ -121.783320125540826, 37.241586803622475 ] } },
{ "type": "Feature", "properties": { "facility_id": "opencolo-462b97", "name": "OpenColo", "operator": "Energy Group Networks LLC", "facility_class": "unknown", "lat": 37.37881629219563, "lon": -121.95593725173481, "address": "3223 Kenneth St", "city": "Santa Clara", "postcode": "95054", "utility": "SVP", "utility_candidates": "PWRPA,SVP", "year_built": null, "building_levels_reported": 1.0, "building_levels_used": 1.0, "partial_occupancy": false, "footprint_sqft": 65471.488464864255, "est_gross_sqft": 65471.488464864255, "est_white_space_sqft": 39282.893078918554, "best_power_mw": 7.4637496849945251, "power_ci_low_mw": 3.5354603771026696, "power_ci_high_mw": 13.199052074516633, "power_tier": "C_area", "n_power_methods": 1.0, "est_annual_gwh": 66.363183949160316, "pdb_net_count": 25.0, "pdb_ix_count": 3.0, "pdb_carrier_count": 0.0, "clli": null, "website": "https://opencolo.com/our-facility/", "source_list": "osm,peeringdb", "n_sources": 2 }, "geometry": { "type": "Point", "coordinates": [ -121.955937251734809, 37.37881629219563 ] } },
{ "type": "Feature", "properties": { "facility_id": "equinix-sv2-silicon-valley-santa-clara-46cae5", "name": "Equinix SV2 - Silicon Valley, Santa Clara", "operator": "Equinix", "facility_class": "colocation", "lat": 37.378433690879682, "lon": -121.95499188032424, "address": "1350 Duane Ave", "city": "Santa Clara", "postcode": "95054", "utility": "SVP", "utility_candidates": "PWRPA,SVP", "year_built": null, "building_levels_reported": 1.0, "building_levels_used": 1.0, "partial_occupancy": false, "footprint_sqft": 81106.201305653769, "est_gross_sqft": 81106.201305653769, "est_white_space_sqft": 48663.720783392258, "best_power_mw": 12.357692307692306, "power_ci_low_mw": 3.385125, "power_ci_high_mw": 15.230454545454545, "power_tier": "B_generator", "n_power_methods": 2.0, "est_annual_gwh": 113.66605384615383, "pdb_net_count": 24.0, "pdb_ix_count": 2.0, "pdb_carrier_count": 2.0, "clli": null, "website": "https://www.equinix.com/locations/americas-colocation/united-states-colocation/silicon-valley-data-centers/sv2/", "source_list": "epa_nei,osm,peeringdb", "n_sources": 3 }, "geometry": { "type": "Point", "coordinates": [ -121.954991880324243, 37.378433690879682 ] } },
{ "type": "Feature", "properties": { "facility_id": "layer42-santa-clara-accd81", "name": "Layer42 Santa Clara", "operator": "Layer42", "facility_class": "colocation", "lat": 37.378039948467261, "lon": -121.95415110295477, "address": "3080 Raymond Street", "city": null, "postcode": null, "utility": "SVP", "utility_candidates": "PWRPA,SVP", "year_built": null, "building_levels_reported": 1.0, "building_levels_used": 1.0, "partial_occupancy": false, "footprint_sqft": 25031.598286774995, "est_gross_sqft": 25031.598286774995, "est_white_space_sqft": 15018.958972064996, "best_power_mw": 2.8536022046923493, "power_ci_low_mw": 1.3517063074858495, "power_ci_high_mw": 4.8661427069490593, "power_tier": "C_area", "n_power_methods": 1.0, "est_annual_gwh": 26.247433078760228, "pdb_net_count": null, "pdb_ix_count": null, "pdb_carrier_count": null, "clli": null, "website": null, "source_list": "osm", "n_sources": 1 }, "geometry": { "type": "Point", "coordinates": [ -121.954151102954768, 37.378039948467261 ] } },
{ "type": "Feature", "properties": { "facility_id": "digital-realty-sjc-2820-nw-pkwy-d8d87b", "name": "Digital Realty SJC (2820 NW Pkwy)", "operator": "Digital Realty", "facility_class": "colocation", "lat": 37.37238819600703, "lon": -121.97361948707294, "address": "2820 Northwestern Pkwy Vantage Building V1", "city": "Santa Clara", "postcode": "95051", "utility": "SVP", "utility_candidates": "PWRPA,SVP", "year_built": null, "building_levels_reported": 1.0, "building_levels_used": 1.0, "partial_occupancy": false, "footprint_sqft": 129242.47277955833, "est_gross_sqft": 129242.47277955833, "est_white_space_sqft": 77545.483667734996, "best_power_mw": 14.733641896869651, "power_ci_low_mw": 6.9790935300961499, "power_ci_high_mw": 25.124736708346141, "power_tier": "C_area", "n_power_methods": 1.0, "est_annual_gwh": 135.52003816740705, "pdb_net_count": 13.0, "pdb_ix_count": 1.0, "pdb_carrier_count": 2.0, "clli": null, "website": "https://www.digitalrealty.com", "source_list": "osm,peeringdb", "n_sources": 2 }, "geometry": { "type": "Point", "coordinates": [ -121.973619487072938, 37.37238819600703 ] } },
{ "type": "Feature", "properties": { "facility_id": "centersquare-silicon-valley-sfo1-15b92e", "name": "Centersquare Silicon Valley (SFO1)", "operator": "CenterSquare", "facility_class": "colocation", "lat": 37.371519049502254, "lon": -121.96969744699751, "address": "2401 Walsh Avenue", "city": "Santa Clara", "postcode": "95051", "utility": "SVP", "utility_candidates": "PWRPA,SVP", "year_built": null, "building_levels_reported": 1.0, "building_levels_used": 1.0, "partial_occupancy": false, "footprint_sqft": 92193.473278529797, "est_gross_sqft": 92193.473278529797, "est_white_space_sqft": 55316.083967117876, "best_power_mw": 10.510055953752397, "power_ci_low_mw": 4.9784475570406093, "power_ci_high_mw": 17.92241120534619, "power_tier": "C_area", "n_power_methods": 1.0, "est_annual_gwh": 96.671494662614535, "pdb_net_count": 4.0, "pdb_ix_count": 1.0, "pdb_carrier_count": 1.0, "clli": null, "website": "https://centersquaredc.com/data-centers/silicon-valley", "source_list": "osm,peeringdb", "n_sources": 2 }, "geometry": { "type": "Point", "coordinates": [ -121.969697446997515, 37.371519049502254 ] } },
{ "type": "Feature", "properties": { "facility_id": "vantage-data-centers-santa-clara-38fc1d", "name": "Vantage Data Centers (Santa Clara)", "operator": "Vantage Data Centers", "facility_class": "wholesale", "lat": 37.373385909691017, "lon": -121.97269294062248, "address": "2625 Walsh Ave", "city": "Santa Clara", "postcode": "95051", "utility": "SVP", "utility_candidates": "PWRPA,SVP", "year_built": null, "building_levels_reported": 1.0, "building_levels_used": 1.0, "partial_occupancy": false, "footprint_sqft": 89293.612323332738, "est_gross_sqft": 89293.612323332738, "est_white_space_sqft": 53576.16739399964, "best_power_mw": 56.296153846153842, "power_ci_low_mw": 15.421125, "power_ci_high_mw": 69.383181818181811, "power_tier": "B_generator", "n_power_methods": 2.0, "est_annual_gwh": 500.55162230769224, "pdb_net_count": 4.0, "pdb_ix_count": 0.0, "pdb_carrier_count": 1.0, "clli": null, "website": "http://www.vantage-dc.com/", "source_list": "epa_nei,osm,peeringdb", "n_sources": 3 }, "geometry": { "type": "Point", "coordinates": [ -121.97269294062248, 37.373385909691017 ] } },
{ "type": "Feature", "properties": { "facility_id": "cologix-sv1-e30f9a", "name": "Cologix SV1", "operator": "Cologix", "facility_class": "colocation", "lat": 37.365332809676637, "lon": -121.96170041834212, "address": "2050 Martin Ave", "city": "Santa Clara", "postcode": "95050-2702", "utility": "SVP", "utility_candidates": "PWRPA,SVP", "year_built": null, "building_levels_reported": 1.0, "building_levels_used": 1.0, "partial_occupancy": false, "footprint_sqft": 80686.216939225618, "est_gross_sqft": 80686.216939225618, "est_white_space_sqft": 48411.730163535372, "best_power_mw": 9.1982287310717208, "power_ci_low_mw": 4.3570557147181832, "power_ci_high_mw": 15.68540057298546, "power_tier": "C_area", "n_power_methods": 1.0, "est_annual_gwh": 84.605307868397674, "pdb_net_count": 8.0, "pdb_ix_count": 1.0, "pdb_carrier_count": 1.0, "clli": null, "website": "http://www.cologix.com", "source_list": "osm,peeringdb", "n_sources": 2 }, "geometry": { "type": "Point", "coordinates": [ -121.961700418342119, 37.365332809676637 ] } },
{ "type": "Feature", "properties": { "facility_id": "csquare-sfo2-520ea6", "name": "Csquare SFO2", "operator": "Csquare", "facility_class": "colocation", "lat": 37.397579195198119, "lon": -121.98086935124522, "address": "4650 Old Ironsides Drive", "city": "Santa Clara", "postcode": "95054", "utility": "SVP", "utility_candidates": "PWRPA,SVP", "year_built": null, "building_levels_reported": 1.0, "building_levels_used": 1.0, "partial_occupancy": false, "footprint_sqft": 146098.14558586929, "est_gross_sqft": 146098.14558586929, "est_white_space_sqft": 87658.887351521567, "best_power_mw": 16.655188596789099, "power_ci_low_mw": 7.8892998616369425, "power_ci_high_mw": 28.401479501892993, "power_tier": "C_area", "n_power_methods": 1.0, "est_annual_gwh": 153.1944247132661, "pdb_net_count": null, "pdb_ix_count": null, "pdb_carrier_count": null, "clli": null, "website": null, "source_list": "osm", "n_sources": 1 }, "geometry": { "type": "Point", "coordinates": [ -121.980869351245218, 37.397579195198119 ] } },
{ "type": "Feature", "properties": { "facility_id": "centersquare-silicon-valley-sfo2-6e3231", "name": "Centersquare Silicon Valley (SFO2)", "operator": "CenterSquare", "facility_class": "colocation", "lat": 37.398618330654088, "lon": -121.98111165297756, "address": "4700 Old Ironsides Drive", "city": "Santa Clara", "postcode": "95054", "utility": "SVP", "utility_candidates": "PWRPA,SVP", "year_built": null, "building_levels_reported": 1.0, "building_levels_used": 1.0, "partial_occupancy": false, "footprint_sqft": 115693.10939175505, "est_gross_sqft": 115693.10939175505, "est_white_space_sqft": 69415.865635053022, "best_power_mw": 13.189014470660073, "power_ci_low_mw": 6.2474279071547727, "power_ci_high_mw": 22.490740465757181, "power_tier": "C_area", "n_power_methods": 1.0, "est_annual_gwh": 121.31255510113135, "pdb_net_count": 7.0, "pdb_ix_count": 1.0, "pdb_carrier_count": 0.0, "clli": null, "website": "https://centersquaredc.com/data-centers/silicon-valley", "source_list": "osm,peeringdb", "n_sources": 2 }, "geometry": { "type": "Point", "coordinates": [ -121.98111165297756, 37.398618330654088 ] } },
{ "type": "Feature", "properties": { "facility_id": "qts-santa-clara-1-2b7f00", "name": "QTS Santa Clara 1", "operator": "QTS", "facility_class": "wholesale", "lat": 37.392721680369988, "lon": -121.97839685413797, "address": "2805 Mission College Boulevard", "city": "Santa Clara", "postcode": "95054", "utility": "SVP", "utility_candidates": "PWRPA,SVP", "year_built": null, "building_levels_reported": 1.0, "building_levels_used": 1.0, "partial_occupancy": false, "footprint_sqft": 36808.128391203121, "est_gross_sqft": 36808.128391203121, "est_white_space_sqft": 22084.877034721871, "best_power_mw": 4.6378241772915922, "power_ci_low_mw": 2.3189120886457966, "power_ci_high_mw": 7.9505557324998746, "power_tier": "C_area", "n_power_methods": 1.0, "est_annual_gwh": 41.236749889970469, "pdb_net_count": null, "pdb_ix_count": null, "pdb_carrier_count": null, "clli": null, "website": "https://qtsdatacenters.com/data-centers/santa-clara/", "source_list": "osm", "n_sources": 1 }, "geometry": { "type": "Point", "coordinates": [ -121.978396854137969, 37.392721680369988 ] } },
{ "type": "Feature", "properties": { "facility_id": "coresite-santa-clara-sv3-ca6c12", "name": "CoreSite - Santa Clara (SV3)", "operator": "CoreSite", "facility_class": "colocation", "lat": 37.375142093130528, "lon": -121.97170937319939, "address": "2901 Stender Way", "city": "Santa Clara", "postcode": "95054", "utility": "SVP", "utility_candidates": "PWRPA,SVP", "year_built": null, "building_levels_reported": 1.0, "building_levels_used": 1.0, "partial_occupancy": false, "footprint_sqft": 57809.925961382141, "est_gross_sqft": 57809.925961382141, "est_white_space_sqft": 34685.955576829285, "best_power_mw": 28.834615384615383, "power_ci_low_mw": 7.898625, "power_ci_high_mw": 35.537727272727267, "power_tier": "B_generator", "n_power_methods": 2.0, "est_annual_gwh": 265.22079230769231, "pdb_net_count": 4.0, "pdb_ix_count": 2.0, "pdb_carrier_count": 1.0, "clli": "SNTCCAQM", "website": "http://www.coresite.com", "source_list": "epa_nei,osm,peeringdb", "n_sources": 3 }, "geometry": { "type": "Point", "coordinates": [ -121.971709373199388, 37.375142093130528 ] } },
{ "type": "Feature", "properties": { "facility_id": "coresite-sv6-583ee0", "name": "CoreSite SV6", "operator": "CoreSite", "facility_class": "colocation", "lat": 37.376301881078767, "lon": -121.97208379969574, "address": null, "city": null, "postcode": null, "utility": "SVP", "utility_candidates": "PWRPA,SVP", "year_built": null, "building_levels_reported": 1.0, "building_levels_used": 1.0, "partial_occupancy": false, "footprint_sqft": 61065.983312684075, "est_gross_sqft": 61065.983312684075, "est_white_space_sqft": 36639.589987610445, "best_power_mw": 6.9615220976459851, "power_ci_low_mw": 3.29756309888494, "power_ci_high_mw": 11.871227155985784, "power_tier": "C_area", "n_power_methods": 1.0, "est_annual_gwh": 64.032080254147758, "pdb_net_count": null, "pdb_ix_count": null, "pdb_carrier_count": null, "clli": null, "website": null, "source_list": "osm", "n_sources": 1 }, "geometry": { "type": "Point", "coordinates": [ -121.972083799695739, 37.376301881078767 ] } },
{ "type": "Feature", "properties": { "facility_id": "coresite-santa-clara-sv8-a64bb0", "name": "CoreSite - Santa Clara (SV8)", "operator": "CoreSite", "facility_class": "colocation", "lat": 37.377382656633159, "lon": -121.97184005129328, "address": "3045 Stender Way", "city": "Santa Clara", "postcode": "95054", "utility": "SVP", "utility_candidates": "PWRPA,SVP", "year_built": null, "building_levels_reported": 1.0, "building_levels_used": 1.0, "partial_occupancy": false, "footprint_sqft": 41609.936131054565, "est_gross_sqft": 41609.936131054565, "est_white_space_sqft": 24965.961678632739, "best_power_mw": 4.7435327189402212, "power_ci_low_mw": 2.2469365510769461, "power_ci_high_mw": 8.088971583877008, "power_tier": "C_area", "n_power_methods": 1.0, "est_annual_gwh": 43.631013948812146, "pdb_net_count": 4.0, "pdb_ix_count": 2.0, "pdb_carrier_count": 0.0, "clli": "SNTCCA", "website": "http://www.coresite.com", "source_list": "osm,peeringdb", "n_sources": 2 }, "geometry": { "type": "Point", "coordinates": [ -121.971840051293285, 37.377382656633159 ] } },
{ "type": "Feature", "properties": { "facility_id": "coresite-sv5-8f88a5", "name": "CoreSite SV5", "operator": "CoreSite", "facility_class": "colocation", "lat": 37.375196098938183, "lon": -121.97068979279841, "address": null, "city": null, "postcode": null, "utility": "SVP", "utility_candidates": "PWRPA,SVP", "year_built": null, "building_levels_reported": 1.0, "building_levels_used": 1.0, "partial_occupancy": false, "footprint_sqft": 50856.862826384939, "est_gross_sqft": 50856.862826384939, "est_white_space_sqft": 30514.117695830962, "best_power_mw": 5.7976823622078832, "power_ci_low_mw": 2.7462705926247866, "power_ci_high_mw": 9.8865741334492316, "power_tier": "C_area", "n_power_methods": 1.0, "est_annual_gwh": 53.327082367588112, "pdb_net_count": null, "pdb_ix_count": null, "pdb_carrier_count": null, "clli": null, "website": null, "source_list": "osm", "n_sources": 1 }, "geometry": { "type": "Point", "coordinates": [ -121.97068979279841, 37.375196098938183 ] } },
{ "type": "Feature", "properties": { "facility_id": "coresite-santa-clara-sv9-48fc54", "name": "CoreSite - Santa Clara (SV9)", "operator": "CoreSite", "facility_class": "colocation", "lat": 37.375558515629251, "lon": -121.96960997000006, "address": "2915 Stender Way Santa Clara CA  95054-3214", "city": "Santa Clara", "postcode": "95054-3214", "utility": "SVP", "utility_candidates": "PWRPA,SVP", "year_built": null, "building_levels_reported": 1.0, "building_levels_used": 1.0, "partial_occupancy": false, "footprint_sqft": 60403.488945672572, "est_gross_sqft": 60403.488945672572, "est_white_space_sqft": 36242.09336740354, "best_power_mw": 6.8859977398066725, "power_ci_low_mw": 3.2617884030663191, "power_ci_high_mw": 11.742438251038747, "power_tier": "C_area", "n_power_methods": 1.0, "est_annual_gwh": 63.337407210741766, "pdb_net_count": 4.0, "pdb_ix_count": 2.0, "pdb_carrier_count": 0.0, "clli": "SNTCCA", "website": "https://www.coresite.com", "source_list": "osm,peeringdb", "n_sources": 2 }, "geometry": { "type": "Point", "coordinates": [ -121.969609970000064, 37.375558515629251 ] } },
{ "type": "Feature", "properties": { "facility_id": "equinix-sv4-silicon-valley-sunnyvale-2f8bbf", "name": "Equinix SV4 - Silicon Valley, Sunnyvale", "operator": "Equinix", "facility_class": "colocation", "lat": 37.414564315001698, "lon": -122.01457953685338, "address": "255 Caspian Dr", "city": "Sunnyvale", "postcode": "94089", "utility": "PG&E", "utility_candidates": "PG&E,PWRPA", "year_built": null, "building_levels_reported": 1.0, "building_levels_used": 1.0, "partial_occupancy": false, "footprint_sqft": 122369.3955409717, "est_gross_sqft": 122369.3955409717, "est_white_space_sqft": 73421.637324583018, "best_power_mw": 6.865384615384615, "power_ci_low_mw": 1.880625, "power_ci_high_mw": 8.4613636363636342, "power_tier": "B_generator", "n_power_methods": 2.0, "est_annual_gwh": 63.147807692307687, "pdb_net_count": 16.0, "pdb_ix_count": 2.0, "pdb_carrier_count": 1.0, "clli": "SNVBCA", "website": "https://www.equinix.com/locations/americas-colocation/united-states-colocation/silicon-valley-data-centers/sv4/", "source_list": "epa_nei,osm,peeringdb", "n_sources": 3 }, "geometry": { "type": "Point", "coordinates": [ -122.014579536853375, 37.414564315001698 ] } },
{ "type": "Feature", "properties": { "facility_id": "equinix-sv8-silicon-valley-palo-alto-895455", "name": "Equinix SV8 - Silicon Valley, Palo Alto", "operator": "Equinix", "facility_class": "colocation", "lat": 37.445895219187321, "lon": -122.16078171269815, "address": "529 Bryant St", "city": "Palo Alto", "postcode": "94301-1704", "utility": "City of Palo Alto", "utility_candidates": "City of Palo Alto,PWRPA", "year_built": null, "building_levels_reported": 1.0, "building_levels_used": 1.0, "partial_occupancy": false, "footprint_sqft": 12034.886119565102, "est_gross_sqft": 12034.886119565102, "est_white_space_sqft": 7220.9316717390611, "best_power_mw": 1.3719770176304216, "power_ci_low_mw": 0.64988385045651553, "power_ci_high_mw": 2.3395818616434561, "power_tier": "C_area", "n_power_methods": 1.0, "est_annual_gwh": 12.619444608164617, "pdb_net_count": 66.0, "pdb_ix_count": 4.0, "pdb_carrier_count": 2.0, "clli": "PLALCA", "website": "https://www.equinix.com/locations/americas-colocation/united-states-colocation/silicon-valley-data-centers/sv8/", "source_list": "osm,peeringdb", "n_sources": 2 }, "geometry": { "type": "Point", "coordinates": [ -122.160781712698153, 37.445895219187321 ] } },
{ "type": "Feature", "properties": { "facility_id": "equinix-sv5-c172a1", "name": "Equinix SV5", "operator": "Equinix", "facility_class": "colocation", "lat": 37.242040468049744, "lon": -121.78183928506765, "address": "9 Great Oaks Boulevard", "city": "San Jose", "postcode": "95119", "utility": "PG&E", "utility_candidates": "PG&E,PWRPA", "year_built": null, "building_levels_reported": 1.0, "building_levels_used": 1.0, "partial_occupancy": false, "footprint_sqft": 166314.17472264261, "est_gross_sqft": 166314.17472264261, "est_white_space_sqft": 99788.504833585568, "best_power_mw": 18.95981591838126, "power_ci_low_mw": 8.9809654350226999, "power_ci_high_mw": 32.331475566081721, "power_tier": "C_area", "n_power_methods": 1.0, "est_annual_gwh": 174.39238681727079, "pdb_net_count": null, "pdb_ix_count": null, "pdb_carrier_count": null, "clli": null, "website": "https://www.equinix.com/data-centers/americas-colocation/united-states-colocation/silicon-valley-data-centers/sv5", "source_list": "osm", "n_sources": 1 }, "geometry": { "type": "Point", "coordinates": [ -121.781839285067647, 37.242040468049744 ] } },
{ "type": "Feature", "properties": { "facility_id": "ragingwire-ca3-ntt-027a48", "name": "RagingWire CA3 - NTT", "operator": "NTT", "facility_class": "colocation", "lat": 38.644239349798376, "lon": -121.49876273284119, "address": "1625 W National Dr", "city": "Sacramento", "postcode": "95834", "utility": "SMUD", "utility_candidates": "SMUD", "year_built": null, "building_levels_reported": 1.0, "building_levels_used": 1.0, "partial_occupancy": false, "footprint_sqft": 151366.72671773288, "est_gross_sqft": 151366.72671773288, "est_white_space_sqft": 90820.03603063972, "best_power_mw": 17.255806845821549, "power_ci_low_mw": 8.1738032427575753, "power_ci_high_mw": 29.425691673927268, "power_tier": "C_area", "n_power_methods": 1.0, "est_annual_gwh": 158.71891136786658, "pdb_net_count": 5.0, "pdb_ix_count": 0.0, "pdb_carrier_count": 0.0, "clli": "NSCRCA11", "website": "https://www.ragingwire.com/", "source_list": "osm,peeringdb", "n_sources": 2 }, "geometry": { "type": "Point", "coordinates": [ -121.498762732841186, 38.644239349798376 ] } },
{ "type": "Feature", "properties": { "facility_id": "360-spear-961d6b", "name": "360 Spear", "operator": "Prudential Financial, Inc.", "facility_class": "colocation", "lat": 37.788991655677911, "lon": -122.39013668594596, "address": "360 Spear St.", "city": "San Francisco", "postcode": "94105", "utility": "PG&E", "utility_candidates": "CCSF,PG&E", "year_built": null, "building_levels_reported": 1.0, "building_levels_used": 1.0, "partial_occupancy": false, "footprint_sqft": 34599.982968092168, "est_gross_sqft": 34599.982968092168, "est_white_space_sqft": 20759.9897808553, "best_power_mw": 3.9443980583625069, "power_ci_low_mw": 1.8683990802769772, "power_ci_high_mw": 6.7262366889971172, "power_tier": "C_area", "n_power_methods": 1.0, "est_annual_gwh": 36.280573340818336, "pdb_net_count": 3.0, "pdb_ix_count": 0.0, "pdb_carrier_count": 0.0, "clli": null, "website": "http://www.pgimrealestate.com", "source_list": "osm,peeringdb", "n_sources": 2 }, "geometry": { "type": "Point", "coordinates": [ -122.390136685945961, 37.788991655677911 ] } },
{ "type": "Feature", "properties": { "facility_id": "qts-sacramento-sac1-fcf61f", "name": "QTS Sacramento (SAC1)", "operator": "QTS", "facility_class": "wholesale", "lat": 38.646349324349828, "lon": -121.48622274438775, "address": "1100 North Market Blvd", "city": "Sacramento", "postcode": "95834", "utility": "SMUD", "utility_candidates": "SMUD", "year_built": null, "building_levels_reported": 1.0, "building_levels_used": 1.0, "partial_occupancy": false, "footprint_sqft": 90196.447075441218, "est_gross_sqft": 90196.447075441218, "est_white_space_sqft": 54117.868245264726, "best_power_mw": 11.364752331505592, "power_ci_low_mw": 5.682376165752796, "power_ci_high_mw": 19.482432568295302, "power_tier": "C_area", "n_power_methods": 1.0, "est_annual_gwh": 101.04855888034881, "pdb_net_count": 13.0, "pdb_ix_count": 1.0, "pdb_carrier_count": 1.0, "clli": null, "website": "http://www.qtsdatacenters.com/data-centers/sacramento", "source_list": "osm,peeringdb", "n_sources": 2 }, "geometry": { "type": "Point", "coordinates": [ -121.486222744387746, 38.646349324349828 ] } },
{ "type": "Feature", "properties": { "facility_id": "equinix-sv15-34f355", "name": "Equinix SV15", "operator": "Equinix", "facility_class": "colocation", "lat": 37.37549515000001, "lon": -121.9884063, "address": "2960 Corvin Drive", "city": "Santa Clara", "postcode": "95051", "utility": "SVP", "utility_candidates": "PWRPA,SVP", "year_built": null, "building_levels_reported": 1.0, "building_levels_used": 1.0, "partial_occupancy": false, "footprint_sqft": 38211.964007752635, "est_gross_sqft": 38211.964007752635, "est_white_space_sqft": 22927.178404651579, "best_power_mw": 4.3561638968837997, "power_ci_low_mw": 2.0634460564186425, "power_ci_high_mw": 7.4284058031071121, "power_tier": "C_area", "n_power_methods": 1.0, "est_annual_gwh": 40.067995523537185, "pdb_net_count": null, "pdb_ix_count": null, "pdb_carrier_count": null, "clli": null, "website": "https://www.equinix.com/data-centers/americas-colocation/united-states-colocation/silicon-valley-data-centers/sv15", "source_list": "osm", "n_sources": 1 }, "geometry": { "type": "Point", "coordinates": [ -121.9884063, 37.37549515 ] } },
{ "type": "Feature", "properties": { "facility_id": "equinix-sv16-4fee5c", "name": "Equinix SV16", "operator": "Equinix", "facility_class": "colocation", "lat": 37.376118022833708, "lon": -121.98868795323642, "address": "2960 Corvin Drive", "city": "Santa Clara", "postcode": "95051", "utility": "SVP", "utility_candidates": "PWRPA,SVP", "year_built": null, "building_levels_reported": 1.0, "building_levels_used": 1.0, "partial_occupancy": false, "footprint_sqft": 26347.913881768331, "est_gross_sqft": 26347.913881768331, "est_white_space_sqft": 15808.748329060998, "best_power_mw": 3.0036621825215897, "power_ci_low_mw": 1.4227873496154899, "power_ci_high_mw": 5.1220344586157633, "power_tier": "C_area", "n_power_methods": 1.0, "est_annual_gwh": 27.627684754833584, "pdb_net_count": null, "pdb_ix_count": null, "pdb_carrier_count": null, "clli": null, "website": "https://www.equinix.com/data-centers/americas-colocation/united-states-colocation/silicon-valley-data-centers/sv16", "source_list": "osm", "n_sources": 1 }, "geometry": { "type": "Point", "coordinates": [ -121.988687953236422, 37.376118022833708 ] } },
{ "type": "Feature", "properties": { "facility_id": "equinix-sv17-3b6e78", "name": "Equinix SV17", "operator": "Equinix", "facility_class": "colocation", "lat": 37.37652899542374, "lon": -121.98858391312461, "address": "2960 Corvin Drive", "city": "Santa Clara", "postcode": "95051", "utility": "SVP", "utility_candidates": "PWRPA,SVP", "year_built": null, "building_levels_reported": 1.0, "building_levels_used": 1.0, "partial_occupancy": false, "footprint_sqft": 42360.669778364216, "est_gross_sqft": 42360.669778364216, "est_white_space_sqft": 25416.401867018529, "best_power_mw": 4.8291163547335199, "power_ci_low_mw": 2.287476168031668, "power_ci_high_mw": 8.2349142049140021, "power_tier": "C_area", "n_power_methods": 1.0, "est_annual_gwh": 44.418212230838918, "pdb_net_count": null, "pdb_ix_count": null, "pdb_carrier_count": null, "clli": null, "website": "https://www.equinix.com/data-centers/americas-colocation/united-states-colocation/silicon-valley-data-centers/sv17", "source_list": "osm", "n_sources": 1 }, "geometry": { "type": "Point", "coordinates": [ -121.988583913124614, 37.37652899542374 ] } },
{ "type": "Feature", "properties": { "facility_id": "equinix-sv14-58daf0", "name": "Equinix SV14", "operator": "Equinix", "facility_class": "colocation", "lat": 37.374962137960061, "lon": -121.98850932458727, "address": "2960 Corvin Drive", "city": "Santa Clara", "postcode": "95051", "utility": "SVP", "utility_candidates": "PWRPA,SVP", "year_built": null, "building_levels_reported": 1.0, "building_levels_used": 1.0, "partial_occupancy": false, "footprint_sqft": 20213.122951770634, "est_gross_sqft": 20213.122951770634, "est_white_space_sqft": 12127.873771062381, "best_power_mw": 2.3042960165018522, "power_ci_low_mw": 1.0915086393956142, "power_ci_high_mw": 3.9294311018242114, "power_tier": "C_area", "n_power_methods": 1.0, "est_annual_gwh": 21.194914759784034, "pdb_net_count": null, "pdb_ix_count": null, "pdb_carrier_count": null, "clli": null, "website": "https://www.equinix.com/data-centers/americas-colocation/united-states-colocation/silicon-valley-data-centers/sv14", "source_list": "osm", "n_sources": 1 }, "geometry": { "type": "Point", "coordinates": [ -121.98850932458727, 37.374962137960061 ] } },
{ "type": "Feature", "properties": { "facility_id": "coresite-santa-clara-sv4-811c68", "name": "CoreSite - Santa Clara (SV4)", "operator": "CoreSite", "facility_class": "colocation", "lat": 37.376263105502233, "lon": -121.97068417340407, "address": "2972 Stender Way", "city": "Santa Clara", "postcode": "95054", "utility": "SVP", "utility_candidates": "PWRPA,SVP", "year_built": null, "building_levels_reported": 1.0, "building_levels_used": 1.0, "partial_occupancy": false, "footprint_sqft": 51928.298400606698, "est_gross_sqft": 51928.298400606698, "est_white_space_sqft": 31156.979040364018, "best_power_mw": 5.9198260176691635, "power_ci_low_mw": 2.8041281136327618, "power_ci_high_mw": 10.094861209077941, "power_tier": "C_area", "n_power_methods": 1.0, "est_annual_gwh": 54.45055971052097, "pdb_net_count": 21.0, "pdb_ix_count": 3.0, "pdb_carrier_count": 2.0, "clli": "SNTCCAQM", "website": "http://www.coresite.com", "source_list": "osm,peeringdb", "n_sources": 2 }, "geometry": { "type": "Point", "coordinates": [ -121.970684173404067, 37.376263105502233 ] } },
{ "type": "Feature", "properties": { "facility_id": "prime-santa-clara-0031f4", "name": "Prime Santa Clara", "operator": "Prime Data Centers", "facility_class": "wholesale", "lat": 37.375017216615134, "lon": -121.95324973328164, "address": "1111 Comstock Street", "city": null, "postcode": null, "utility": "SVP", "utility_candidates": "PWRPA,SVP", "year_built": null, "building_levels_reported": 1.0, "building_levels_used": 1.0, "partial_occupancy": false, "footprint_sqft": 30065.643058814374, "est_gross_sqft": 30065.643058814374, "est_white_space_sqft": 18039.385835288624, "best_power_mw": 3.7882710254106113, "power_ci_low_mw": 1.8941355127053057, "power_ci_high_mw": 6.494178900703905, "power_tier": "C_area", "n_power_methods": 1.0, "est_annual_gwh": 33.6830329953359, "pdb_net_count": null, "pdb_ix_count": null, "pdb_carrier_count": null, "clli": null, "website": "https://primedatacenters.com/santa-clara-data-centers/", "source_list": "osm", "n_sources": 1 }, "geometry": { "type": "Point", "coordinates": [ -121.953249733281638, 37.375017216615134 ] } },
{ "type": "Feature", "properties": { "facility_id": "digital-realty-sjc-1100-space-park-ae8df5", "name": "Digital Realty SJC (1100 Space Park)", "operator": "Digital Realty", "facility_class": "colocation", "lat": 37.375822905103178, "lon": -121.95333535904953, "address": "1100 Space Park", "city": "Santa Clara", "postcode": "95054", "utility": "SVP", "utility_candidates": "PWRPA,SVP", "year_built": null, "building_levels_reported": 3.0, "building_levels_used": 3.0, "partial_occupancy": false, "footprint_sqft": 57051.943126645005, "est_gross_sqft": 171155.82937993502, "est_white_space_sqft": 102693.49762796101, "best_power_mw": 19.511764549312591, "power_ci_low_mw": 9.2424147865164912, "power_ci_high_mw": 33.272693231459364, "power_tier": "C_area", "n_power_methods": 1.0, "est_annual_gwh": 179.4692103245772, "pdb_net_count": 7.0, "pdb_ix_count": 1.0, "pdb_carrier_count": 1.0, "clli": null, "website": "https://www.digitalrealty.com", "source_list": "osm,peeringdb", "n_sources": 2 }, "geometry": { "type": "Point", "coordinates": [ -121.953335359049532, 37.375822905103178 ] } },
{ "type": "Feature", "properties": { "facility_id": "colovore-70dcec", "name": "Colovore", "operator": "Colovore", "facility_class": "colocation", "lat": 37.376729466684381, "lon": -121.95314883054196, "address": null, "city": null, "postcode": null, "utility": "SVP", "utility_candidates": "PWRPA,SVP", "year_built": null, "building_levels_reported": 1.0, "building_levels_used": 1.0, "partial_occupancy": false, "footprint_sqft": 24161.698334489043, "est_gross_sqft": 24161.698334489043, "est_white_space_sqft": 14497.019000693426, "best_power_mw": 2.754433610131751, "power_ci_low_mw": 1.3047317100624083, "power_ci_high_mw": 4.69703415622467, "power_tier": "C_area", "n_power_methods": 1.0, "est_annual_gwh": 25.335280345991844, "pdb_net_count": null, "pdb_ix_count": null, "pdb_carrier_count": null, "clli": null, "website": null, "source_list": "osm", "n_sources": 1 }, "geometry": { "type": "Point", "coordinates": [ -121.953148830541963, 37.376729466684381 ] } },
{ "type": "Feature", "properties": { "facility_id": "digital-realty-sjc-3105-alfred-st-2cbcfe", "name": "Digital Realty SJC (3105 Alfred St)", "operator": "Digital Realty", "facility_class": "colocation", "lat": 37.378288974128971, "lon": -121.95810528698991, "address": "3105 Alfred Street", "city": "Santa Clara", "postcode": "95054", "utility": "SVP", "utility_candidates": "PWRPA,SVP", "year_built": null, "building_levels_reported": 1.0, "building_levels_used": 1.0, "partial_occupancy": false, "footprint_sqft": 48539.203584734649, "est_gross_sqft": 48539.203584734649, "est_white_space_sqft": 29123.522150840789, "best_power_mw": 17.85, "power_ci_low_mw": 4.889625, "power_ci_high_mw": 21.999545454545451, "power_tier": "B_generator", "n_power_methods": 2.0, "est_annual_gwh": 164.1843, "pdb_net_count": 2.0, "pdb_ix_count": 0.0, "pdb_carrier_count": 1.0, "clli": null, "website": "https://www.digitalrealty.com", "source_list": "epa_nei,osm,peeringdb", "n_sources": 3 }, "geometry": { "type": "Point", "coordinates": [ -121.958105286989905, 37.378288974128971 ] } },
{ "type": "Feature", "properties": { "facility_id": "digital-realty-sjc-1201-comstock-st-2d0b5d", "name": "Digital Realty SJC (1201 Comstock St)", "operator": "Digital Realty", "facility_class": "colocation", "lat": 37.37499655, "lon": -121.9540769, "address": "1201 Comstock Street", "city": "Santa Clara", "postcode": "95054", "utility": "SVP", "utility_candidates": "PWRPA,SVP", "year_built": null, "building_levels_reported": 1.0, "building_levels_used": 1.0, "partial_occupancy": false, "footprint_sqft": 24616.004874272639, "est_gross_sqft": 24616.004874272639, "est_white_space_sqft": 14769.602924563584, "best_power_mw": 2.8062245556670811, "power_ci_low_mw": 1.3292642632107228, "power_ci_high_mw": 4.7853513475586018, "power_tier": "C_area", "n_power_methods": 1.0, "est_annual_gwh": 25.811653463025809, "pdb_net_count": 1.0, "pdb_ix_count": 1.0, "pdb_carrier_count": 1.0, "clli": null, "website": "https://www.digitalrealty.com", "source_list": "osm,peeringdb", "n_sources": 2 }, "geometry": { "type": "Point", "coordinates": [ -121.9540769, 37.37499655 ] } },
{ "type": "Feature", "properties": { "facility_id": "digital-realty-sjc-1525-comstock-st-4e8c03", "name": "Digital Realty SJC (1525 Comstock St)", "operator": "Digital Realty", "facility_class": "colocation", "lat": 37.374929096123942, "lon": -121.95598616989587, "address": "1525 Comstock Street", "city": "Santa Clara", "postcode": "95054", "utility": "SVP", "utility_candidates": "PWRPA,SVP", "year_built": null, "building_levels_reported": 1.0, "building_levels_used": 1.0, "partial_occupancy": false, "footprint_sqft": 42504.997131069329, "est_gross_sqft": 42504.997131069329, "est_white_space_sqft": 25502.998278641597, "best_power_mw": 8.2384615384615376, "power_ci_low_mw": 2.25675, "power_ci_high_mw": 10.153636363636362, "power_tier": "B_generator", "n_power_methods": 2.0, "est_annual_gwh": 75.777369230769224, "pdb_net_count": 2.0, "pdb_ix_count": 0.0, "pdb_carrier_count": 1.0, "clli": null, "website": "https://www.digitalrealty.com", "source_list": "epa_nei,osm,peeringdb", "n_sources": 3 }, "geometry": { "type": "Point", "coordinates": [ -121.955986169895866, 37.374929096123942 ] } },
{ "type": "Feature", "properties": { "facility_id": "digital-realty-sjc-1725-comstock-st-558a97", "name": "Digital Realty SJC (1725 Comstock St)", "operator": "Digital Realty", "facility_class": "colocation", "lat": 37.3750232, "lon": -121.9580962, "address": "1725 Comstock St", "city": "Santa Clara", "postcode": "95054", "utility": "SVP", "utility_candidates": "PWRPA,SVP", "year_built": null, "building_levels_reported": 1.0, "building_levels_used": 1.0, "partial_occupancy": false, "footprint_sqft": 40287.706272310024, "est_gross_sqft": 40287.706272310024, "est_white_space_sqft": 24172.623763386015, "best_power_mw": 6.865384615384615, "power_ci_low_mw": 1.880625, "power_ci_high_mw": 8.4613636363636342, "power_tier": "B_generator", "n_power_methods": 2.0, "est_annual_gwh": 63.147807692307687, "pdb_net_count": 0.0, "pdb_ix_count": 0.0, "pdb_carrier_count": 1.0, "clli": null, "website": "https://www.digitalrealty.com", "source_list": "epa_nei,osm,peeringdb", "n_sources": 3 }, "geometry": { "type": "Point", "coordinates": [ -121.958096199999972, 37.3750232 ] } },
{ "type": "Feature", "properties": { "facility_id": "centersquare-silicon-valley-sfo4-a-ecad88", "name": "Centersquare Silicon Valley (SFO4-A)", "operator": "CenterSquare", "facility_class": "colocation", "lat": 37.37577706116415, "lon": -121.95519298722978, "address": "1500 Space Park Dr", "city": "Santa Clara", "postcode": "95054", "utility": "SVP", "utility_candidates": "PWRPA,SVP", "year_built": null, "building_levels_reported": 1.0, "building_levels_used": 1.0, "partial_occupancy": false, "footprint_sqft": 27286.788437893014, "est_gross_sqft": 27286.788437893014, "est_white_space_sqft": 16372.073062735808, "best_power_mw": 3.1106938819198038, "power_ci_low_mw": 1.4734865756462228, "power_ci_high_mw": 5.3045516723264017, "power_tier": "C_area", "n_power_methods": 1.0, "est_annual_gwh": 28.612162325898353, "pdb_net_count": 0.0, "pdb_ix_count": 0.0, "pdb_carrier_count": 0.0, "clli": null, "website": "https://centersquaredc.com/data-centers/silicon-valley", "source_list": "osm,peeringdb", "n_sources": 2 }, "geometry": { "type": "Point", "coordinates": [ -121.955192987229779, 37.37577706116415 ] } },
{ "type": "Feature", "properties": { "facility_id": "prime-santa-clara-data-center-adb9b8", "name": "Prime SANTA CLARA DATA CENTER", "operator": "Prime Data Centers", "facility_class": "wholesale", "lat": 37.375026306104282, "lon": -121.95488070141616, "address": "1231 Comstock Street", "city": null, "postcode": null, "utility": "SVP", "utility_candidates": "PWRPA,SVP", "year_built": null, "building_levels_reported": 1.0, "building_levels_used": 1.0, "partial_occupancy": false, "footprint_sqft": 25825.78438381392, "est_gross_sqft": 25825.78438381392, "est_white_space_sqft": 15495.470630288351, "best_power_mw": 3.2540488323605539, "power_ci_low_mw": 1.6270244161802769, "power_ci_high_mw": 5.5783694269038069, "power_tier": "C_area", "n_power_methods": 1.0, "est_annual_gwh": 28.933049788050628, "pdb_net_count": null, "pdb_ix_count": null, "pdb_carrier_count": null, "clli": null, "website": "https://primedatacenters.com/santa-clara-data-centers/", "source_list": "osm", "n_sources": 1 }, "geometry": { "type": "Point", "coordinates": [ -121.954880701416158, 37.375026306104282 ] } },
{ "type": "Feature", "properties": { "facility_id": "digital-realty-sjc-3011-lafayette-st-6909de", "name": "Digital Realty SJC (3011 Lafayette St)", "operator": "Digital Realty", "facility_class": "colocation", "lat": 37.376341007159368, "lon": -121.9485310474556, "address": "3011 Lafayette Street", "city": "Santa Clara", "postcode": "95054", "utility": "SVP", "utility_candidates": "PWRPA,SVP", "year_built": null, "building_levels_reported": 1.0, "building_levels_used": 1.0, "partial_occupancy": false, "footprint_sqft": 44027.798335344633, "est_gross_sqft": 44027.798335344633, "est_white_space_sqft": 26416.67900120678, "best_power_mw": 5.0191690102292874, "power_ci_low_mw": 2.3775011101086103, "power_ci_high_mw": 8.559003996390997, "power_tier": "C_area", "n_power_methods": 1.0, "est_annual_gwh": 46.166316556088979, "pdb_net_count": 1.0, "pdb_ix_count": 0.0, "pdb_carrier_count": 0.0, "clli": null, "website": "https://www.digitalrealty.com", "source_list": "osm,peeringdb", "n_sources": 2 }, "geometry": { "type": "Point", "coordinates": [ -121.948531047455603, 37.376341007159368 ] } },
{ "type": "Feature", "properties": { "facility_id": "digital-realty-sjc-2805-lafayette-e18de5", "name": "Digital Realty SJC (2805 Lafayette)", "operator": "Digital Realty", "facility_class": "colocation", "lat": 37.37224989720611, "lon": -121.94832893020245, "address": "2805 Lafayette St", "city": "Santa Clara", "postcode": "95050", "utility": "SVP", "utility_candidates": "PWRPA,SVP", "year_built": null, "building_levels_reported": 1.0, "building_levels_used": 1.0, "partial_occupancy": false, "footprint_sqft": 146597.46269590527, "est_gross_sqft": 146597.46269590527, "est_white_space_sqft": 87958.477617543162, "best_power_mw": 16.712110747333199, "power_ci_low_mw": 7.9162629855788849, "power_ci_high_mw": 28.498546748083985, "power_tier": "C_area", "n_power_methods": 1.0, "est_annual_gwh": 153.71799465397072, "pdb_net_count": 4.0, "pdb_ix_count": 1.0, "pdb_carrier_count": 1.0, "clli": "SNTECAHM", "website": "https://www.digitalrealty.com", "source_list": "osm,peeringdb", "n_sources": 2 }, "geometry": { "type": "Point", "coordinates": [ -121.94832893020245, 37.37224989720611 ] } },
{ "type": "Feature", "properties": { "facility_id": "unnamed-data-center-5d9199", "name": "Unnamed data center", "operator": null, "facility_class": "unknown", "lat": 37.379779111754331, "lon": -121.94991004387074, "address": "3205 Bassett Street", "city": "Santa Clara", "postcode": "95054", "utility": "SVP", "utility_candidates": "PWRPA,SVP", "year_built": null, "building_levels_reported": 1.0, "building_levels_used": 1.0, "partial_occupancy": false, "footprint_sqft": 18864.097038024418, "est_gross_sqft": 18864.097038024418, "est_white_space_sqft": 11318.45822281465, "best_power_mw": 2.1505070623347833, "power_ci_low_mw": 1.0186612400533186, "power_ci_high_mw": 3.8030019628657223, "power_tier": "C_area", "n_power_methods": 1.0, "est_annual_gwh": 19.121018494043494, "pdb_net_count": null, "pdb_ix_count": null, "pdb_carrier_count": null, "clli": null, "website": null, "source_list": "osm", "n_sources": 1 }, "geometry": { "type": "Point", "coordinates": [ -121.949910043870744, 37.379779111754331 ] } },
{ "type": "Feature", "properties": { "facility_id": "evocative-sjc11-afc016", "name": "Evocative SJC11", "operator": "VPLS", "facility_class": "unknown", "lat": 37.389539602194105, "lon": -121.96194604419046, "address": "2151 Mission College Blvd", "city": "Santa Clara", "postcode": "95054", "utility": "SVP", "utility_candidates": "PWRPA,SVP", "year_built": null, "building_levels_reported": 1.0, "building_levels_used": 1.0, "partial_occupancy": false, "footprint_sqft": 51418.058987925579, "est_gross_sqft": 51418.058987925579, "est_white_space_sqft": 30850.835392755347, "best_power_mw": 5.8616587246235161, "power_ci_low_mw": 2.7765751853479812, "power_ci_high_mw": 10.365880691965796, "power_tier": "C_area", "n_power_methods": 1.0, "est_annual_gwh": 52.118352384117529, "pdb_net_count": 9.0, "pdb_ix_count": 1.0, "pdb_carrier_count": 0.0, "clli": null, "website": "http://www.internap.com", "source_list": "osm,peeringdb", "n_sources": 2 }, "geometry": { "type": "Point", "coordinates": [ -121.961946044190455, 37.389539602194105 ] } },
{ "type": "Feature", "properties": { "facility_id": "dell-350-holger-way-481d56", "name": "Dell 350 Holger Way", "operator": "Dell 350 Holger Way", "facility_class": "unknown", "lat": 37.418407037231546, "lon": -121.94308461788361, "address": "400 Holger Way", "city": "San Jose", "postcode": "95134", "utility": "PG&E", "utility_candidates": "PG&E,PWRPA", "year_built": null, "building_levels_reported": 1.0, "building_levels_used": 1.0, "partial_occupancy": false, "footprint_sqft": 45282.292834439853, "est_gross_sqft": 45282.292834439853, "est_white_space_sqft": 27169.37570066391, "best_power_mw": 5.1621813831261427, "power_ci_low_mw": 2.445243813059752, "power_ci_high_mw": 9.1289102354230725, "power_tier": "C_area", "n_power_methods": 1.0, "est_annual_gwh": 45.899019549927779, "pdb_net_count": null, "pdb_ix_count": null, "pdb_carrier_count": null, "clli": null, "website": null, "source_list": "osm", "n_sources": 1 }, "geometry": { "type": "Point", "coordinates": [ -121.943084617883613, 37.418407037231546 ] } },
{ "type": "Feature", "properties": { "facility_id": "sv-colo-9b7cc1", "name": "SV Colo", "operator": "SV Colo", "facility_class": "colocation", "lat": 37.364310215820247, "lon": -121.95879926774862, "address": "Richard Avenue", "city": "Santa Clara", "postcode": null, "utility": "SVP", "utility_candidates": "PWRPA,SVP", "year_built": null, "building_levels_reported": 1.0, "building_levels_used": 1.0, "partial_occupancy": false, "footprint_sqft": 57709.871515342995, "est_gross_sqft": 57709.871515342995, "est_white_space_sqft": 34625.922909205794, "best_power_mw": 6.578925352749101, "power_ci_low_mw": 3.1163330618285219, "power_ci_high_mw": 11.218799022582678, "power_tier": "C_area", "n_power_methods": 1.0, "est_annual_gwh": 60.512955394586221, "pdb_net_count": null, "pdb_ix_count": null, "pdb_carrier_count": null, "clli": null, "website": "https://www.svcolo.com/index.html", "source_list": "osm", "n_sources": 1 }, "geometry": { "type": "Point", "coordinates": [ -121.958799267748617, 37.364310215820247 ] } },
{ "type": "Feature", "properties": { "facility_id": "microsoft-5ac0d5", "name": "Microsoft", "operator": "Microsoft", "facility_class": "hyperscale", "lat": 37.362066207673969, "lon": -121.9464363556618, "address": "2055 Lafayette Street", "city": "Santa Clara", "postcode": null, "utility": "SVP", "utility_candidates": "PWRPA,SVP", "year_built": null, "building_levels_reported": 1.0, "building_levels_used": 1.0, "partial_occupancy": false, "footprint_sqft": 166656.0491102449, "est_gross_sqft": 166656.0491102449, "est_white_space_sqft": 99993.629466146944, "best_power_mw": 23.998471071875265, "power_ci_low_mw": 11.249283314941531, "power_ci_high_mw": 40.797400822187953, "power_tier": "C_area", "n_power_methods": 1.0, "est_annual_gwh": 206.02207445783475, "pdb_net_count": null, "pdb_ix_count": null, "pdb_carrier_count": null, "clli": null, "website": null, "source_list": "osm", "n_sources": 1 }, "geometry": { "type": "Point", "coordinates": [ -121.946436355661803, 37.362066207673969 ] } },
{ "type": "Feature", "properties": { "facility_id": "centersquare-silicon-valley-sfo3-7eff0b", "name": "Centersquare Silicon Valley (SFO3)", "operator": "CenterSquare", "facility_class": "colocation", "lat": 37.372103698238611, "lon": -121.98603139678364, "address": "1400 Kifer Road", "city": "Sunnyvale", "postcode": "94068", "utility": "PG&E", "utility_candidates": "PG&E,PWRPA", "year_built": null, "building_levels_reported": 1.0, "building_levels_used": 1.0, "partial_occupancy": false, "footprint_sqft": 71209.326437021358, "est_gross_sqft": 71209.326437021358, "est_white_space_sqft": 42725.595862212816, "best_power_mw": 8.117863213820435, "power_ci_low_mw": 3.845303627599153, "power_ci_high_mw": 13.843093059356953, "power_tier": "C_area", "n_power_methods": 1.0, "est_annual_gwh": 74.668105840720358, "pdb_net_count": 2.0, "pdb_ix_count": 0.0, "pdb_carrier_count": 1.0, "clli": null, "website": "https://centersquaredc.com/data-centers/silicon-valley", "source_list": "osm,peeringdb", "n_sources": 2 }, "geometry": { "type": "Point", "coordinates": [ -121.986031396783645, 37.372103698238611 ] } },
{ "type": "Feature", "properties": { "facility_id": "digital-realty-sfo-200-paul-eb654d", "name": "Digital Realty SFO (200 Paul)", "operator": "Digital Realty", "facility_class": "colocation", "lat": 37.723601695884618, "lon": -122.39793596942165, "address": "200 Paul Ave", "city": "San Francisco", "postcode": "94110", "utility": "PG&E", "utility_candidates": "CCSF,PG&E", "year_built": null, "building_levels_reported": 1.0, "building_levels_used": 1.0, "partial_occupancy": false, "footprint_sqft": 104867.38231372111, "est_gross_sqft": 104867.38231372111, "est_white_space_sqft": 62920.429388232667, "best_power_mw": 31.580769230769228, "power_ci_low_mw": 8.650875, "power_ci_high_mw": 38.92227272727272, "power_tier": "B_generator", "n_power_methods": 2.0, "est_annual_gwh": 290.47991538461537, "pdb_net_count": 44.0, "pdb_ix_count": 2.0, "pdb_carrier_count": 2.0, "clli": "SNFCCA", "website": "https://www.digitalrealty.com", "source_list": "epa_nei,osm,peeringdb", "n_sources": 3 }, "geometry": { "type": "Point", "coordinates": [ -122.397935969421653, 37.723601695884618 ] } },
{ "type": "Feature", "properties": { "facility_id": "coresite-milpitas-sv2-ea7670", "name": "Coresite - Milpitas (SV2)", "operator": "CoreSite", "facility_class": "colocation", "lat": 37.405683105431123, "lon": -121.91624119411625, "address": "1656 McCarthy Blvd.", "city": "Milpitas", "postcode": "95035", "utility": "PG&E", "utility_candidates": "PG&E,PWRPA", "year_built": null, "building_levels_reported": 1.0, "building_levels_used": 1.0, "partial_occupancy": false, "footprint_sqft": 89940.012700585561, "est_gross_sqft": 89940.012700585561, "est_white_space_sqft": 53964.007620351338, "best_power_mw": 5.4923076923076923, "power_ci_low_mw": 1.5045, "power_ci_high_mw": 6.7690909090909086, "power_tier": "B_generator", "n_power_methods": 2.0, "est_annual_gwh": 50.518246153846157, "pdb_net_count": 6.0, "pdb_ix_count": 2.0, "pdb_carrier_count": 1.0, "clli": "MLPSCASD", "website": "http://www.coresite.com", "source_list": "epa_nei,osm,peeringdb", "n_sources": 3 }, "geometry": { "type": "Point", "coordinates": [ -121.916241194116253, 37.405683105431123 ] } },
{ "type": "Feature", "properties": { "facility_id": "digital-realty-sjc-2220-de-la-cruz-blvd-e3e377", "name": "Digital Realty SJC (2220 De La Cruz Blvd)", "operator": "Digital Realty", "facility_class": "colocation", "lat": 37.361686592959117, "lon": -121.94391135081642, "address": "2220 De La Cruz Blvd", "city": "Santa Clara", "postcode": "95050", "utility": "SVP", "utility_candidates": "PWRPA,SVP", "year_built": null, "building_levels_reported": 1.0, "building_levels_used": 1.0, "partial_occupancy": false, "footprint_sqft": 297948.47165577504, "est_gross_sqft": 297948.47165577504, "est_white_space_sqft": 178769.08299346501, "best_power_mw": 33.966125768758346, "power_ci_low_mw": 16.089217469411849, "power_ci_high_mw": 57.921182889882658, "power_tier": "C_area", "n_power_methods": 1.0, "est_annual_gwh": 312.42042482103921, "pdb_net_count": 2.0, "pdb_ix_count": 0.0, "pdb_carrier_count": 1.0, "clli": null, "website": "https://www.digitalrealty.com", "source_list": "osm,peeringdb", "n_sources": 2 }, "geometry": { "type": "Point", "coordinates": [ -121.943911350816421, 37.361686592959117 ] } },
{ "type": "Feature", "properties": { "facility_id": "qes-computers-9f42e3", "name": "QES Computers", "operator": "QES Computers", "facility_class": "unknown", "lat": 37.6994753, "lon": -121.9037995, "address": null, "city": null, "postcode": null, "utility": "PG&E", "utility_candidates": "PG&E", "year_built": null, "building_levels_reported": 1.0, "building_levels_used": 1.0, "partial_occupancy": false, "footprint_sqft": 941.00604158623923, "est_gross_sqft": 941.00604158623923, "est_white_space_sqft": 564.60362495174354, "best_power_mw": 0.10727468874083128, "power_ci_low_mw": 0.050814326245656918, "power_ci_high_mw": 0.18970681798378586, "power_tier": "C_area", "n_power_methods": 1.0, "est_annual_gwh": 0.95382216747022719, "pdb_net_count": null, "pdb_ix_count": null, "pdb_carrier_count": null, "clli": null, "website": null, "source_list": "osm", "n_sources": 1 }, "geometry": { "type": "Point", "coordinates": [ -121.9037995, 37.69947530000001 ] } },
{ "type": "Feature", "properties": { "facility_id": "hurricane-electric-fremont-1-c1ceae", "name": "Hurricane Electric Fremont 1", "operator": "Hurricane Electric", "facility_class": "colocation", "lat": 37.489864620063422, "lon": -121.93101655267861, "address": "760 Mission Ct", "city": "Fremont", "postcode": "94539", "utility": "PG&E", "utility_candidates": "PG&E", "year_built": null, "building_levels_reported": 2.0, "building_levels_used": 2.0, "partial_occupancy": false, "footprint_sqft": 33640.05008579429, "est_gross_sqft": 67280.10017158858, "est_white_space_sqft": 40368.060102953146, "best_power_mw": 7.669931419561097, "power_ci_low_mw": 3.6331254092657836, "power_ci_high_mw": 13.079251473356818, "power_tier": "C_area", "n_power_methods": 1.0, "est_annual_gwh": 70.548029197122972, "pdb_net_count": 41.0, "pdb_ix_count": 3.0, "pdb_carrier_count": 0.0, "clli": "FRMTCA", "website": "http://he.net/colocation.html", "source_list": "osm,peeringdb", "n_sources": 2 }, "geometry": { "type": "Point", "coordinates": [ -121.931016552678614, 37.489864620063422 ] } },
{ "type": "Feature", "properties": { "facility_id": "xo-fremont-1b8ecb", "name": "XO Fremont", "operator": "XO", "facility_class": "unknown", "lat": 37.475337207615723, "lon": -121.92211346344415, "address": "47913;47923;47963 Warm Springs Boulevard", "city": null, "postcode": null, "utility": "PG&E", "utility_candidates": "PG&E", "year_built": null, "building_levels_reported": 1.0, "building_levels_used": 1.0, "partial_occupancy": false, "footprint_sqft": 65815.367440546179, "est_gross_sqft": 65815.367440546179, "est_white_space_sqft": 39489.220464327707, "best_power_mw": 7.5029518882222641, "power_ci_low_mw": 3.554029841789494, "power_ci_high_mw": 13.268378076014109, "power_tier": "C_area", "n_power_methods": 1.0, "est_annual_gwh": 66.711746418939441, "pdb_net_count": null, "pdb_ix_count": null, "pdb_carrier_count": null, "clli": null, "website": null, "source_list": "osm", "n_sources": 1 }, "geometry": { "type": "Point", "coordinates": [ -121.922113463444148, 37.475337207615723 ] } },
{ "type": "Feature", "properties": { "facility_id": "hurricane-electric-fremont-2-a085c4", "name": "Hurricane Electric Fremont 2", "operator": "Hurricane Electric", "facility_class": "colocation", "lat": 37.471827239361431, "lon": -121.92031059840465, "address": "48233 Warm Springs Blvd", "city": "Fremont", "postcode": "94539-7654", "utility": "PG&E", "utility_candidates": "PG&E", "year_built": null, "building_levels_reported": 2.0, "building_levels_used": 2.0, "partial_occupancy": false, "footprint_sqft": 181268.62725135472, "est_gross_sqft": 362537.25450270943, "est_white_space_sqft": 217522.35270162564, "best_power_mw": 41.329247013308873, "power_ci_low_mw": 19.577011743146311, "power_ci_high_mw": 70.477242275326716, "power_tier": "C_area", "n_power_methods": 1.0, "est_annual_gwh": 380.14641402841499, "pdb_net_count": 302.0, "pdb_ix_count": 13.0, "pdb_carrier_count": 2.0, "clli": "FRMTCA", "website": "https://he.net", "source_list": "osm,peeringdb", "n_sources": 2 }, "geometry": { "type": "Point", "coordinates": [ -121.920310598404654, 37.471827239361431 ] } },
{ "type": "Feature", "properties": { "facility_id": "equinix-sv6-silicon-valley-sunnyvale-300fba", "name": "Equinix SV6 - Silicon Valley, Sunnyvale", "operator": "Equinix", "facility_class": "colocation", "lat": 37.399601739545147, "lon": -122.01456250829585, "address": "444 Toyama Dr", "city": "Sunnyvale", "postcode": "94089", "utility": "PG&E", "utility_candidates": "PG&E,PWRPA", "year_built": null, "building_levels_reported": 1.0, "building_levels_used": 1.0, "partial_occupancy": false, "footprint_sqft": 21678.973378652659, "est_gross_sqft": 21678.973378652659, "est_white_space_sqft": 13007.384027191596, "best_power_mw": 5.4923076923076923, "power_ci_low_mw": 1.5045, "power_ci_high_mw": 6.7690909090909086, "power_tier": "B_generator", "n_power_methods": 2.0, "est_annual_gwh": 50.518246153846157, "pdb_net_count": 8.0, "pdb_ix_count": 2.0, "pdb_carrier_count": 0.0, "clli": "SNVBCA", "website": "https://www.equinix.com/locations/americas-colocation/united-states-colocation/silicon-valley-data-centers/sv6/", "source_list": "epa_nei,osm,peeringdb", "n_sources": 3 }, "geometry": { "type": "Point", "coordinates": [ -122.014562508295853, 37.399601739545147 ] } },
{ "type": "Feature", "properties": { "facility_id": "equinix-la7-los-angeles-9de8e8", "name": "Equinix LA7 - Los Angeles", "operator": "Equinix", "facility_class": "colocation", "lat": 33.850752397934286, "lon": -118.30408149821677, "address": "1501 Francisco Street Torrance", "city": "Los Angeles", "postcode": "90501", "utility": "LADWP", "utility_candidates": "LADWP,Metropolitan Water District of So. Cal", "year_built": null, "building_levels_reported": 1.0, "building_levels_used": 1.0, "partial_occupancy": false, "footprint_sqft": 107778.68299972669, "est_gross_sqft": 107778.68299972669, "est_white_space_sqft": 64667.209799836011, "best_power_mw": 12.286769861968841, "power_ci_low_mw": 5.8200488819852403, "power_ci_high_mw": 20.952175975146869, "power_tier": "C_area", "n_power_methods": 1.0, "est_annual_gwh": 113.01370919038939, "pdb_net_count": 2.0, "pdb_ix_count": 1.0, "pdb_carrier_count": 1.0, "clli": null, "website": "https://www.equinix.com/locations/americas-colocation/united-states-colocation/los-angeles-data-centers/la7/", "source_list": "osm,peeringdb", "n_sources": 2 }, "geometry": { "type": "Point", "coordinates": [ -118.304081498216775, 33.850752397934286 ] } },
{ "type": "Feature", "properties": { "facility_id": "serverfarm-lax1-los-angeles-428cbe", "name": "Serverfarm LAX1 Los Angeles", "operator": "Serverfarm", "facility_class": "colocation", "lat": 33.921741674899103, "lon": -118.38643608713512, "address": "444 North Nash Street", "city": "El Segundo", "postcode": "90245", "utility": "SCE", "utility_candidates": "Metropolitan Water District of So. Cal,SCE", "year_built": 1973.0, "building_levels_reported": 1.0, "building_levels_used": 1.0, "partial_occupancy": false, "footprint_sqft": 119102.55366005693, "est_gross_sqft": 119102.55366005693, "est_white_space_sqft": 71461.532196034153, "best_power_mw": 7.1461532196034154, "power_ci_low_mw": 3.2157689488215371, "power_ci_high_mw": 12.863075795286148, "power_tier": "C_area", "n_power_methods": 1.0, "est_annual_gwh": 81.067391353825059, "pdb_net_count": 4.0, "pdb_ix_count": 0.0, "pdb_carrier_count": 1.0, "clli": null, "website": "https://www.serverfarmllc.com/los-angeles-data-center/", "source_list": "osm,peeringdb", "n_sources": 2 }, "geometry": { "type": "Point", "coordinates": [ -118.386436087135124, 33.921741674899103 ] } },
{ "type": "Feature", "properties": { "facility_id": "digital-realty-lax-2260-e-el-segundo-2a4c1e", "name": "Digital Realty LAX (2260 E El Segundo)", "operator": "Digital Realty", "facility_class": "colocation", "lat": 33.915648897084665, "lon": -118.38463005044814, "address": "2260 E El Segundo Blvd", "city": "El Segundo", "postcode": "90245", "utility": "SCE", "utility_candidates": "Metropolitan Water District of So. Cal,SCE", "year_built": 1979.0, "building_levels_reported": 1.0, "building_levels_used": 1.0, "partial_occupancy": false, "footprint_sqft": 113311.08763014759, "est_gross_sqft": 113311.08763014759, "est_white_space_sqft": 67986.652578088557, "best_power_mw": 6.7986652578088558, "power_ci_low_mw": 3.0593993660139853, "power_ci_high_mw": 12.237597464055941, "power_tier": "C_area", "n_power_methods": 1.0, "est_annual_gwh": 77.125418417635231, "pdb_net_count": 8.0, "pdb_ix_count": 1.0, "pdb_carrier_count": 1.0, "clli": null, "website": "https://www.digitalrealty.com", "source_list": "osm,peeringdb", "n_sources": 2 }, "geometry": { "type": "Point", "coordinates": [ -118.384630050448138, 33.915648897084665 ] } },
{ "type": "Feature", "properties": { "facility_id": "drt-lax10-7d94e0", "name": "DRT LAX10", "operator": "DRT LAX10", "facility_class": "unknown", "lat": 34.047325745573978, "lon": -118.25751427762594, "address": null, "city": null, "postcode": null, "utility": "LADWP", "utility_candidates": "LADWP,Metropolitan Water District of So. Cal", "year_built": null, "building_levels_reported": 7.0, "building_levels_used": 3.0, "partial_occupancy": true, "footprint_sqft": 66979.677949590769, "est_gross_sqft": 200939.03384877229, "est_white_space_sqft": 120563.42030926337, "best_power_mw": 22.90704985876004, "power_ci_low_mw": 3.6169026092779015, "power_ci_high_mw": 40.509309223912496, "power_tier": "C_area", "n_power_methods": 1.0, "est_annual_gwh": 203.675743114179, "pdb_net_count": null, "pdb_ix_count": null, "pdb_carrier_count": null, "clli": null, "website": null, "source_list": "osm", "n_sources": 1 }, "geometry": { "type": "Point", "coordinates": [ -118.257514277625944, 34.047325745573978 ] } },
{ "type": "Feature", "properties": { "facility_id": "multacom-one-wilshire-e9be70", "name": "Multacom One Wilshire", "operator": "MultaCom Inc", "facility_class": "unknown", "lat": 34.047892305301417, "lon": -118.25554585101754, "address": "624 S Grand Ave", "city": "Los Angeles", "postcode": "90017", "utility": "LADWP", "utility_candidates": "LADWP,Metropolitan Water District of So. Cal", "year_built": null, "building_levels_reported": 30.0, "building_levels_used": 3.0, "partial_occupancy": true, "footprint_sqft": 43850.340162677086, "est_gross_sqft": 131551.02048803127, "est_white_space_sqft": 78930.612292818754, "best_power_mw": 14.996816335635563, "power_ci_low_mw": 2.3679183687845629, "power_ci_high_mw": 26.520685730387104, "power_tier": "C_area", "n_power_methods": 1.0, "est_annual_gwh": 133.34269276667004, "pdb_net_count": 1.0, "pdb_ix_count": 0.0, "pdb_carrier_count": 0.0, "clli": null, "website": "http://www.multacom.com", "source_list": "osm,peeringdb", "n_sources": 2 }, "geometry": { "type": "Point", "coordinates": [ -118.255545851017544, 34.047892305301417 ] } },
{ "type": "Feature", "properties": { "facility_id": "unnamed-data-center-a16537", "name": "Unnamed data center", "operator": null, "facility_class": "unknown", "lat": 37.333637689243368, "lon": -121.88797542332672, "address": "150 South 1st Street", "city": "San Jose", "postcode": "95113", "utility": "PG&E", "utility_candidates": "PG&E,PWRPA", "year_built": null, "building_levels_reported": 2.0, "building_levels_used": 2.0, "partial_occupancy": false, "footprint_sqft": 102004.18774933655, "est_gross_sqft": 204008.37549867309, "est_white_space_sqft": 122405.02529920384, "best_power_mw": 23.256954806848732, "power_ci_low_mw": 11.016452276928346, "power_ci_high_mw": 41.128088500532492, "power_tier": "C_area", "n_power_methods": 1.0, "est_annual_gwh": 206.78688796961478, "pdb_net_count": null, "pdb_ix_count": null, "pdb_carrier_count": null, "clli": null, "website": null, "source_list": "osm", "n_sources": 1 }, "geometry": { "type": "Point", "coordinates": [ -121.887975423326722, 37.333637689243368 ] } },
{ "type": "Feature", "properties": { "facility_id": "equinix-sv3-silicon-valley-san-jose-2a8623", "name": "Equinix SV3 - Silicon Valley, San Jose", "operator": "Equinix", "facility_class": "colocation", "lat": 37.388269556857004, "lon": -121.8884290887418, "address": "1735 Lundy Ave", "city": "San Jose", "postcode": "95131", "utility": "PG&E", "utility_candidates": "PG&E,PWRPA", "year_built": null, "building_levels_reported": 1.0, "building_levels_used": 1.0, "partial_occupancy": false, "footprint_sqft": 109684.21202034858, "est_gross_sqft": 109684.21202034858, "est_white_space_sqft": 65810.527212209141, "best_power_mw": 9.6115384615384603, "power_ci_low_mw": 2.632875, "power_ci_high_mw": 11.845909090909091, "power_tier": "B_generator", "n_power_methods": 2.0, "est_annual_gwh": 88.406930769230755, "pdb_net_count": 22.0, "pdb_ix_count": 2.0, "pdb_carrier_count": 1.0, "clli": null, "website": "https://www.equinix.com/locations/americas-colocation/united-states-colocation/silicon-valley-data-centers/sv3/", "source_list": "epa_nei,osm,peeringdb", "n_sources": 3 }, "geometry": { "type": "Point", "coordinates": [ -121.888429088741802, 37.388269556857004 ] } },
{ "type": "Feature", "properties": { "facility_id": "digital-realty-sfo-365-main-bf6cb5", "name": "Digital Realty SFO (365 Main)", "operator": "Digital Realty", "facility_class": "colocation", "lat": 37.788731035952551, "lon": -122.39046904931595, "address": "365 Main Street", "city": "San Francisco", "postcode": "94105", "utility": "PG&E", "utility_candidates": "CCSF,PG&E", "year_built": null, "building_levels_reported": 1.0, "building_levels_used": 1.0, "partial_occupancy": false, "footprint_sqft": 39318.743957539882, "est_gross_sqft": 39318.743957539882, "est_white_space_sqft": 23591.246374523929, "best_power_mw": 13.73076923076923, "power_ci_low_mw": 3.76125, "power_ci_high_mw": 16.922727272727268, "power_tier": "B_generator", "n_power_methods": 2.0, "est_annual_gwh": 126.29561538461537, "pdb_net_count": 35.0, "pdb_ix_count": 2.0, "pdb_carrier_count": 2.0, "clli": "SNFCCA", "website": "https://www.digitalrealty.com", "source_list": "epa_nei,osm,peeringdb", "n_sources": 3 }, "geometry": { "type": "Point", "coordinates": [ -122.390469049315953, 37.788731035952551 ] } },
{ "type": "Feature", "properties": { "facility_id": "ntt-limited-b75b73", "name": "NTT Limited", "operator": "NTT", "facility_class": "colocation", "lat": 37.403904239941298, "lon": -121.88929689221246, "address": "2334 Lundy Place", "city": "San Jose", "postcode": "95131", "utility": "PG&E", "utility_candidates": "PG&E,PWRPA", "year_built": null, "building_levels_reported": 1.0, "building_levels_used": 1.0, "partial_occupancy": false, "footprint_sqft": 75249.172136923793, "est_gross_sqft": 75249.172136923793, "est_white_space_sqft": 45149.503282154277, "best_power_mw": 8.2384615384615376, "power_ci_low_mw": 2.25675, "power_ci_high_mw": 10.153636363636362, "power_tier": "B_generator", "n_power_methods": 2.0, "est_annual_gwh": 75.777369230769224, "pdb_net_count": null, "pdb_ix_count": null, "pdb_carrier_count": null, "clli": null, "website": null, "source_list": "epa_nei,osm", "n_sources": 2 }, "geometry": { "type": "Point", "coordinates": [ -121.889296892212457, 37.403904239941298 ] } },
{ "type": "Feature", "properties": { "facility_id": "csquare-sfo1-54cdc3", "name": "Csquare SFO1", "operator": "Csquare", "facility_class": "colocation", "lat": 37.370438045433545, "lon": -121.96982954716508, "address": "2403 Walsh Avenue", "city": "Santa Clara", "postcode": "95051", "utility": "SVP", "utility_candidates": "PWRPA,SVP", "year_built": null, "building_levels_reported": 1.0, "building_levels_used": 1.0, "partial_occupancy": false, "footprint_sqft": 83922.067822800018, "est_gross_sqft": 83922.067822800018, "est_white_space_sqft": 50353.240693680011, "best_power_mw": 9.5671157317992019, "power_ci_low_mw": 4.5317916624312007, "power_ci_high_mw": 16.314449984752322, "power_tier": "C_area", "n_power_methods": 1.0, "est_annual_gwh": 87.998330501089058, "pdb_net_count": null, "pdb_ix_count": null, "pdb_carrier_count": null, "clli": null, "website": "https://www.csquare.com/data-centers/silicon-valley#santaclara-sfo1", "source_list": "osm", "n_sources": 1 }, "geometry": { "type": "Point", "coordinates": [ -121.969829547165077, 37.370438045433545 ] } },
{ "type": "Feature", "properties": { "facility_id": "tpx-colocation-datacenter-180bda", "name": "TPx Colocation Datacenter", "operator": "TPx Communications", "facility_class": "unknown", "lat": 33.70750645, "lon": -117.8441042, "address": "2001 East Dyer Road", "city": "Santa Ana", "postcode": "92705", "utility": "SCE", "utility_candidates": "Metropolitan Water District of So. Cal,SCE", "year_built": null, "building_levels_reported": 1.0, "building_levels_used": 1.0, "partial_occupancy": false, "footprint_sqft": 37065.367296409429, "est_gross_sqft": 37065.367296409429, "est_white_space_sqft": 22239.220377845657, "best_power_mw": 4.2254518717906748, "power_ci_low_mw": 2.0015298340061096, "power_ci_high_mw": 7.4723780469561403, "power_tier": "C_area", "n_power_methods": 1.0, "est_annual_gwh": 37.570182772839601, "pdb_net_count": null, "pdb_ix_count": null, "pdb_carrier_count": null, "clli": null, "website": null, "source_list": "osm", "n_sources": 1 }, "geometry": { "type": "Point", "coordinates": [ -117.8441042, 33.70750645 ] } },
{ "type": "Feature", "properties": { "facility_id": "unnamed-data-center-eada51", "name": "Unnamed data center", "operator": null, "facility_class": "unknown", "lat": 34.04791495, "lon": -118.25556895000001, "address": "624 South Grand Avenue", "city": "Los Angeles", "postcode": "90017", "utility": "LADWP", "utility_candidates": "LADWP,Metropolitan Water District of So. Cal", "year_built": null, "building_levels_reported": 30.0, "building_levels_used": 3.0, "partial_occupancy": true, "footprint_sqft": 25505.253176585175, "est_gross_sqft": 76515.759529755524, "est_white_space_sqft": 45909.455717853314, "best_power_mw": 8.7227965863921284, "power_ci_low_mw": 1.3772836715355996, "power_ci_high_mw": 15.425577121198714, "power_tier": "C_area", "n_power_methods": 1.0, "est_annual_gwh": 77.557873568246976, "pdb_net_count": null, "pdb_ix_count": null, "pdb_carrier_count": null, "clli": "LSANCARC", "website": null, "source_list": "osm", "n_sources": 1 }, "geometry": { "type": "Point", "coordinates": [ -118.255568950000011, 34.04791495 ] } },
{ "type": "Feature", "properties": { "facility_id": "equinix-sv10-cc41a7", "name": "Equinix SV10", "operator": "Equinix", "facility_class": "colocation", "lat": 37.241198527062956, "lon": -121.78476265666035, "address": "7 Great Oaks Boulevard", "city": "San Jose", "postcode": "95119", "utility": "PG&E", "utility_candidates": "PG&E,PWRPA", "year_built": null, "building_levels_reported": 1.0, "building_levels_used": 1.0, "partial_occupancy": false, "footprint_sqft": 86340.741743059814, "est_gross_sqft": 86340.741743059814, "est_white_space_sqft": 51804.445045835884, "best_power_mw": 9.8428445587088191, "power_ci_low_mw": 4.6624000541252295, "power_ci_high_mw": 16.78464019485083, "power_tier": "C_area", "n_power_methods": 1.0, "est_annual_gwh": 90.534484251003718, "pdb_net_count": null, "pdb_ix_count": null, "pdb_carrier_count": null, "clli": null, "website": "https://www.equinix.com/data-centers/americas-colocation/united-states-colocation/silicon-valley-data-centers/sv10", "source_list": "osm", "n_sources": 1 }, "geometry": { "type": "Point", "coordinates": [ -121.784762656660348, 37.241198527062956 ] } },
{ "type": "Feature", "properties": { "facility_id": "unnamed-data-center-e2576c", "name": "Unnamed data center", "operator": null, "facility_class": "unknown", "lat": 34.059466546401389, "lon": -117.20216650249529, "address": null, "city": null, "postcode": null, "utility": "SCE", "utility_candidates": "SCE", "year_built": null, "building_levels_reported": 1.0, "building_levels_used": 1.0, "partial_occupancy": false, "footprint_sqft": 993.63158194863524, "est_gross_sqft": 993.63158194863524, "est_white_space_sqft": 596.17894916918112, "best_power_mw": 0.11327400034214441, "power_ci_low_mw": 0.053656105425226301, "power_ci_high_mw": 0.20031612692084483, "power_tier": "C_area", "n_power_methods": 1.0, "est_annual_gwh": 1.0071644466421426, "pdb_net_count": null, "pdb_ix_count": null, "pdb_carrier_count": null, "clli": null, "website": null, "source_list": "osm", "n_sources": 1 }, "geometry": { "type": "Point", "coordinates": [ -117.202166502495288, 34.059466546401389 ] } },
{ "type": "Feature", "properties": { "facility_id": "pg-e-datacenter-7315e7", "name": "PG&E Datacenter", "operator": "PG&E Datacenter", "facility_class": "unknown", "lat": 38.246258782027418, "lon": -122.06720998654048, "address": "425 Beck Avenue", "city": "Fairfield", "postcode": "94533", "utility": "PG&E", "utility_candidates": "PG&E", "year_built": null, "building_levels_reported": 1.0, "building_levels_used": 1.0, "partial_occupancy": false, "footprint_sqft": 55270.738392214174, "est_gross_sqft": 55270.738392214174, "est_white_space_sqft": 33162.443035328506, "best_power_mw": 6.3008641767124161, "power_ci_low_mw": 2.984619873179565, "power_ci_high_mw": 11.142580859870378, "power_tier": "C_area", "n_power_methods": 1.0, "est_annual_gwh": 56.023503740820765, "pdb_net_count": null, "pdb_ix_count": null, "pdb_carrier_count": null, "clli": null, "website": null, "source_list": "osm", "n_sources": 1 }, "geometry": { "type": "Point", "coordinates": [ -122.067209986540476, 38.246258782027418 ] } },
{ "type": "Feature", "properties": { "facility_id": "ntt-silicon-valley-sv1-data-center-7bde99", "name": "NTT Silicon Valley SV1 Data Center", "operator": "NTT", "facility_class": "colocation", "lat": 37.369053212037088, "lon": -121.95533775018632, "address": "1160 Walsh Avenue", "city": "Santa Clara", "postcode": "95050", "utility": "SVP", "utility_candidates": "PWRPA,SVP", "year_built": null, "building_levels_reported": 1.0, "building_levels_used": 1.0, "partial_occupancy": false, "footprint_sqft": 38759.408044986936, "est_gross_sqft": 38759.408044986936, "est_white_space_sqft": 23255.64482699216, "best_power_mw": 4.41857251712851, "power_ci_low_mw": 2.0930080344292947, "power_ci_high_mw": 7.5348289239454598, "power_tier": "C_area", "n_power_methods": 1.0, "est_annual_gwh": 40.642030012548027, "pdb_net_count": null, "pdb_ix_count": null, "pdb_carrier_count": null, "clli": null, "website": "https://services.global.ntt/en-us/services-and-products/global-data-centers/global-locations/americas/silicon-valley-sv1-data-center", "source_list": "osm", "n_sources": 1 }, "geometry": { "type": "Point", "coordinates": [ -121.955337750186317, 37.369053212037088 ] } },
{ "type": "Feature", "properties": { "facility_id": "unnamed-data-center-bd5193", "name": "Unnamed data center", "operator": null, "facility_class": "unknown", "lat": 33.1536001, "lon": -117.23884635, "address": null, "city": null, "postcode": null, "utility": "SDG&E", "utility_candidates": "Metropolitan Water District of So. Cal,SDG&E", "year_built": null, "building_levels_reported": 1.0, "building_levels_used": 1.0, "partial_occupancy": false, "footprint_sqft": 13597.185985678017, "est_gross_sqft": 13597.185985678017, "est_white_space_sqft": 8158.3115914068103, "best_power_mw": 1.5500792023672938, "power_ci_low_mw": 0.73424804322661297, "power_ci_high_mw": 2.7411926947126886, "power_tier": "C_area", "n_power_methods": 1.0, "est_annual_gwh": 13.782374219928553, "pdb_net_count": null, "pdb_ix_count": null, "pdb_carrier_count": null, "clli": null, "website": null, "source_list": "osm", "n_sources": 1 }, "geometry": { "type": "Point", "coordinates": [ -117.23884635, 33.1536001 ] } },
{ "type": "Feature", "properties": { "facility_id": "edgeconnex-sacramento-edcsac01-be6584", "name": "EdgeConneX Sacramento (EDCSAC01)", "operator": "EdgeConneX", "facility_class": "colocation", "lat": 38.592297357342403, "lon": -121.27743720759895, "address": "10980 Gold Center Dr", "city": "Rancho Cordova", "postcode": "95670", "utility": "SMUD", "utility_candidates": "SMUD", "year_built": null, "building_levels_reported": 1.0, "building_levels_used": 1.0, "partial_occupancy": false, "footprint_sqft": 29318.8826915268, "est_gross_sqft": 29318.8826915268, "est_white_space_sqft": 17591.329614916078, "best_power_mw": 3.3423526268340549, "power_ci_low_mw": 1.5832196653424473, "power_ci_high_mw": 5.69959079523281, "power_tier": "C_area", "n_power_methods": 1.0, "est_annual_gwh": 30.742959461619638, "pdb_net_count": 4.0, "pdb_ix_count": 0.0, "pdb_carrier_count": 0.0, "clli": null, "website": "http://www.edgeconnex.com", "source_list": "osm,peeringdb", "n_sources": 2 }, "geometry": { "type": "Point", "coordinates": [ -121.27743720759895, 38.592297357342403 ] } },
{ "type": "Feature", "properties": { "facility_id": "northwest-data-center-and-communications-hub-e0b1a6", "name": "Northwest Data Center and Communications Hub", "operator": "Northwest Data Center and Communications Hub", "facility_class": "unknown", "lat": 37.433437064912574, "lon": -122.18073854152176, "address": "319 Oak Road", "city": "Stanford", "postcode": null, "utility": "PG&E", "utility_candidates": "PG&E,PWRPA", "year_built": null, "building_levels_reported": 1.0, "building_levels_used": 1.0, "partial_occupancy": false, "footprint_sqft": 10145.908885520037, "est_gross_sqft": 10145.908885520037, "est_white_space_sqft": 6087.5453313120224, "best_power_mw": 1.1566336129492842, "power_ci_low_mw": 0.54787907981808204, "power_ci_high_mw": 2.0454152313208396, "power_tier": "C_area", "n_power_methods": 1.0, "est_annual_gwh": 10.284092106177264, "pdb_net_count": null, "pdb_ix_count": null, "pdb_carrier_count": null, "clli": null, "website": null, "source_list": "osm", "n_sources": 1 }, "geometry": { "type": "Point", "coordinates": [ -122.180738541521762, 37.433437064912574 ] } },
{ "type": "Feature", "properties": { "facility_id": "amazon-ff1641", "name": "Amazon", "operator": "Amazon Web Services", "facility_class": "hyperscale", "lat": 37.389932722906629, "lon": -121.96598983183088, "address": null, "city": null, "postcode": null, "utility": "SVP", "utility_candidates": "PWRPA,SVP", "year_built": null, "building_levels_reported": 1.0, "building_levels_used": 1.0, "partial_occupancy": false, "footprint_sqft": 98142.811286382945, "est_gross_sqft": 98142.811286382945, "est_white_space_sqft": 58885.686771829765, "best_power_mw": 14.132564825239145, "power_ci_low_mw": 6.6246397618308484, "power_ci_high_mw": 24.025360202906541, "power_tier": "C_area", "n_power_methods": 1.0, "est_annual_gwh": 121.32524251171299, "pdb_net_count": null, "pdb_ix_count": null, "pdb_carrier_count": null, "clli": null, "website": null, "source_list": "osm", "n_sources": 1 }, "geometry": { "type": "Point", "coordinates": [ -121.965989831830882, 37.389932722906629 ] } },
{ "type": "Feature", "properties": { "facility_id": "unnamed-data-center-9036f8", "name": "Unnamed data center", "operator": null, "facility_class": "unknown", "lat": 37.361139906174884, "lon": -121.94230618817126, "address": "2220 De La Cruz Boulevard", "city": "Santa Clara", "postcode": null, "utility": "SVP", "utility_candidates": "PWRPA,SVP", "year_built": null, "building_levels_reported": 1.0, "building_levels_used": 1.0, "partial_occupancy": false, "footprint_sqft": 108346.23678578228, "est_gross_sqft": 108346.23678578228, "est_white_space_sqft": 65007.742071469365, "best_power_mw": 12.351470993579179, "power_ci_low_mw": 5.8506967864322439, "power_ci_high_mw": 21.842601336013708, "power_tier": "C_area", "n_power_methods": 1.0, "est_annual_gwh": 109.82186919230989, "pdb_net_count": null, "pdb_ix_count": null, "pdb_carrier_count": null, "clli": null, "website": null, "source_list": "osm", "n_sources": 1 }, "geometry": { "type": "Point", "coordinates": [ -121.942306188171258, 37.361139906174884 ] } },
{ "type": "Feature", "properties": { "facility_id": "coresite-santa-clara-sv7-fd2a09", "name": "CoreSite - Santa Clara (SV7)", "operator": "CoreSite", "facility_class": "colocation", "lat": 37.376078768732462, "lon": -121.97305665058126, "address": "3020 Coronado Drive", "city": "Santa Clara", "postcode": "95054", "utility": "SVP", "utility_candidates": "PWRPA,SVP", "year_built": null, "building_levels_reported": 1.0, "building_levels_used": 1.0, "partial_occupancy": false, "footprint_sqft": 60989.155581739375, "est_gross_sqft": 60989.155581739375, "est_white_space_sqft": 36593.493349043623, "best_power_mw": 6.9527637363182881, "power_ci_low_mw": 3.2934144014139259, "power_ci_high_mw": 11.856291845090134, "power_tier": "C_area", "n_power_methods": 1.0, "est_annual_gwh": 63.951520846655605, "pdb_net_count": 20.0, "pdb_ix_count": 2.0, "pdb_carrier_count": 0.0, "clli": "SNTCCA", "website": "http://www.coresite.com", "source_list": "osm,peeringdb", "n_sources": 2 }, "geometry": { "type": "Point", "coordinates": [ -121.973056650581256, 37.376078768732462 ] } },
{ "type": "Feature", "properties": { "facility_id": "equinix-sv11-dc3435", "name": "Equinix SV11", "operator": "Equinix", "facility_class": "colocation", "lat": 37.242605073791161, "lon": -121.78399863436228, "address": "5 Great Oaks Boulevard", "city": "San Jose", "postcode": "95119", "utility": "PG&E", "utility_candidates": "PG&E,PWRPA", "year_built": null, "building_levels_reported": 1.0, "building_levels_used": 1.0, "partial_occupancy": false, "footprint_sqft": 76977.433828855908, "est_gross_sqft": 76977.433828855908, "est_white_space_sqft": 46186.460297313541, "best_power_mw": 8.775427456489572, "power_ci_low_mw": 4.1567814267582195, "power_ci_high_mw": 14.96441313632959, "power_tier": "C_area", "n_power_methods": 1.0, "est_annual_gwh": 80.716381744791079, "pdb_net_count": null, "pdb_ix_count": null, "pdb_carrier_count": null, "clli": null, "website": "https://www.equinix.com/data-centers/americas-colocation/united-states-colocation/silicon-valley-data-centers/sv11", "source_list": "osm", "n_sources": 1 }, "geometry": { "type": "Point", "coordinates": [ -121.783998634362277, 37.242605073791161 ] } },
{ "type": "Feature", "properties": { "facility_id": "unnamed-data-center-5bbb60", "name": "Unnamed data center", "operator": null, "facility_class": "unknown", "lat": 37.370642951035798, "lon": -121.97450722366924, "address": "2590 Walsh Avenue", "city": "Santa Clara", "postcode": "95051", "utility": "SVP", "utility_candidates": "PWRPA,SVP", "year_built": null, "building_levels_reported": 1.0, "building_levels_used": 1.0, "partial_occupancy": false, "footprint_sqft": 124070.05698913957, "est_gross_sqft": 124070.05698913957, "est_white_space_sqft": 74442.034193483734, "best_power_mw": 14.143986496761908, "power_ci_low_mw": 6.699783077413537, "power_ci_high_mw": 25.01252348901054, "power_tier": "C_area", "n_power_methods": 1.0, "est_annual_gwh": 125.75984153730882, "pdb_net_count": null, "pdb_ix_count": null, "pdb_carrier_count": null, "clli": null, "website": null, "source_list": "osm", "n_sources": 1 }, "geometry": { "type": "Point", "coordinates": [ -121.974507223669235, 37.370642951035798 ] } },
{ "type": "Feature", "properties": { "facility_id": "vantage-santa-clara-ca2-a79294", "name": "Vantage Santa Clara CA2", "operator": "Vantage Data Centers", "facility_class": "wholesale", "lat": 37.364031831869895, "lon": -121.94684487603256, "address": "737 Mathew Street", "city": "Santa Clara", "postcode": "95051", "utility": "SVP", "utility_candidates": "PWRPA,SVP", "year_built": null, "building_levels_reported": 1.0, "building_levels_used": 1.0, "partial_occupancy": false, "footprint_sqft": 132032.0675886152, "est_gross_sqft": 132032.0675886152, "est_white_space_sqft": 79219.240553169118, "best_power_mw": 16.636040516165515, "power_ci_low_mw": 8.3180202580827576, "power_ci_high_mw": 28.518926599140883, "power_tier": "C_area", "n_power_methods": 1.0, "est_annual_gwh": 147.91769064543405, "pdb_net_count": null, "pdb_ix_count": null, "pdb_carrier_count": null, "clli": null, "website": "https://vantage-dc.com/data-center-locations/north-america/santa-clara-ii-california/", "source_list": "osm", "n_sources": 1 }, "geometry": { "type": "Point", "coordinates": [ -121.946844876032557, 37.364031831869895 ] } },
{ "type": "Feature", "properties": { "facility_id": "digital-realty-silicon-valley-sjc37-f2648a", "name": "Digital Realty Silicon Valley SJC37", "operator": "Digital Realty", "facility_class": "colocation", "lat": 37.370936369220182, "lon": -121.94721635315912, "address": "641 Walsh Avenue", "city": "Santa Clara", "postcode": "95050", "utility": "SVP", "utility_candidates": "PWRPA,SVP", "year_built": null, "building_levels_reported": 1.0, "building_levels_used": 1.0, "partial_occupancy": false, "footprint_sqft": 155689.57601655085, "est_gross_sqft": 155689.57601655085, "est_white_space_sqft": 93413.745609930513, "best_power_mw": 17.748611665886799, "power_ci_low_mw": 8.4072371048937473, "power_ci_high_mw": 30.266053577617484, "power_tier": "C_area", "n_power_methods": 1.0, "est_annual_gwh": 163.25173010282674, "pdb_net_count": null, "pdb_ix_count": null, "pdb_carrier_count": null, "clli": null, "website": "https://www.digitalrealty.com/data-centers/americas/silicon-valley/sjc37", "source_list": "osm", "n_sources": 1 }, "geometry": { "type": "Point", "coordinates": [ -121.947216353159121, 37.370936369220182 ] } },
{ "type": "Feature", "properties": { "facility_id": "csquare-sfo4-40175a", "name": "Csquare SFO4", "operator": "Csquare", "facility_class": "colocation", "lat": 37.375755231005066, "lon": -121.95626909175749, "address": "1550 Space Park Drive", "city": "Santa Clara", "postcode": "95054", "utility": "SVP", "utility_candidates": "PWRPA,SVP", "year_built": null, "building_levels_reported": 1.0, "building_levels_used": 1.0, "partial_occupancy": false, "footprint_sqft": 32249.498299077393, "est_gross_sqft": 32249.498299077393, "est_white_space_sqft": 19349.698979446435, "best_power_mw": 3.6764428060948227, "power_ci_low_mw": 1.7414729081501794, "power_ci_high_mw": 6.2693024693406452, "power_tier": "C_area", "n_power_methods": 1.0, "est_annual_gwh": 33.815920930460173, "pdb_net_count": null, "pdb_ix_count": null, "pdb_carrier_count": null, "clli": null, "website": "https://www.csquare.com/data-centers/silicon-valley#santaclara-sfo4", "source_list": "osm", "n_sources": 1 }, "geometry": { "type": "Point", "coordinates": [ -121.956269091757491, 37.375755231005066 ] } },
{ "type": "Feature", "properties": { "facility_id": "databank-santa-clara-sfo1-4c62cf", "name": "DataBank Santa Clara (SFO1)", "operator": "DataBank", "facility_class": "colocation", "lat": 37.407298682006811, "lon": -121.96595642203526, "address": "5101 Lafayette St", "city": "Santa Clara", "postcode": "95054-1010", "utility": "SVP", "utility_candidates": "PWRPA,SVP", "year_built": null, "building_levels_reported": 1.0, "building_levels_used": 1.0, "partial_occupancy": false, "footprint_sqft": 26781.237778562114, "est_gross_sqft": 26781.237778562114, "est_white_space_sqft": 16068.742667137267, "best_power_mw": 3.0530611067560809, "power_ci_low_mw": 1.4461868400423543, "power_ci_high_mw": 5.2062726241524739, "power_tier": "C_area", "n_power_methods": 1.0, "est_annual_gwh": 28.082056059942431, "pdb_net_count": 3.0, "pdb_ix_count": 0.0, "pdb_carrier_count": 1.0, "clli": null, "website": "https://www.databank.com/data-centers/silicon-valley/sv1/", "source_list": "osm,peeringdb", "n_sources": 2 }, "geometry": { "type": "Point", "coordinates": [ -121.965956422035262, 37.407298682006811 ] } },
{ "type": "Feature", "properties": { "facility_id": "edgecore-silicon-valley-f3d51a", "name": "EdgeCore Silicon Valley", "operator": "EdgeCore Silicon Valley", "facility_class": "unknown", "lat": 37.383718265058299, "lon": -121.96538823666975, "address": null, "city": null, "postcode": null, "utility": "SVP", "utility_candidates": "PWRPA,SVP", "year_built": null, "building_levels_reported": 1.0, "building_levels_used": 1.0, "partial_occupancy": false, "footprint_sqft": 80443.763823742032, "est_gross_sqft": 80443.763823742032, "est_white_space_sqft": 48266.258294245221, "best_power_mw": 9.1705890759065909, "power_ci_low_mw": 4.3439632464820699, "power_ci_high_mw": 16.217462786866392, "power_tier": "C_area", "n_power_methods": 1.0, "est_annual_gwh": 81.539375709515852, "pdb_net_count": null, "pdb_ix_count": null, "pdb_carrier_count": null, "clli": null, "website": "https://edgecore.com/locations/silicon-valley/", "source_list": "osm", "n_sources": 1 }, "geometry": { "type": "Point", "coordinates": [ -121.965388236669753, 37.383718265058299 ] } },
{ "type": "Feature", "properties": { "facility_id": "stack-svy02-089814", "name": "STACK SVY02", "operator": "STACK Infrastructure", "facility_class": "wholesale", "lat": 37.361931562531623, "lon": -121.95374429778916, "address": null, "city": null, "postcode": null, "utility": "SVP", "utility_candidates": "PWRPA,SVP", "year_built": null, "building_levels_reported": 1.0, "building_levels_used": 1.0, "partial_occupancy": false, "footprint_sqft": 136083.96998246599, "est_gross_sqft": 136083.96998246599, "est_white_space_sqft": 81650.381989479589, "best_power_mw": 17.146580217790717, "power_ci_low_mw": 8.5732901088953586, "power_ci_high_mw": 29.394137516212648, "power_tier": "C_area", "n_power_methods": 1.0, "est_annual_gwh": 152.45710334846436, "pdb_net_count": null, "pdb_ix_count": null, "pdb_carrier_count": null, "clli": null, "website": "https://www.stackinfra.com/locations/americas/silicon-valley/svy02/", "source_list": "osm", "n_sources": 1 }, "geometry": { "type": "Point", "coordinates": [ -121.953744297789157, 37.361931562531623 ] } },
{ "type": "Feature", "properties": { "facility_id": "equinix-la1-los-angeles-2b9880", "name": "Equinix LA1 - Los Angeles", "operator": "Equinix", "facility_class": "colocation", "lat": 34.047501, "lon": -118.2573, "address": "600 W 7th St", "city": "Los Angeles", "postcode": "90017-3859", "utility": "LADWP", "utility_candidates": "LADWP,Metropolitan Water District of So. Cal", "year_built": null, "building_levels_reported": 1.0, "building_levels_used": 1.0, "partial_occupancy": false, "footprint_sqft": null, "est_gross_sqft": null, "est_white_space_sqft": null, "best_power_mw": null, "power_ci_low_mw": null, "power_ci_high_mw": null, "power_tier": null, "n_power_methods": null, "est_annual_gwh": null, "pdb_net_count": 138.0, "pdb_ix_count": 6.0, "pdb_carrier_count": 9.0, "clli": "LSANCA", "website": "https://www.equinix.com/locations/americas-colocation/united-states-colocation/los-angeles-data-centers/la1/", "source_list": "peeringdb", "n_sources": 1 }, "geometry": { "type": "Point", "coordinates": [ -118.2573, 34.047501 ] } },
{ "type": "Feature", "properties": { "facility_id": "coresite-los-angeles-la1-one-wilshire-40c607", "name": "CoreSite - Los Angeles (LA1) One Wilshire", "operator": "CoreSite", "facility_class": "colocation", "lat": 34.047942, "lon": -118.255564, "address": "624 S. Grand Ave.", "city": "Los Angeles", "postcode": "90017", "utility": "LADWP", "utility_candidates": "LADWP,Metropolitan Water District of So. Cal", "year_built": null, "building_levels_reported": 1.0, "building_levels_used": 1.0, "partial_occupancy": false, "footprint_sqft": null, "est_gross_sqft": null, "est_white_space_sqft": null, "best_power_mw": null, "power_ci_low_mw": null, "power_ci_high_mw": null, "power_tier": null, "n_power_methods": null, "est_annual_gwh": null, "pdb_net_count": 336.0, "pdb_ix_count": 5.0, "pdb_carrier_count": 9.0, "clli": "LSANCARC", "website": "http://www.coresite.com", "source_list": "peeringdb", "n_sources": 1 }, "geometry": { "type": "Point", "coordinates": [ -118.255564, 34.047942 ] } },
{ "type": "Feature", "properties": { "facility_id": "fedconnect-san-francisco-d3b5a8", "name": "FedConnect San Francisco", "operator": "60 Fed LLC", "facility_class": "unknown", "lat": 37.783322, "lon": -122.392048, "address": "60 Federal Street", "city": "San Francisco", "postcode": "94103", "utility": "PG&E", "utility_candidates": "CCSF,PG&E", "year_built": null, "building_levels_reported": 1.0, "building_levels_used": 1.0, "partial_occupancy": false, "footprint_sqft": null, "est_gross_sqft": null, "est_white_space_sqft": null, "best_power_mw": null, "power_ci_low_mw": null, "power_ci_high_mw": null, "power_tier": null, "n_power_methods": null, "est_annual_gwh": null, "pdb_net_count": 0.0, "pdb_ix_count": 0.0, "pdb_carrier_count": 0.0, "clli": "SNFCCA", "website": null, "source_list": "peeringdb", "n_sources": 1 }, "geometry": { "type": "Point", "coordinates": [ -122.392048, 37.783322 ] } },
{ "type": "Feature", "properties": { "facility_id": "jma-nac-los-angeles-d918c0", "name": "JMA NAC Los Angeles", "operator": "JMA Wired", "facility_class": "unknown", "lat": 34.048428, "lon": -118.255186, "address": "530 West 6th Street", "city": "Los Angeles", "postcode": "90014", "utility": "LADWP", "utility_candidates": "LADWP,Metropolitan Water District of So. Cal", "year_built": null, "building_levels_reported": 1.0, "building_levels_used": 1.0, "partial_occupancy": false, "footprint_sqft": null, "est_gross_sqft": null, "est_white_space_sqft": null, "best_power_mw": null, "power_ci_low_mw": null, "power_ci_high_mw": null, "power_tier": null, "n_power_methods": null, "est_annual_gwh": null, "pdb_net_count": 0.0, "pdb_ix_count": 1.0, "pdb_carrier_count": 0.0, "clli": "LSANCA", "website": null, "source_list": "peeringdb", "n_sources": 1 }, "geometry": { "type": "Point", "coordinates": [ -118.255186, 34.048428 ] } },
{ "type": "Feature", "properties": { "facility_id": "the-mission-street-center-21df65", "name": "The Mission Street Center", "operator": "UnitedLayer LLC", "facility_class": "unknown", "lat": 37.780351, "lon": -122.408954, "address": "1019 Mission Street", "city": "San Francisco", "postcode": "94107", "utility": "PG&E", "utility_candidates": "CCSF,PG&E", "year_built": null, "building_levels_reported": 1.0, "building_levels_used": 1.0, "partial_occupancy": false, "footprint_sqft": null, "est_gross_sqft": null, "est_white_space_sqft": null, "best_power_mw": null, "power_ci_low_mw": null, "power_ci_high_mw": null, "power_tier": null, "n_power_methods": null, "est_annual_gwh": null, "pdb_net_count": 0.0, "pdb_ix_count": 0.0, "pdb_carrier_count": 0.0, "clli": "SNFCCA", "website": "https://unitedlayer.com", "source_list": "peeringdb", "n_sources": 1 }, "geometry": { "type": "Point", "coordinates": [ -122.408954, 37.780351 ] } },
{ "type": "Feature", "properties": { "facility_id": "svtix-san-jose-ac60f6", "name": "SVTIX San Jose", "operator": "SVTIX San Jose", "facility_class": "unknown", "lat": 37.333765, "lon": -121.904828, "address": "250 Stockton St", "city": "San Jose", "postcode": "95126", "utility": "PG&E", "utility_candidates": "PG&E,PWRPA", "year_built": null, "building_levels_reported": 1.0, "building_levels_used": 1.0, "partial_occupancy": false, "footprint_sqft": null, "est_gross_sqft": null, "est_white_space_sqft": null, "best_power_mw": null, "power_ci_low_mw": null, "power_ci_high_mw": null, "power_tier": null, "n_power_methods": null, "est_annual_gwh": null, "pdb_net_count": 3.0, "pdb_ix_count": 0.0, "pdb_carrier_count": 0.0, "clli": "SNJSCA", "website": null, "source_list": "peeringdb", "n_sources": 1 }, "geometry": { "type": "Point", "coordinates": [ -121.904828, 37.333765 ] } },
{ "type": "Feature", "properties": { "facility_id": "kdweb-san-jose-2aeaa4", "name": "KDWEB San Jose", "operator": "KDWEB", "facility_class": "unknown", "lat": 37.333885, "lon": -121.889302, "address": "50 W San Fernando", "city": "San Jose", "postcode": "95122", "utility": "PG&E", "utility_candidates": "PG&E,PWRPA", "year_built": null, "building_levels_reported": 1.0, "building_levels_used": 1.0, "partial_occupancy": false, "footprint_sqft": null, "est_gross_sqft": null, "est_white_space_sqft": null, "best_power_mw": null, "power_ci_low_mw": null, "power_ci_high_mw": null, "power_tier": null, "n_power_methods": null, "est_annual_gwh": null, "pdb_net_count": 0.0, "pdb_ix_count": 0.0, "pdb_carrier_count": 0.0, "clli": "SNJSCA", "website": null, "source_list": "peeringdb", "n_sources": 1 }, "geometry": { "type": "Point", "coordinates": [ -121.889302, 37.333885 ] } },
{ "type": "Feature", "properties": { "facility_id": "equinix-sv17-silicon-valley-santa-clara-95f87e", "name": "Equinix SV17 - Silicon Valley, Santa Clara", "operator": "Equinix", "facility_class": "colocation", "lat": 37.376348, "lon": -121.988591, "address": "3030 Corvin Dr", "city": "Santa Clara", "postcode": "95051", "utility": "SVP", "utility_candidates": "PWRPA,SVP", "year_built": null, "building_levels_reported": 1.0, "building_levels_used": 1.0, "partial_occupancy": false, "footprint_sqft": null, "est_gross_sqft": null, "est_white_space_sqft": null, "best_power_mw": null, "power_ci_low_mw": null, "power_ci_high_mw": null, "power_tier": null, "n_power_methods": null, "est_annual_gwh": null, "pdb_net_count": 6.0, "pdb_ix_count": 1.0, "pdb_carrier_count": 1.0, "clli": "SNTCCA", "website": "https://www.equinix.com/locations/americas-colocation/united-states-colocation/silicon-valley-data-centers/sv17/", "source_list": "peeringdb", "n_sources": 1 }, "geometry": { "type": "Point", "coordinates": [ -121.988591, 37.376348 ] } },
{ "type": "Feature", "properties": { "facility_id": "equinix-la2-los-angeles-6e645d", "name": "Equinix LA2 - Los Angeles", "operator": "Equinix", "facility_class": "colocation", "lat": 34.048897, "lon": -118.259585, "address": "818 W 7th St", "city": "Los Angeles", "postcode": "90017", "utility": "LADWP", "utility_candidates": "LADWP,Metropolitan Water District of So. Cal", "year_built": null, "building_levels_reported": 1.0, "building_levels_used": 1.0, "partial_occupancy": false, "footprint_sqft": null, "est_gross_sqft": null, "est_white_space_sqft": null, "best_power_mw": null, "power_ci_low_mw": null, "power_ci_high_mw": null, "power_tier": null, "n_power_methods": null, "est_annual_gwh": null, "pdb_net_count": 14.0, "pdb_ix_count": 5.0, "pdb_carrier_count": 1.0, "clli": "LSANCA", "website": "https://www.equinix.com/locations/americas-colocation/united-states-colocation/los-angeles-data-centers/la2/", "source_list": "peeringdb", "n_sources": 1 }, "geometry": { "type": "Point", "coordinates": [ -118.259585, 34.048897 ] } },
{ "type": "Feature", "properties": { "facility_id": "evocative-san-jose-sv7-c3a8ce", "name": "Evocative San Jose (SV7)", "operator": "VPLS", "facility_class": "unknown", "lat": 37.338431, "lon": -121.910133, "address": "534 Stockton Avenue", "city": "San Jose", "postcode": "95126", "utility": "PG&E", "utility_candidates": "PG&E,PWRPA", "year_built": null, "building_levels_reported": 1.0, "building_levels_used": 1.0, "partial_occupancy": false, "footprint_sqft": null, "est_gross_sqft": null, "est_white_space_sqft": null, "best_power_mw": null, "power_ci_low_mw": null, "power_ci_high_mw": null, "power_tier": null, "n_power_methods": null, "est_annual_gwh": null, "pdb_net_count": 7.0, "pdb_ix_count": 0.0, "pdb_carrier_count": 1.0, "clli": "SNJSCA", "website": "http://www.evocative.com", "source_list": "peeringdb", "n_sources": 1 }, "geometry": { "type": "Point", "coordinates": [ -121.910133, 37.338431 ] } },
{ "type": "Feature", "properties": { "facility_id": "level-3-sunnyvale-7e9219", "name": "Level(3) Sunnyvale", "operator": "Lumen Technologies", "facility_class": "colocation", "lat": 37.373412, "lon": -121.98778, "address": "1380 Kifer Rd.", "city": "Sunnyvale", "postcode": "95051", "utility": "PG&E", "utility_candidates": "PG&E,PWRPA", "year_built": null, "building_levels_reported": 1.0, "building_levels_used": 1.0, "partial_occupancy": false, "footprint_sqft": null, "est_gross_sqft": null, "est_white_space_sqft": null, "best_power_mw": null, "power_ci_low_mw": null, "power_ci_high_mw": null, "power_tier": null, "n_power_methods": null, "est_annual_gwh": null, "pdb_net_count": 8.0, "pdb_ix_count": 2.0, "pdb_carrier_count": 0.0, "clli": "SNVACA", "website": "http://www.level3.com/", "source_list": "peeringdb", "n_sources": 1 }, "geometry": { "type": "Point", "coordinates": [ -121.98778, 37.373412 ] } },
{ "type": "Feature", "properties": { "facility_id": "evocative-sjc3-d25a6d", "name": "Evocative SJC3", "operator": "VPLS", "facility_class": "unknown", "lat": 37.378042, "lon": -121.954136, "address": "3080 Raymond Street", "city": "Santa Clara", "postcode": "95054", "utility": "SVP", "utility_candidates": "PWRPA,SVP", "year_built": null, "building_levels_reported": 1.0, "building_levels_used": 1.0, "partial_occupancy": false, "footprint_sqft": null, "est_gross_sqft": null, "est_white_space_sqft": null, "best_power_mw": null, "power_ci_low_mw": null, "power_ci_high_mw": null, "power_tier": null, "n_power_methods": null, "est_annual_gwh": null, "pdb_net_count": 13.0, "pdb_ix_count": 0.0, "pdb_carrier_count": 0.0, "clli": null, "website": "http://www.evocative.com/", "source_list": "peeringdb", "n_sources": 1 }, "geometry": { "type": "Point", "coordinates": [ -121.954136, 37.378042 ] } },
{ "type": "Feature", "properties": { "facility_id": "telehouse-los-angeles-457320", "name": "Telehouse - Los Angeles", "operator": "Telehouse - Global Data Centers", "facility_class": "unknown", "lat": 34.048275, "lon": -118.256985, "address": "626 Wilshire Blvd #600", "city": "Los Angeles", "postcode": "90017", "utility": "LADWP", "utility_candidates": "LADWP,Metropolitan Water District of So. Cal", "year_built": null, "building_levels_reported": 1.0, "building_levels_used": 1.0, "partial_occupancy": false, "footprint_sqft": null, "est_gross_sqft": null, "est_white_space_sqft": null, "best_power_mw": null, "power_ci_low_mw": null, "power_ci_high_mw": null, "power_tier": null, "n_power_methods": null, "est_annual_gwh": null, "pdb_net_count": 5.0, "pdb_ix_count": 1.0, "pdb_carrier_count": 0.0, "clli": "LSANCA", "website": "http://www.telehouse.com", "source_list": "peeringdb", "n_sources": 1 }, "geometry": { "type": "Point", "coordinates": [ -118.256985, 34.048275 ] } },
{ "type": "Feature", "properties": { "facility_id": "equinix-la3-la4-los-angeles-el-segundo-31bb71", "name": "Equinix LA3/LA4 - Los Angeles, El Segundo", "operator": "Equinix", "facility_class": "colocation", "lat": 33.921239, "lon": -118.383778, "address": "445 North Douglas Street", "city": "El Segundo", "postcode": "90245-3411", "utility": "SCE", "utility_candidates": "Metropolitan Water District of So. Cal,SCE", "year_built": null, "building_levels_reported": 1.0, "building_levels_used": 1.0, "partial_occupancy": false, "footprint_sqft": null, "est_gross_sqft": null, "est_white_space_sqft": null, "best_power_mw": null, "power_ci_low_mw": null, "power_ci_high_mw": null, "power_tier": null, "n_power_methods": null, "est_annual_gwh": null, "pdb_net_count": 56.0, "pdb_ix_count": 3.0, "pdb_carrier_count": 3.0, "clli": null, "website": "https://www.equinix.com/locations/united-states-colocation/los-angeles-data-centers/", "source_list": "peeringdb", "n_sources": 1 }, "geometry": { "type": "Point", "coordinates": [ -118.383778, 33.921239 ] } },
{ "type": "Feature", "properties": { "facility_id": "ocdc-orange-county-datacenter-santa-ana-004a69", "name": "OCDC Orange County Datacenter Santa Ana", "operator": "VPLS", "facility_class": "unknown", "lat": 33.729872, "lon": -117.851779, "address": "1400 S. Grand", "city": "Santa Ana", "postcode": "92705", "utility": "SCE", "utility_candidates": "Metropolitan Water District of So. Cal,SCE", "year_built": null, "building_levels_reported": 1.0, "building_levels_used": 1.0, "partial_occupancy": false, "footprint_sqft": null, "est_gross_sqft": null, "est_white_space_sqft": null, "best_power_mw": null, "power_ci_low_mw": null, "power_ci_high_mw": null, "power_tier": null, "n_power_methods": null, "est_annual_gwh": null, "pdb_net_count": 1.0, "pdb_ix_count": 0.0, "pdb_carrier_count": 0.0, "clli": null, "website": "http://www.govportals.com", "source_list": "peeringdb", "n_sources": 1 }, "geometry": { "type": "Point", "coordinates": [ -117.851779, 33.729872 ] } },
{ "type": "Feature", "properties": { "facility_id": "digital-realty-lax-600-w-7th-16382f", "name": "Digital Realty LAX (600 W 7th)", "operator": "Digital Realty", "facility_class": "colocation", "lat": 34.047335, "lon": -118.25745, "address": "600 West 7th Street", "city": "Los Angeles", "postcode": "90017", "utility": "LADWP", "utility_candidates": "LADWP,Metropolitan Water District of So. Cal", "year_built": null, "building_levels_reported": 1.0, "building_levels_used": 1.0, "partial_occupancy": false, "footprint_sqft": null, "est_gross_sqft": null, "est_white_space_sqft": null, "best_power_mw": null, "power_ci_low_mw": null, "power_ci_high_mw": null, "power_tier": null, "n_power_methods": null, "est_annual_gwh": null, "pdb_net_count": 51.0, "pdb_ix_count": 1.0, "pdb_carrier_count": 1.0, "clli": "LSANCA", "website": "https://www.digitalrealty.com", "source_list": "peeringdb", "n_sources": 1 }, "geometry": { "type": "Point", "coordinates": [ -118.25745, 34.047335 ] } },
{ "type": "Feature", "properties": { "facility_id": "190-park-center-plaza-san-jose-4be01d", "name": "190 Park Center Plaza San Jose", "operator": "TelePacific Communications", "facility_class": "unknown", "lat": 37.332218, "lon": -121.892948, "address": "190 Park Center Plaza", "city": "San Jose", "postcode": "95113", "utility": "PG&E", "utility_candidates": "PG&E,PWRPA", "year_built": null, "building_levels_reported": 1.0, "building_levels_used": 1.0, "partial_occupancy": false, "footprint_sqft": null, "est_gross_sqft": null, "est_white_space_sqft": null, "best_power_mw": null, "power_ci_low_mw": null, "power_ci_high_mw": null, "power_tier": null, "n_power_methods": null, "est_annual_gwh": null, "pdb_net_count": 0.0, "pdb_ix_count": 0.0, "pdb_carrier_count": 0.0, "clli": null, "website": "http://www.telepacific.com", "source_list": "peeringdb", "n_sources": 1 }, "geometry": { "type": "Point", "coordinates": [ -121.892948, 37.332218 ] } },
{ "type": "Feature", "properties": { "facility_id": "level-3-oakland-f46686", "name": "Level(3) Oakland", "operator": "Lumen Technologies", "facility_class": "colocation", "lat": 37.834675, "lon": -122.286597, "address": "5000 Hollis Ave", "city": "Emeryville", "postcode": "94608", "utility": "PG&E", "utility_candidates": "PG&E", "year_built": null, "building_levels_reported": 1.0, "building_levels_used": 1.0, "partial_occupancy": false, "footprint_sqft": null, "est_gross_sqft": null, "est_white_space_sqft": null, "best_power_mw": null, "power_ci_low_mw": null, "power_ci_high_mw": null, "power_tier": null, "n_power_methods": null, "est_annual_gwh": null, "pdb_net_count": 2.0, "pdb_ix_count": 0.0, "pdb_carrier_count": 0.0, "clli": null, "website": "http://www.level3.net/", "source_list": "peeringdb", "n_sources": 1 }, "geometry": { "type": "Point", "coordinates": [ -122.286597, 37.834675 ] } },
{ "type": "Feature", "properties": { "facility_id": "digital-realty-oak-720-2nd-st-251da3", "name": "Digital Realty OAK (720 2nd St)", "operator": "Digital Realty", "facility_class": "colocation", "lat": 37.79906, "lon": -122.28283, "address": "720 2nd St", "city": "Oakland", "postcode": "94607", "utility": "PG&E", "utility_candidates": "PG&E", "year_built": null, "building_levels_reported": 1.0, "building_levels_used": 1.0, "partial_occupancy": false, "footprint_sqft": null, "est_gross_sqft": null, "est_white_space_sqft": null, "best_power_mw": 10.190032769230768, "power_ci_low_mw": 3.0088963, "power_ci_high_mw": 12.529584181818178, "power_tier": "B_generator", "n_power_methods": 1.0, "est_annual_gwh": 93.727921411384614, "pdb_net_count": 6.0, "pdb_ix_count": 1.0, "pdb_carrier_count": 1.0, "clli": null, "website": "https://www.digitalrealty.com", "source_list": "epa_nei,peeringdb", "n_sources": 2 }, "geometry": { "type": "Point", "coordinates": [ -122.28283, 37.79906 ] } },
{ "type": "Feature", "properties": { "facility_id": "qts-santa-clara-sjc1-sjc2-a940f0", "name": "QTS Santa Clara (SJC1/SJC2)", "operator": "QTS", "facility_class": "wholesale", "lat": 37.394031, "lon": -121.978279, "address": "2807 Mission College Blvd", "city": "Santa Clara", "postcode": "95054", "utility": "SVP", "utility_candidates": "PWRPA,SVP", "year_built": null, "building_levels_reported": 1.0, "building_levels_used": 1.0, "partial_occupancy": false, "footprint_sqft": null, "est_gross_sqft": null, "est_white_space_sqft": null, "best_power_mw": null, "power_ci_low_mw": null, "power_ci_high_mw": null, "power_tier": null, "n_power_methods": null, "est_annual_gwh": null, "pdb_net_count": 12.0, "pdb_ix_count": 2.0, "pdb_carrier_count": 1.0, "clli": "SNTCCA", "website": "http://www.qtsdatacenters.com/data-centers/santa-clara", "source_list": "peeringdb", "n_sources": 1 }, "geometry": { "type": "Point", "coordinates": [ -121.978279, 37.394031 ] } },
{ "type": "Feature", "properties": { "facility_id": "274-brannan-street-98db8e", "name": "274 Brannan Street", "operator": "The Swig Company", "facility_class": "unknown", "lat": 37.782582, "lon": -122.391764, "address": "274 Brannan Street", "city": "San Francisco", "postcode": "94107", "utility": "PG&E", "utility_candidates": "CCSF,PG&E", "year_built": null, "building_levels_reported": 1.0, "building_levels_used": 1.0, "partial_occupancy": false, "footprint_sqft": null, "est_gross_sqft": null, "est_white_space_sqft": null, "best_power_mw": null, "power_ci_low_mw": null, "power_ci_high_mw": null, "power_tier": null, "n_power_methods": null, "est_annual_gwh": null, "pdb_net_count": 2.0, "pdb_ix_count": 0.0, "pdb_carrier_count": 0.0, "clli": "SNFCCA", "website": "http://www.swigco.com/property-pages/sf-274-Brannan.html", "source_list": "peeringdb", "n_sources": 1 }, "geometry": { "type": "Point", "coordinates": [ -122.391764, 37.782582 ] } },
{ "type": "Feature", "properties": { "facility_id": "telecom-center-la-a4b520", "name": "Telecom Center LA", "operator": "Morlin Management", "facility_class": "unknown", "lat": 34.048428, "lon": -118.255186, "address": "530 West 6th Street", "city": "Los Angeles", "postcode": "90014", "utility": "LADWP", "utility_candidates": "LADWP,Metropolitan Water District of So. Cal", "year_built": null, "building_levels_reported": 1.0, "building_levels_used": 1.0, "partial_occupancy": false, "footprint_sqft": null, "est_gross_sqft": null, "est_white_space_sqft": null, "best_power_mw": null, "power_ci_low_mw": null, "power_ci_high_mw": null, "power_tier": null, "n_power_methods": null, "est_annual_gwh": null, "pdb_net_count": 10.0, "pdb_ix_count": 1.0, "pdb_carrier_count": 0.0, "clli": null, "website": "http://latelecomcenter.com/", "source_list": "peeringdb", "n_sources": 1 }, "geometry": { "type": "Point", "coordinates": [ -118.255186, 34.048428 ] } },
{ "type": "Feature", "properties": { "facility_id": "telepacific-57c341", "name": "TelePacific", "operator": "TelePacific Communications", "facility_class": "unknown", "lat": 37.77942, "lon": -122.394082, "address": "630 3rd Street", "city": "San Francisco", "postcode": "94107", "utility": "PG&E", "utility_candidates": "CCSF,PG&E", "year_built": null, "building_levels_reported": 1.0, "building_levels_used": 1.0, "partial_occupancy": false, "footprint_sqft": null, "est_gross_sqft": null, "est_white_space_sqft": null, "best_power_mw": null, "power_ci_low_mw": null, "power_ci_high_mw": null, "power_tier": null, "n_power_methods": null, "est_annual_gwh": null, "pdb_net_count": 0.0, "pdb_ix_count": 0.0, "pdb_carrier_count": 0.0, "clli": null, "website": "http://www.telepacific.com/products/colocation.asp", "source_list": "peeringdb", "n_sources": 1 }, "geometry": { "type": "Point", "coordinates": [ -122.394082, 37.77942 ] } },
{ "type": "Feature", "properties": { "facility_id": "lightedge-san-diego-2-san2-75a686", "name": "LightEdge San Diego 2 (SAN2)", "operator": "LightEdge", "facility_class": "colocation", "lat": 32.897149, "lon": -117.20105, "address": "9725 Scranton Rd", "city": "San Diego", "postcode": "92121", "utility": "SDG&E", "utility_candidates": "Metropolitan Water District of So. Cal,SDG&E", "year_built": null, "building_levels_reported": 1.0, "building_levels_used": 1.0, "partial_occupancy": false, "footprint_sqft": null, "est_gross_sqft": null, "est_white_space_sqft": null, "best_power_mw": null, "power_ci_low_mw": null, "power_ci_high_mw": null, "power_tier": null, "n_power_methods": null, "est_annual_gwh": null, "pdb_net_count": 6.0, "pdb_ix_count": 0.0, "pdb_carrier_count": 1.0, "clli": null, "website": "http://www.lightedge.com/", "source_list": "peeringdb", "n_sources": 1 }, "geometry": { "type": "Point", "coordinates": [ -117.20105, 32.897149 ] } },
{ "type": "Feature", "properties": { "facility_id": "nasa-moffet-field-c24c97", "name": "NASA Moffet Field", "operator": "NASA", "facility_class": "unknown", "lat": 37.420567, "lon": -122.040197, "address": "Building N254 Moffett Field", "city": "Mountain View", "postcode": "94035", "utility": "PG&E", "utility_candidates": "PG&E,PWRPA", "year_built": null, "building_levels_reported": 1.0, "building_levels_used": 1.0, "partial_occupancy": false, "footprint_sqft": null, "est_gross_sqft": null, "est_white_space_sqft": null, "best_power_mw": null, "power_ci_low_mw": null, "power_ci_high_mw": null, "power_tier": null, "n_power_methods": null, "est_annual_gwh": null, "pdb_net_count": 1.0, "pdb_ix_count": 1.0, "pdb_carrier_count": 0.0, "clli": null, "website": "https://www.nasa.gov/", "source_list": "peeringdb", "n_sources": 1 }, "geometry": { "type": "Point", "coordinates": [ -122.040197, 37.420567 ] } },
{ "type": "Feature", "properties": { "facility_id": "800-south-hope-faa296", "name": "800 south hope", "operator": "Thomas Properties Group", "facility_class": "unknown", "lat": 34.045995, "lon": -118.258993, "address": "800 South Hope Street", "city": "Los Angeles", "postcode": "90017", "utility": "LADWP", "utility_candidates": "LADWP,Metropolitan Water District of So. Cal", "year_built": null, "building_levels_reported": 1.0, "building_levels_used": 1.0, "partial_occupancy": false, "footprint_sqft": null, "est_gross_sqft": null, "est_white_space_sqft": null, "best_power_mw": null, "power_ci_low_mw": null, "power_ci_high_mw": null, "power_tier": null, "n_power_methods": null, "est_annual_gwh": null, "pdb_net_count": 4.0, "pdb_ix_count": 0.0, "pdb_carrier_count": 0.0, "clli": null, "website": "http://www.tpgre.com/properties/800_south_hope.htm", "source_list": "peeringdb", "n_sources": 1 }, "geometry": { "type": "Point", "coordinates": [ -118.258993, 34.045995 ] } },
{ "type": "Feature", "properties": { "facility_id": "quadranet-dtla-28c077", "name": "QuadraNet DTLA", "operator": "QuadraNet Enterprises LLC", "facility_class": "unknown", "lat": 34.048428, "lon": -118.255186, "address": "530 West 6th Street", "city": "Los Angeles", "postcode": "90014", "utility": "LADWP", "utility_candidates": "LADWP,Metropolitan Water District of So. Cal", "year_built": null, "building_levels_reported": 1.0, "building_levels_used": 1.0, "partial_occupancy": false, "footprint_sqft": null, "est_gross_sqft": null, "est_white_space_sqft": null, "best_power_mw": null, "power_ci_low_mw": null, "power_ci_high_mw": null, "power_tier": null, "n_power_methods": null, "est_annual_gwh": null, "pdb_net_count": 17.0, "pdb_ix_count": 1.0, "pdb_carrier_count": 0.0, "clli": null, "website": "http://www.quadranet.com", "source_list": "peeringdb", "n_sources": 1 }, "geometry": { "type": "Point", "coordinates": [ -118.255186, 34.048428 ] } },
{ "type": "Feature", "properties": { "facility_id": "xo-818-west-7th-89226a", "name": "XO 818 West 7th", "operator": "Verizon", "facility_class": "colocation", "lat": 34.04881, "lon": -118.259457, "address": "818 West 7th Street", "city": "Los Angeles", "postcode": "90017", "utility": "LADWP", "utility_candidates": "LADWP,Metropolitan Water District of So. Cal", "year_built": null, "building_levels_reported": 1.0, "building_levels_used": 1.0, "partial_occupancy": false, "footprint_sqft": null, "est_gross_sqft": null, "est_white_space_sqft": null, "best_power_mw": null, "power_ci_low_mw": null, "power_ci_high_mw": null, "power_tier": null, "n_power_methods": null, "est_annual_gwh": null, "pdb_net_count": 0.0, "pdb_ix_count": 0.0, "pdb_carrier_count": 0.0, "clli": null, "website": "http://www.xo.com/services/network/Pages/collocation.aspx", "source_list": "peeringdb", "n_sources": 1 }, "geometry": { "type": "Point", "coordinates": [ -118.259457, 34.04881 ] } },
{ "type": "Feature", "properties": { "facility_id": "xo-600-west-7th-8b44f6", "name": "XO 600 West 7th", "operator": "Verizon", "facility_class": "colocation", "lat": 34.047322, "lon": -118.25745, "address": "600 West 7th Street", "city": "Los Angeles", "postcode": "90017", "utility": "LADWP", "utility_candidates": "LADWP,Metropolitan Water District of So. Cal", "year_built": null, "building_levels_reported": 1.0, "building_levels_used": 1.0, "partial_occupancy": false, "footprint_sqft": null, "est_gross_sqft": null, "est_white_space_sqft": null, "best_power_mw": null, "power_ci_low_mw": null, "power_ci_high_mw": null, "power_tier": null, "n_power_methods": null, "est_annual_gwh": null, "pdb_net_count": 0.0, "pdb_ix_count": 0.0, "pdb_carrier_count": 0.0, "clli": null, "website": "http://www.xo.com/services/network/Pages/collocation.aspx", "source_list": "peeringdb", "n_sources": 1 }, "geometry": { "type": "Point", "coordinates": [ -118.25745, 34.047322 ] } },
{ "type": "Feature", "properties": { "facility_id": "801-tenth-street-modesto-ayera-eea2f5", "name": "801 Tenth Street Modesto (Ayera)", "operator": "Ayera Technologies, Inc.", "facility_class": "unknown", "lat": 37.638551, "lon": -120.998503, "address": "801 Tenth Street", "city": "Modesto", "postcode": "95354", "utility": "MID", "utility_candidates": "MID", "year_built": null, "building_levels_reported": 1.0, "building_levels_used": 1.0, "partial_occupancy": false, "footprint_sqft": null, "est_gross_sqft": null, "est_white_space_sqft": null, "best_power_mw": null, "power_ci_low_mw": null, "power_ci_high_mw": null, "power_tier": null, "n_power_methods": null, "est_annual_gwh": null, "pdb_net_count": 2.0, "pdb_ix_count": 0.0, "pdb_carrier_count": 0.0, "clli": "MDSTCA", "website": "http://www.ayera.com", "source_list": "peeringdb", "n_sources": 1 }, "geometry": { "type": "Point", "coordinates": [ -120.998503, 37.638551 ] } },
{ "type": "Feature", "properties": { "facility_id": "level-3-los-angeles-072045", "name": "Level(3) Los Angeles", "operator": "Lumen Technologies", "facility_class": "colocation", "lat": 34.048741, "lon": -118.25956, "address": "818 W 7th St", "city": "Los Angeles", "postcode": "90017-3463", "utility": "LADWP", "utility_candidates": "LADWP,Metropolitan Water District of So. Cal", "year_built": null, "building_levels_reported": 1.0, "building_levels_used": 1.0, "partial_occupancy": false, "footprint_sqft": null, "est_gross_sqft": null, "est_white_space_sqft": null, "best_power_mw": null, "power_ci_low_mw": null, "power_ci_high_mw": null, "power_tier": null, "n_power_methods": null, "est_annual_gwh": null, "pdb_net_count": 6.0, "pdb_ix_count": 0.0, "pdb_carrier_count": 1.0, "clli": null, "website": "http://www.level3.com", "source_list": "peeringdb", "n_sources": 1 }, "geometry": { "type": "Point", "coordinates": [ -118.25956, 34.048741 ] } },
{ "type": "Feature", "properties": { "facility_id": "i2b-san02-b4b2a9", "name": "I2B SAN02", "operator": "I2B Networks", "facility_class": "unknown", "lat": 32.830414, "lon": -117.136849, "address": "8830 Complex Dr", "city": "San Diego", "postcode": "92123", "utility": "SDG&E", "utility_candidates": "Metropolitan Water District of So. Cal,SDG&E", "year_built": null, "building_levels_reported": 1.0, "building_levels_used": 1.0, "partial_occupancy": false, "footprint_sqft": null, "est_gross_sqft": null, "est_white_space_sqft": null, "best_power_mw": null, "power_ci_low_mw": null, "power_ci_high_mw": null, "power_tier": null, "n_power_methods": null, "est_annual_gwh": null, "pdb_net_count": 3.0, "pdb_ix_count": 0.0, "pdb_carrier_count": 0.0, "clli": null, "website": "http://www.i2bnetworks.com", "source_list": "peeringdb", "n_sources": 1 }, "geometry": { "type": "Point", "coordinates": [ -117.136849, 32.830414 ] } },
{ "type": "Feature", "properties": { "facility_id": "i2b-san01-98392c", "name": "I2B SAN01", "operator": "I2B Networks", "facility_class": "unknown", "lat": 32.830139, "lon": -117.13445, "address": "8971 Complex Dr", "city": "San Diego", "postcode": "92123", "utility": "SDG&E", "utility_candidates": "Metropolitan Water District of So. Cal,SDG&E", "year_built": null, "building_levels_reported": 1.0, "building_levels_used": 1.0, "partial_occupancy": false, "footprint_sqft": null, "est_gross_sqft": null, "est_white_space_sqft": null, "best_power_mw": null, "power_ci_low_mw": null, "power_ci_high_mw": null, "power_tier": null, "n_power_methods": null, "est_annual_gwh": null, "pdb_net_count": 2.0, "pdb_ix_count": 0.0, "pdb_carrier_count": 0.0, "clli": null, "website": "http://www.i2bnetworks.com", "source_list": "peeringdb", "n_sources": 1 }, "geometry": { "type": "Point", "coordinates": [ -117.13445, 32.830139 ] } },
{ "type": "Feature", "properties": { "facility_id": "fireline-data-center-a45ef3", "name": "Fireline Data Center", "operator": "Fireline Network Solutions, Inc", "facility_class": "unknown", "lat": 34.062122, "lon": -118.358612, "address": "5900 Wilshire Blvd", "city": "Los Angeles", "postcode": "90036", "utility": "LADWP", "utility_candidates": "LADWP,Metropolitan Water District of So. Cal", "year_built": null, "building_levels_reported": 1.0, "building_levels_used": 1.0, "partial_occupancy": false, "footprint_sqft": null, "est_gross_sqft": null, "est_white_space_sqft": null, "best_power_mw": null, "power_ci_low_mw": null, "power_ci_high_mw": null, "power_tier": null, "n_power_methods": null, "est_annual_gwh": null, "pdb_net_count": 1.0, "pdb_ix_count": 0.0, "pdb_carrier_count": 0.0, "clli": null, "website": "http://www.FirelineBroadband.com", "source_list": "peeringdb", "n_sources": 1 }, "geometry": { "type": "Point", "coordinates": [ -118.358612, 34.062122 ] } },
{ "type": "Feature", "properties": { "facility_id": "bay-area-internet-6a1157", "name": "Bay Area Internet", "operator": "BAIS, INC", "facility_class": "unknown", "lat": 37.365431, "lon": -121.961738, "address": "2050 Martin Ave", "city": "Santa Clara", "postcode": "95050", "utility": "SVP", "utility_candidates": "PWRPA,SVP", "year_built": null, "building_levels_reported": 1.0, "building_levels_used": 1.0, "partial_occupancy": false, "footprint_sqft": null, "est_gross_sqft": null, "est_white_space_sqft": null, "best_power_mw": null, "power_ci_low_mw": null, "power_ci_high_mw": null, "power_tier": null, "n_power_methods": null, "est_annual_gwh": null, "pdb_net_count": 2.0, "pdb_ix_count": 0.0, "pdb_carrier_count": 0.0, "clli": null, "website": "http://www.bayarea.net", "source_list": "peeringdb", "n_sources": 1 }, "geometry": { "type": "Point", "coordinates": [ -121.961738, 37.365431 ] } },
{ "type": "Feature", "properties": { "facility_id": "ez-network-systems-e4a8d4", "name": "EZ Network Systems", "operator": "EZ Network Systems", "facility_class": "unknown", "lat": 37.990788, "lon": -121.289822, "address": "4203 Coronado Ave., Suite 4", "city": "Stockton", "postcode": "95204", "utility": "PG&E", "utility_candidates": "PG&E", "year_built": null, "building_levels_reported": 1.0, "building_levels_used": 1.0, "partial_occupancy": false, "footprint_sqft": null, "est_gross_sqft": null, "est_white_space_sqft": null, "best_power_mw": null, "power_ci_low_mw": null, "power_ci_high_mw": null, "power_tier": null, "n_power_methods": null, "est_annual_gwh": null, "pdb_net_count": 1.0, "pdb_ix_count": 0.0, "pdb_carrier_count": 0.0, "clli": "SKTPCA", "website": "http://www.ezisp.net", "source_list": "peeringdb", "n_sources": 1 }, "geometry": { "type": "Point", "coordinates": [ -121.289822, 37.990788 ] } },
{ "type": "Feature", "properties": { "facility_id": "level-3-hayward-c8de31", "name": "Level(3) Hayward", "operator": "Lumen Technologies", "facility_class": "colocation", "lat": 37.638508, "lon": -122.129908, "address": "23965 Connecticut St", "city": "Hayward", "postcode": "94545", "utility": "PG&E", "utility_candidates": "PG&E", "year_built": null, "building_levels_reported": 1.0, "building_levels_used": 1.0, "partial_occupancy": false, "footprint_sqft": null, "est_gross_sqft": null, "est_white_space_sqft": null, "best_power_mw": null, "power_ci_low_mw": null, "power_ci_high_mw": null, "power_tier": null, "n_power_methods": null, "est_annual_gwh": null, "pdb_net_count": 0.0, "pdb_ix_count": 0.0, "pdb_carrier_count": 0.0, "clli": null, "website": "http://www.lumen.com/", "source_list": "peeringdb", "n_sources": 1 }, "geometry": { "type": "Point", "coordinates": [ -122.129908, 37.638508 ] } },
{ "type": "Feature", "properties": { "facility_id": "sungard-as-sacramento-615b2d", "name": "Sungard AS Sacramento", "operator": "Sungard Availability Services", "facility_class": "unknown", "lat": 38.596081, "lon": -121.272635, "address": "11085 Sun Center Drive", "city": "Rancho Cordova", "postcode": "95670", "utility": "SMUD", "utility_candidates": "SMUD", "year_built": null, "building_levels_reported": 1.0, "building_levels_used": 1.0, "partial_occupancy": false, "footprint_sqft": null, "est_gross_sqft": null, "est_white_space_sqft": null, "best_power_mw": null, "power_ci_low_mw": null, "power_ci_high_mw": null, "power_tier": null, "n_power_methods": null, "est_annual_gwh": null, "pdb_net_count": 4.0, "pdb_ix_count": 0.0, "pdb_carrier_count": 1.0, "clli": null, "website": "https://www.sungardas.com/en-us/facilities/north-america/usa/sacramento-data-center/", "source_list": "peeringdb", "n_sources": 1 }, "geometry": { "type": "Point", "coordinates": [ -121.272635, 38.596081 ] } },
{ "type": "Feature", "properties": { "facility_id": "ic2net-data-center-b381a4", "name": "IC2NET Data Center", "operator": "IC2NET", "facility_class": "unknown", "lat": 33.717178, "lon": -117.803253, "address": "14351 Myford Rd", "city": "Tustin", "postcode": "92780", "utility": "SCE", "utility_candidates": "Metropolitan Water District of So. Cal,SCE", "year_built": null, "building_levels_reported": 1.0, "building_levels_used": 1.0, "partial_occupancy": false, "footprint_sqft": null, "est_gross_sqft": null, "est_white_space_sqft": null, "best_power_mw": null, "power_ci_low_mw": null, "power_ci_high_mw": null, "power_tier": null, "n_power_methods": null, "est_annual_gwh": null, "pdb_net_count": 0.0, "pdb_ix_count": 0.0, "pdb_carrier_count": 0.0, "clli": null, "website": "http://www.ic2net.net", "source_list": "peeringdb", "n_sources": 1 }, "geometry": { "type": "Point", "coordinates": [ -117.803253, 33.717178 ] } },
{ "type": "Feature", "properties": { "facility_id": "evocative-emeryville-em1-7c112d", "name": "Evocative Emeryville (EM1)", "operator": "VPLS", "facility_class": "unknown", "lat": 37.847054, "lon": -122.293028, "address": "1400 65th Street", "city": "Emeryville", "postcode": "94608", "utility": "PG&E", "utility_candidates": "PG&E", "year_built": null, "building_levels_reported": 1.0, "building_levels_used": 1.0, "partial_occupancy": false, "footprint_sqft": null, "est_gross_sqft": null, "est_white_space_sqft": null, "best_power_mw": null, "power_ci_low_mw": null, "power_ci_high_mw": null, "power_tier": null, "n_power_methods": null, "est_annual_gwh": null, "pdb_net_count": 3.0, "pdb_ix_count": 0.0, "pdb_carrier_count": 0.0, "clli": null, "website": "http://www.evocative.com", "source_list": "peeringdb", "n_sources": 1 }, "geometry": { "type": "Point", "coordinates": [ -122.293028, 37.847054 ] } },
{ "type": "Feature", "properties": { "facility_id": "psychz-networks-lax1-fd36c7", "name": "Psychz Networks LAX1", "operator": "Psychz Networks", "facility_class": "unknown", "lat": 34.048684, "lon": -118.257528, "address": "700 Wilshire Blvd #200", "city": "Los Angeles", "postcode": "90017", "utility": "LADWP", "utility_candidates": "LADWP,Metropolitan Water District of So. Cal", "year_built": null, "building_levels_reported": 1.0, "building_levels_used": 1.0, "partial_occupancy": false, "footprint_sqft": null, "est_gross_sqft": null, "est_white_space_sqft": null, "best_power_mw": null, "power_ci_low_mw": null, "power_ci_high_mw": null, "power_tier": null, "n_power_methods": null, "est_annual_gwh": null, "pdb_net_count": 9.0, "pdb_ix_count": 0.0, "pdb_carrier_count": 0.0, "clli": null, "website": "http://www.psychz.net", "source_list": "peeringdb", "n_sources": 1 }, "geometry": { "type": "Point", "coordinates": [ -118.257528, 34.048684 ] } },
{ "type": "Feature", "properties": { "facility_id": "edgeconnex-santa-clara-edcsvc01-edcsvc02-2e885b", "name": "EdgeConneX Santa Clara (EDCSVC01/EDCSVC02)", "operator": "EdgeConneX", "facility_class": "colocation", "lat": 37.3639075, "lon": -121.958897, "address": "1700 Richard Avenue", "city": "Santa Clara", "postcode": "95051", "utility": "SVP", "utility_candidates": "PWRPA,SVP", "year_built": null, "building_levels_reported": 1.0, "building_levels_used": 1.0, "partial_occupancy": false, "footprint_sqft": null, "est_gross_sqft": null, "est_white_space_sqft": null, "best_power_mw": 6.865384615384615, "power_ci_low_mw": 1.880625, "power_ci_high_mw": 8.4613636363636342, "power_tier": "B_generator", "n_power_methods": 1.0, "est_annual_gwh": 63.147807692307687, "pdb_net_count": 7.0, "pdb_ix_count": 1.0, "pdb_carrier_count": 1.0, "clli": null, "website": "http://www.edgeconnex.com", "source_list": "epa_nei,peeringdb", "n_sources": 2 }, "geometry": { "type": "Point", "coordinates": [ -121.958897, 37.3639075 ] } },
{ "type": "Feature", "properties": { "facility_id": "centersquare-los-angeles-lax3-3840ce", "name": "Centersquare Los Angeles (LAX3)", "operator": "CenterSquare", "facility_class": "colocation", "lat": 33.687339, "lon": -117.848727, "address": "17836 Gilette Ave.", "city": "Irvine", "postcode": "92614", "utility": "SCE", "utility_candidates": "Metropolitan Water District of So. Cal,SCE", "year_built": null, "building_levels_reported": 1.0, "building_levels_used": 1.0, "partial_occupancy": false, "footprint_sqft": null, "est_gross_sqft": null, "est_white_space_sqft": null, "best_power_mw": null, "power_ci_low_mw": null, "power_ci_high_mw": null, "power_tier": null, "n_power_methods": null, "est_annual_gwh": null, "pdb_net_count": 13.0, "pdb_ix_count": 1.0, "pdb_carrier_count": 1.0, "clli": null, "website": "https://centersquaredc.com/data-centers/los-angeles", "source_list": "peeringdb", "n_sources": 1 }, "geometry": { "type": "Point", "coordinates": [ -117.848727, 33.687339 ] } },
{ "type": "Feature", "properties": { "facility_id": "multacom-main-353626", "name": "MultaCom Main", "operator": "MultaCom Inc", "facility_class": "unknown", "lat": 34.049219, "lon": -118.257002, "address": "707 Wilshire Blvd", "city": "Los Angeles", "postcode": "90017", "utility": "LADWP", "utility_candidates": "LADWP,Metropolitan Water District of So. Cal", "year_built": null, "building_levels_reported": 1.0, "building_levels_used": 1.0, "partial_occupancy": false, "footprint_sqft": null, "est_gross_sqft": null, "est_white_space_sqft": null, "best_power_mw": null, "power_ci_low_mw": null, "power_ci_high_mw": null, "power_tier": null, "n_power_methods": null, "est_annual_gwh": null, "pdb_net_count": 3.0, "pdb_ix_count": 0.0, "pdb_carrier_count": 0.0, "clli": null, "website": "http://www.multacom.com", "source_list": "peeringdb", "n_sources": 1 }, "geometry": { "type": "Point", "coordinates": [ -118.257002, 34.049219 ] } },
{ "type": "Feature", "properties": { "facility_id": "multacom-telecom-center-39b20a", "name": "Multacom Telecom Center", "operator": "MultaCom Inc", "facility_class": "unknown", "lat": 34.048428, "lon": -118.255186, "address": "530 W 6th Street", "city": "Los Angeles", "postcode": "90017", "utility": "LADWP", "utility_candidates": "LADWP,Metropolitan Water District of So. Cal", "year_built": null, "building_levels_reported": 1.0, "building_levels_used": 1.0, "partial_occupancy": false, "footprint_sqft": null, "est_gross_sqft": null, "est_white_space_sqft": null, "best_power_mw": null, "power_ci_low_mw": null, "power_ci_high_mw": null, "power_tier": null, "n_power_methods": null, "est_annual_gwh": null, "pdb_net_count": 1.0, "pdb_ix_count": 0.0, "pdb_carrier_count": 0.0, "clli": null, "website": "http://www.multacom.com", "source_list": "peeringdb", "n_sources": 1 }, "geometry": { "type": "Point", "coordinates": [ -118.255186, 34.048428 ] } },
{ "type": "Feature", "properties": { "facility_id": "h5-data-centers-silicon-valley-98683d", "name": "H5 Data Centers Silicon Valley", "operator": "H5 Data Centers", "facility_class": "colocation", "lat": 37.372036, "lon": -121.987545, "address": "1360 Kifer Road", "city": "Sunnyvale", "postcode": "94086", "utility": "PG&E", "utility_candidates": "PG&E,PWRPA", "year_built": null, "building_levels_reported": 1.0, "building_levels_used": 1.0, "partial_occupancy": false, "footprint_sqft": null, "est_gross_sqft": null, "est_white_space_sqft": null, "best_power_mw": null, "power_ci_low_mw": null, "power_ci_high_mw": null, "power_tier": null, "n_power_methods": null, "est_annual_gwh": null, "pdb_net_count": 8.0, "pdb_ix_count": 2.0, "pdb_carrier_count": 1.0, "clli": null, "website": "https://h5datacenters.com/silicon-valley-colocation.html", "source_list": "peeringdb", "n_sources": 1 }, "geometry": { "type": "Point", "coordinates": [ -121.987545, 37.372036 ] } },
{ "type": "Feature", "properties": { "facility_id": "datapipe-silicon-valley-one-295a36", "name": "DataPipe Silicon Valley One", "operator": "DataPipe, Inc.", "facility_class": "unknown", "lat": 37.333786, "lon": -121.8880085, "address": "150 S 1st St", "city": "San Jose", "postcode": "95113", "utility": "PG&E", "utility_candidates": "PG&E,PWRPA", "year_built": null, "building_levels_reported": 1.0, "building_levels_used": 1.0, "partial_occupancy": false, "footprint_sqft": null, "est_gross_sqft": null, "est_white_space_sqft": null, "best_power_mw": 8.2384615384615376, "power_ci_low_mw": 2.25675, "power_ci_high_mw": 10.153636363636362, "power_tier": "B_generator", "n_power_methods": 1.0, "est_annual_gwh": 73.251456923076915, "pdb_net_count": 2.0, "pdb_ix_count": 0.0, "pdb_carrier_count": 0.0, "clli": "SNJLCAOQ", "website": null, "source_list": "epa_nei,peeringdb", "n_sources": 2 }, "geometry": { "type": "Point", "coordinates": [ -121.8880085, 37.333786 ] } },
{ "type": "Feature", "properties": { "facility_id": "databank-irvine-sna1-fe778e", "name": "DataBank Irvine (SNA1)", "operator": "DataBank", "facility_class": "colocation", "lat": 33.690423, "lon": -117.840518, "address": "17222 Von Karman Ave", "city": "Irvine", "postcode": "92614", "utility": "SCE", "utility_candidates": "Metropolitan Water District of So. Cal,SCE", "year_built": null, "building_levels_reported": 1.0, "building_levels_used": 1.0, "partial_occupancy": false, "footprint_sqft": null, "est_gross_sqft": null, "est_white_space_sqft": null, "best_power_mw": null, "power_ci_low_mw": null, "power_ci_high_mw": null, "power_tier": null, "n_power_methods": null, "est_annual_gwh": null, "pdb_net_count": 4.0, "pdb_ix_count": 0.0, "pdb_carrier_count": 1.0, "clli": "IRVECARQ", "website": "https://www.databank.com/data-centers/irvine-data-centers/oc1/", "source_list": "peeringdb", "n_sources": 1 }, "geometry": { "type": "Point", "coordinates": [ -117.840518, 33.690423 ] } },
{ "type": "Feature", "properties": { "facility_id": "unitedlayer-los-angeles-0e9e45", "name": "UnitedLayer Los Angeles", "operator": "UnitedLayer LLC", "facility_class": "unknown", "lat": 34.048428, "lon": -118.255186, "address": "530 W 6th Street", "city": "Los Angeles", "postcode": "90017", "utility": "LADWP", "utility_candidates": "LADWP,Metropolitan Water District of So. Cal", "year_built": null, "building_levels_reported": 1.0, "building_levels_used": 1.0, "partial_occupancy": false, "footprint_sqft": null, "est_gross_sqft": null, "est_white_space_sqft": null, "best_power_mw": null, "power_ci_low_mw": null, "power_ci_high_mw": null, "power_tier": null, "n_power_methods": null, "est_annual_gwh": null, "pdb_net_count": 0.0, "pdb_ix_count": 0.0, "pdb_carrier_count": 0.0, "clli": "LSAJCAWZ", "website": "https://unitedlayer.com", "source_list": "peeringdb", "n_sources": 1 }, "geometry": { "type": "Point", "coordinates": [ -118.255186, 34.048428 ] } },
{ "type": "Feature", "properties": { "facility_id": "ladc1-624-s-grand-ave-c16689", "name": "LADC1 - 624 S Grand Ave", "operator": "Colocation America Corporation", "facility_class": "unknown", "lat": 34.047948, "lon": -118.255358, "address": "624 S Grand Ave", "city": "Los Angeles", "postcode": "90017", "utility": "LADWP", "utility_candidates": "LADWP,Metropolitan Water District of So. Cal", "year_built": null, "building_levels_reported": 1.0, "building_levels_used": 1.0, "partial_occupancy": false, "footprint_sqft": null, "est_gross_sqft": null, "est_white_space_sqft": null, "best_power_mw": null, "power_ci_low_mw": null, "power_ci_high_mw": null, "power_tier": null, "n_power_methods": null, "est_annual_gwh": null, "pdb_net_count": 0.0, "pdb_ix_count": 0.0, "pdb_carrier_count": 0.0, "clli": null, "website": "https://www.colocationamerica.com/data-center-locations/los-angeles.htm", "source_list": "peeringdb", "n_sources": 1 }, "geometry": { "type": "Point", "coordinates": [ -118.255358, 34.047948 ] } },
{ "type": "Feature", "properties": { "facility_id": "ladc2-707-wilshire-blvd-8af5b8", "name": "LADC2 - 707 Wilshire Blvd", "operator": "Colocation America Corporation", "facility_class": "unknown", "lat": 34.049219, "lon": -118.257002, "address": "707 Wilshire blvd", "city": "Los Angeles", "postcode": "90017", "utility": "LADWP", "utility_candidates": "LADWP,Metropolitan Water District of So. Cal", "year_built": null, "building_levels_reported": 1.0, "building_levels_used": 1.0, "partial_occupancy": false, "footprint_sqft": null, "est_gross_sqft": null, "est_white_space_sqft": null, "best_power_mw": null, "power_ci_low_mw": null, "power_ci_high_mw": null, "power_tier": null, "n_power_methods": null, "est_annual_gwh": null, "pdb_net_count": 0.0, "pdb_ix_count": 0.0, "pdb_carrier_count": 0.0, "clli": null, "website": "https://www.colocationamerica.com/data-center-locations/los-angeles.htm", "source_list": "peeringdb", "n_sources": 1 }, "geometry": { "type": "Point", "coordinates": [ -118.257002, 34.049219 ] } },
{ "type": "Feature", "properties": { "facility_id": "ladc3-600-w-7th-st-a67430", "name": "LADC3 - 600 W 7th St", "operator": "Colocation America Corporation", "facility_class": "unknown", "lat": 34.047415, "lon": -118.257382, "address": "600 W 7th St", "city": "Los Angeles", "postcode": "90017", "utility": "LADWP", "utility_candidates": "LADWP,Metropolitan Water District of So. Cal", "year_built": null, "building_levels_reported": 1.0, "building_levels_used": 1.0, "partial_occupancy": false, "footprint_sqft": null, "est_gross_sqft": null, "est_white_space_sqft": null, "best_power_mw": null, "power_ci_low_mw": null, "power_ci_high_mw": null, "power_tier": null, "n_power_methods": null, "est_annual_gwh": null, "pdb_net_count": 0.0, "pdb_ix_count": 0.0, "pdb_carrier_count": 0.0, "clli": null, "website": "https://www.colocationamerica.com/data-center-locations/los-angeles.htm", "source_list": "peeringdb", "n_sources": 1 }, "geometry": { "type": "Point", "coordinates": [ -118.257382, 34.047415 ] } },
{ "type": "Feature", "properties": { "facility_id": "ladc4-530-w-6th-st-172296", "name": "LADC4 - 530 W 6th St", "operator": "Colocation America Corporation", "facility_class": "unknown", "lat": 34.048428, "lon": -118.255186, "address": "530 W 6th St", "city": "Los Angeles", "postcode": "90017", "utility": "LADWP", "utility_candidates": "LADWP,Metropolitan Water District of So. Cal", "year_built": null, "building_levels_reported": 1.0, "building_levels_used": 1.0, "partial_occupancy": false, "footprint_sqft": null, "est_gross_sqft": null, "est_white_space_sqft": null, "best_power_mw": null, "power_ci_low_mw": null, "power_ci_high_mw": null, "power_tier": null, "n_power_methods": null, "est_annual_gwh": null, "pdb_net_count": 1.0, "pdb_ix_count": 0.0, "pdb_carrier_count": 0.0, "clli": null, "website": "https://www.colocationamerica.com/data-center-locations/los-angeles.htm", "source_list": "peeringdb", "n_sources": 1 }, "geometry": { "type": "Point", "coordinates": [ -118.255186, 34.048428 ] } },
{ "type": "Feature", "properties": { "facility_id": "ladc5-650-s-grand-ave-8591af", "name": "LADC5 - 650 S Grand Ave", "operator": "Colocation America Corporation", "facility_class": "unknown", "lat": 34.047423, "lon": -118.25618, "address": "650 S Grand Ave", "city": "Los Angeles", "postcode": "90017", "utility": "LADWP", "utility_candidates": "LADWP,Metropolitan Water District of So. Cal", "year_built": null, "building_levels_reported": 1.0, "building_levels_used": 1.0, "partial_occupancy": false, "footprint_sqft": null, "est_gross_sqft": null, "est_white_space_sqft": null, "best_power_mw": null, "power_ci_low_mw": null, "power_ci_high_mw": null, "power_tier": null, "n_power_methods": null, "est_annual_gwh": null, "pdb_net_count": 0.0, "pdb_ix_count": 0.0, "pdb_carrier_count": 0.0, "clli": null, "website": "https://www.colocationamerica.com/data-center-locations/los-angeles.htm", "source_list": "peeringdb", "n_sources": 1 }, "geometry": { "type": "Point", "coordinates": [ -118.25618, 34.047423 ] } },
{ "type": "Feature", "properties": { "facility_id": "sfdc1-200-paul-ave-506803", "name": "SFDC1 - 200 Paul Ave", "operator": "Colocation America Corporation", "facility_class": "unknown", "lat": 37.723698, "lon": -122.398056, "address": "200 Paul Ave", "city": "San Francisco", "postcode": "94124", "utility": "PG&E", "utility_candidates": "CCSF,PG&E", "year_built": null, "building_levels_reported": 1.0, "building_levels_used": 1.0, "partial_occupancy": false, "footprint_sqft": null, "est_gross_sqft": null, "est_white_space_sqft": null, "best_power_mw": null, "power_ci_low_mw": null, "power_ci_high_mw": null, "power_tier": null, "n_power_methods": null, "est_annual_gwh": null, "pdb_net_count": 1.0, "pdb_ix_count": 0.0, "pdb_carrier_count": 0.0, "clli": null, "website": "https://www.colocationamerica.com/data-center-locations/san-francisco.htm", "source_list": "peeringdb", "n_sources": 1 }, "geometry": { "type": "Point", "coordinates": [ -122.398056, 37.723698 ] } },
{ "type": "Feature", "properties": { "facility_id": "aecero-orange-county-sna1-57c020", "name": "Aecero - Orange County (SNA1)", "operator": "Aecero Inc.", "facility_class": "unknown", "lat": 33.848958, "lon": -117.971033, "address": "2463 W La Palma Ave", "city": "Anaheim", "postcode": "92801", "utility": "City of Anaheim Public Utilities Department", "utility_candidates": "City of Anaheim Public Utilities Department,Metropolitan Water District of So. Cal", "year_built": null, "building_levels_reported": 1.0, "building_levels_used": 1.0, "partial_occupancy": false, "footprint_sqft": null, "est_gross_sqft": null, "est_white_space_sqft": null, "best_power_mw": null, "power_ci_low_mw": null, "power_ci_high_mw": null, "power_tier": null, "n_power_methods": null, "est_annual_gwh": null, "pdb_net_count": 1.0, "pdb_ix_count": 0.0, "pdb_carrier_count": 1.0, "clli": null, "website": "https://www.aecero.com", "source_list": "peeringdb", "n_sources": 1 }, "geometry": { "type": "Point", "coordinates": [ -117.971033, 33.848958 ] } },
{ "type": "Feature", "properties": { "facility_id": "quadranet-lax-8c2ff9", "name": "QuadraNet LAX", "operator": "QuadraNet Enterprises LLC", "facility_class": "unknown", "lat": 33.945894, "lon": -118.393553, "address": "6171 W Century Blvd Basement", "city": "Los Angeles", "postcode": "90045", "utility": "LADWP", "utility_candidates": "LADWP,Metropolitan Water District of So. Cal", "year_built": null, "building_levels_reported": 1.0, "building_levels_used": 1.0, "partial_occupancy": false, "footprint_sqft": null, "est_gross_sqft": null, "est_white_space_sqft": null, "best_power_mw": null, "power_ci_low_mw": null, "power_ci_high_mw": null, "power_tier": null, "n_power_methods": null, "est_annual_gwh": null, "pdb_net_count": 7.0, "pdb_ix_count": 0.0, "pdb_carrier_count": 0.0, "clli": null, "website": "https://www.quadranet.com", "source_list": "peeringdb", "n_sources": 1 }, "geometry": { "type": "Point", "coordinates": [ -118.393553, 33.945894 ] } },
{ "type": "Feature", "properties": { "facility_id": "opus-interactive-silicon-valley-sjc01-7701c0", "name": "Opus Interactive Silicon Valley (SJC01)", "operator": "Opus Interactive, Inc.", "facility_class": "unknown", "lat": 37.402211, "lon": -121.892822, "address": "2001 Fortune Dr", "city": "San Jose", "postcode": "95131", "utility": "PG&E", "utility_candidates": "PG&E,PWRPA", "year_built": null, "building_levels_reported": 1.0, "building_levels_used": 1.0, "partial_occupancy": false, "footprint_sqft": null, "est_gross_sqft": null, "est_white_space_sqft": null, "best_power_mw": null, "power_ci_low_mw": null, "power_ci_high_mw": null, "power_tier": null, "n_power_methods": null, "est_annual_gwh": null, "pdb_net_count": 0.0, "pdb_ix_count": 0.0, "pdb_carrier_count": 0.0, "clli": null, "website": "http://www.opusinteractive.com/datacenter-locations/", "source_list": "peeringdb", "n_sources": 1 }, "geometry": { "type": "Point", "coordinates": [ -121.892822, 37.402211 ] } },
{ "type": "Feature", "properties": { "facility_id": "fireline-broadband-8c8e8a", "name": "Fireline Broadband", "operator": "Fireline Network Solutions, Inc dba: Fireline Broadband", "facility_class": "unknown", "lat": 33.948356, "lon": -118.073256, "address": "9911 Norwalk Blvd", "city": "Santa Fe Springs", "postcode": "90670", "utility": "SCE", "utility_candidates": "Metropolitan Water District of So. Cal,SCE", "year_built": null, "building_levels_reported": 1.0, "building_levels_used": 1.0, "partial_occupancy": false, "footprint_sqft": null, "est_gross_sqft": null, "est_white_space_sqft": null, "best_power_mw": null, "power_ci_low_mw": null, "power_ci_high_mw": null, "power_tier": null, "n_power_methods": null, "est_annual_gwh": null, "pdb_net_count": 0.0, "pdb_ix_count": 0.0, "pdb_carrier_count": 0.0, "clli": null, "website": "http://www.FirelineBroadband.com", "source_list": "peeringdb", "n_sources": 1 }, "geometry": { "type": "Point", "coordinates": [ -118.073256, 33.948356 ] } },
{ "type": "Feature", "properties": { "facility_id": "quest-roseville-f97bcb", "name": "Quest Roseville", "operator": "Quest Media & Supplies, Inc.", "facility_class": "unknown", "lat": 38.789905, "lon": -121.313861, "address": "9000 Foothills Blvd", "city": "Roseville", "postcode": "95765", "utility": "Roseville Electric", "utility_candidates": "Roseville Electric", "year_built": null, "building_levels_reported": 1.0, "building_levels_used": 1.0, "partial_occupancy": false, "footprint_sqft": null, "est_gross_sqft": null, "est_white_space_sqft": null, "best_power_mw": null, "power_ci_low_mw": null, "power_ci_high_mw": null, "power_tier": null, "n_power_methods": null, "est_annual_gwh": null, "pdb_net_count": 0.0, "pdb_ix_count": 0.0, "pdb_carrier_count": 0.0, "clli": null, "website": "https://www.questsys.com/", "source_list": "peeringdb", "n_sources": 1 }, "geometry": { "type": "Point", "coordinates": [ -121.313861, 38.789905 ] } },
{ "type": "Feature", "properties": { "facility_id": "digital-realty-sjc-3205-alfred-st-43d703", "name": "Digital Realty SJC (3205 Alfred St)", "operator": "Digital Realty", "facility_class": "colocation", "lat": 37.379576, "lon": -121.958562, "address": "3205 Alfred Street", "city": "Santa Clara", "postcode": "95054", "utility": "SVP", "utility_candidates": "PWRPA,SVP", "year_built": null, "building_levels_reported": 1.0, "building_levels_used": 1.0, "partial_occupancy": false, "footprint_sqft": null, "est_gross_sqft": null, "est_white_space_sqft": null, "best_power_mw": null, "power_ci_low_mw": null, "power_ci_high_mw": null, "power_tier": null, "n_power_methods": null, "est_annual_gwh": null, "pdb_net_count": 0.0, "pdb_ix_count": 0.0, "pdb_carrier_count": 0.0, "clli": null, "website": "https://www.digitalrealty.com", "source_list": "peeringdb", "n_sources": 1 }, "geometry": { "type": "Point", "coordinates": [ -121.958562, 37.379576 ] } },
{ "type": "Feature", "properties": { "facility_id": "digital-realty-sjc-1500-space-park-dr-bf0534", "name": "Digital Realty SJC (1500 Space Park Dr)", "operator": "Digital Realty", "facility_class": "colocation", "lat": 37.375801, "lon": -121.955182, "address": "1500 Space Park Drive", "city": "Santa Clara", "postcode": "95054", "utility": "SVP", "utility_candidates": "PWRPA,SVP", "year_built": null, "building_levels_reported": 1.0, "building_levels_used": 1.0, "partial_occupancy": false, "footprint_sqft": null, "est_gross_sqft": null, "est_white_space_sqft": null, "best_power_mw": null, "power_ci_low_mw": null, "power_ci_high_mw": null, "power_tier": null, "n_power_methods": null, "est_annual_gwh": null, "pdb_net_count": 0.0, "pdb_ix_count": 0.0, "pdb_carrier_count": 1.0, "clli": null, "website": "https://www.digitalrealty.com", "source_list": "peeringdb", "n_sources": 1 }, "geometry": { "type": "Point", "coordinates": [ -121.955182, 37.375801 ] } },
{ "type": "Feature", "properties": { "facility_id": "burbank-water-and-power-217168", "name": "Burbank Water and Power", "operator": "City of Burbank", "facility_class": "unknown", "lat": 34.177856, "lon": -118.316743, "address": "164 W. Magnolia Blvd", "city": "Burbank", "postcode": "91503", "utility": "Burbank Water & Power", "utility_candidates": "Burbank Water & Power,Metropolitan Water District of So. Cal", "year_built": null, "building_levels_reported": 1.0, "building_levels_used": 1.0, "partial_occupancy": false, "footprint_sqft": null, "est_gross_sqft": null, "est_white_space_sqft": null, "best_power_mw": null, "power_ci_low_mw": null, "power_ci_high_mw": null, "power_tier": null, "n_power_methods": null, "est_annual_gwh": null, "pdb_net_count": 0.0, "pdb_ix_count": 0.0, "pdb_carrier_count": 0.0, "clli": null, "website": "https://www.burbankwaterandpower.com/fiber-optics/one-burbank-services", "source_list": "peeringdb", "n_sources": 1 }, "geometry": { "type": "Point", "coordinates": [ -118.316743, 34.177856 ] } },
{ "type": "Feature", "properties": { "facility_id": "x2nsat-petaluma-bee0a5", "name": "X2nSat Petaluma", "operator": "X2nSat, Inc", "facility_class": "unknown", "lat": 38.274793, "lon": -122.666564, "address": "1310 Redwood Way, Ste C", "city": "Petaluma", "postcode": "94954", "utility": "PG&E", "utility_candidates": "PG&E,PWRPA", "year_built": null, "building_levels_reported": 1.0, "building_levels_used": 1.0, "partial_occupancy": false, "footprint_sqft": null, "est_gross_sqft": null, "est_white_space_sqft": null, "best_power_mw": null, "power_ci_low_mw": null, "power_ci_high_mw": null, "power_tier": null, "n_power_methods": null, "est_annual_gwh": null, "pdb_net_count": 0.0, "pdb_ix_count": 0.0, "pdb_carrier_count": 0.0, "clli": null, "website": "https://www.x2nsat.com", "source_list": "peeringdb", "n_sources": 1 }, "geometry": { "type": "Point", "coordinates": [ -122.666564, 38.274793 ] } },
{ "type": "Feature", "properties": { "facility_id": "wave-data-centers-san-francisco-cebd75", "name": "Wave Data Centers San Francisco", "operator": "Wave Division Holdings", "facility_class": "unknown", "lat": 37.723698, "lon": -122.398056, "address": "200 Paul Ave", "city": "San Francisco", "postcode": "94124", "utility": "PG&E", "utility_candidates": "CCSF,PG&E", "year_built": null, "building_levels_reported": 1.0, "building_levels_used": 1.0, "partial_occupancy": false, "footprint_sqft": null, "est_gross_sqft": null, "est_white_space_sqft": null, "best_power_mw": null, "power_ci_low_mw": null, "power_ci_high_mw": null, "power_tier": null, "n_power_methods": null, "est_annual_gwh": null, "pdb_net_count": 0.0, "pdb_ix_count": 0.0, "pdb_carrier_count": 0.0, "clli": null, "website": "http://www.wavesholesale.com", "source_list": "peeringdb", "n_sources": 1 }, "geometry": { "type": "Point", "coordinates": [ -122.398056, 37.723698 ] } },
{ "type": "Feature", "properties": { "facility_id": "serverfarm-sc1-5de315", "name": "ServerFarm SC1", "operator": "Serverfarm", "facility_class": "colocation", "lat": 37.407382, "lon": -121.965885, "address": "5101 Lafayette Street", "city": "Santa Clara", "postcode": "95054", "utility": "SVP", "utility_candidates": "PWRPA,SVP", "year_built": null, "building_levels_reported": 1.0, "building_levels_used": 1.0, "partial_occupancy": false, "footprint_sqft": null, "est_gross_sqft": null, "est_white_space_sqft": null, "best_power_mw": null, "power_ci_low_mw": null, "power_ci_high_mw": null, "power_tier": null, "n_power_methods": null, "est_annual_gwh": null, "pdb_net_count": 1.0, "pdb_ix_count": 0.0, "pdb_carrier_count": 0.0, "clli": null, "website": "https://www.serverfarmllc.com/data-centers/santa-clara-data-center/", "source_list": "peeringdb", "n_sources": 1 }, "geometry": { "type": "Point", "coordinates": [ -121.965885, 37.407382 ] } },
{ "type": "Feature", "properties": { "facility_id": "subrigo-lax11-b4fd6e", "name": "Subrigo LAX11", "operator": "SUBRIGO CORPORATION", "facility_class": "unknown", "lat": 34.047423, "lon": -118.25618, "address": "650 S Grand Ave, Ste 701", "city": "Los Angeles", "postcode": "90017", "utility": "LADWP", "utility_candidates": "LADWP,Metropolitan Water District of So. Cal", "year_built": null, "building_levels_reported": 1.0, "building_levels_used": 1.0, "partial_occupancy": false, "footprint_sqft": null, "est_gross_sqft": null, "est_white_space_sqft": null, "best_power_mw": null, "power_ci_low_mw": null, "power_ci_high_mw": null, "power_tier": null, "n_power_methods": null, "est_annual_gwh": null, "pdb_net_count": 0.0, "pdb_ix_count": 0.0, "pdb_carrier_count": 0.0, "clli": null, "website": "http://www.subrigo.net", "source_list": "peeringdb", "n_sources": 1 }, "geometry": { "type": "Point", "coordinates": [ -118.25618, 34.047423 ] } },
{ "type": "Feature", "properties": { "facility_id": "crown-castle-los-angeles-624-s-grand-e65497", "name": "Crown Castle Los Angeles (624 S Grand)", "operator": "Crown Castle Inc.", "facility_class": "unknown", "lat": 34.047948, "lon": -118.255358, "address": "624 South Grand Ave, Suite 1207", "city": "Los Angeles", "postcode": "90017", "utility": "LADWP", "utility_candidates": "LADWP,Metropolitan Water District of So. Cal", "year_built": null, "building_levels_reported": 1.0, "building_levels_used": 1.0, "partial_occupancy": false, "footprint_sqft": null, "est_gross_sqft": null, "est_white_space_sqft": null, "best_power_mw": null, "power_ci_low_mw": null, "power_ci_high_mw": null, "power_tier": null, "n_power_methods": null, "est_annual_gwh": null, "pdb_net_count": 13.0, "pdb_ix_count": 0.0, "pdb_carrier_count": 0.0, "clli": null, "website": "http://fiber.crowncastle.com/solutions/infrastructure/colocation", "source_list": "peeringdb", "n_sources": 1 }, "geometry": { "type": "Point", "coordinates": [ -118.255358, 34.047948 ] } },
{ "type": "Feature", "properties": { "facility_id": "stack-infrastructure-silicon-valley-svy01-081940", "name": "Stack Infrastructure Silicon Valley SVY01", "operator": "STACK Infrastructure", "facility_class": "wholesale", "lat": 37.4024345, "lon": -121.892896, "address": "2001 Fortune Drive", "city": "San Jose", "postcode": "95131", "utility": "PG&E", "utility_candidates": "PG&E,PWRPA", "year_built": null, "building_levels_reported": 1.0, "building_levels_used": 1.0, "partial_occupancy": false, "footprint_sqft": null, "est_gross_sqft": null, "est_white_space_sqft": null, "best_power_mw": 13.73076923076923, "power_ci_low_mw": 3.76125, "power_ci_high_mw": 16.922727272727268, "power_tier": "B_generator", "n_power_methods": 1.0, "est_annual_gwh": 122.08576153846153, "pdb_net_count": 1.0, "pdb_ix_count": 0.0, "pdb_carrier_count": 0.0, "clli": null, "website": "https://www.stackinfra.com/markets/silicon-valley/", "source_list": "epa_nei,peeringdb", "n_sources": 2 }, "geometry": { "type": "Point", "coordinates": [ -121.892896, 37.4024345 ] } },
{ "type": "Feature", "properties": { "facility_id": "colocrossing-sj1-cd82cd", "name": "ColoCrossing SJ1", "operator": "ColoCrossing", "facility_class": "unknown", "lat": 37.33417, "lon": -121.891703, "address": "55 S. Market Street", "city": "San Jose", "postcode": "95113", "utility": "PG&E", "utility_candidates": "PG&E,PWRPA", "year_built": null, "building_levels_reported": 1.0, "building_levels_used": 1.0, "partial_occupancy": false, "footprint_sqft": null, "est_gross_sqft": null, "est_white_space_sqft": null, "best_power_mw": null, "power_ci_low_mw": null, "power_ci_high_mw": null, "power_tier": null, "n_power_methods": null, "est_annual_gwh": null, "pdb_net_count": 0.0, "pdb_ix_count": 0.0, "pdb_carrier_count": 0.0, "clli": null, "website": "https://www.colocrossing.com/datacenter/san-jose-ca/", "source_list": "peeringdb", "n_sources": 1 }, "geometry": { "type": "Point", "coordinates": [ -121.891703, 37.33417 ] } },
{ "type": "Feature", "properties": { "facility_id": "colocrossing-la1-c1e973", "name": "ColoCrossing LA1", "operator": "ColoCrossing", "facility_class": "unknown", "lat": 34.048336, "lon": -118.255083, "address": "530 W. 6th Street", "city": "Los Angeles", "postcode": "90014", "utility": "LADWP", "utility_candidates": "LADWP,Metropolitan Water District of So. Cal", "year_built": null, "building_levels_reported": 1.0, "building_levels_used": 1.0, "partial_occupancy": false, "footprint_sqft": null, "est_gross_sqft": null, "est_white_space_sqft": null, "best_power_mw": null, "power_ci_low_mw": null, "power_ci_high_mw": null, "power_tier": null, "n_power_methods": null, "est_annual_gwh": null, "pdb_net_count": 3.0, "pdb_ix_count": 0.0, "pdb_carrier_count": 0.0, "clli": null, "website": "https://www.colocrossing.com/datacenter/los-angeles-ca/", "source_list": "peeringdb", "n_sources": 1 }, "geometry": { "type": "Point", "coordinates": [ -118.255083, 34.048336 ] } },
{ "type": "Feature", "properties": { "facility_id": "centersquare-los-angeles-lax4-784d87", "name": "Centersquare Los Angeles (LAX4)", "operator": "CenterSquare", "facility_class": "colocation", "lat": 33.924259, "lon": -118.320802, "address": "2301 West 120th Street", "city": "Hawthorne", "postcode": "90250", "utility": "SCE", "utility_candidates": "Metropolitan Water District of So. Cal,SCE", "year_built": null, "building_levels_reported": 1.0, "building_levels_used": 1.0, "partial_occupancy": false, "footprint_sqft": null, "est_gross_sqft": null, "est_white_space_sqft": null, "best_power_mw": null, "power_ci_low_mw": null, "power_ci_high_mw": null, "power_tier": null, "n_power_methods": null, "est_annual_gwh": null, "pdb_net_count": 3.0, "pdb_ix_count": 0.0, "pdb_carrier_count": 1.0, "clli": "HWTHCANE", "website": "https://centersquaredc.com/data-centers/los-angeles", "source_list": "peeringdb", "n_sources": 1 }, "geometry": { "type": "Point", "coordinates": [ -118.320802, 33.924259 ] } },
{ "type": "Feature", "properties": { "facility_id": "centersquare-los-angeles-lax5-1b0d26", "name": "Centersquare Los Angeles (LAX5)", "operator": "CenterSquare", "facility_class": "colocation", "lat": 33.684675, "lon": -117.836821, "address": "2681 Kelvin Avenue", "city": "Irvine", "postcode": "92614", "utility": "SCE", "utility_candidates": "Metropolitan Water District of So. Cal,SCE", "year_built": null, "building_levels_reported": 1.0, "building_levels_used": 1.0, "partial_occupancy": false, "footprint_sqft": null, "est_gross_sqft": null, "est_white_space_sqft": null, "best_power_mw": null, "power_ci_low_mw": null, "power_ci_high_mw": null, "power_tier": null, "n_power_methods": null, "est_annual_gwh": null, "pdb_net_count": 6.0, "pdb_ix_count": 1.0, "pdb_carrier_count": 1.0, "clli": "IRVNCAOW", "website": "https://centersquaredc.com/data-centers/los-angeles", "source_list": "peeringdb", "n_sources": 1 }, "geometry": { "type": "Point", "coordinates": [ -117.836821, 33.684675 ] } },
{ "type": "Feature", "properties": { "facility_id": "border-crossing-pop-1-54a8d1", "name": "Border Crossing Pop 1", "operator": "Mexico Internet Exchange", "facility_class": "unknown", "lat": 32.544028, "lon": -117.027372, "address": "5959 Rail Ct.", "city": "San Diego", "postcode": "92173", "utility": "SDG&E", "utility_candidates": "Metropolitan Water District of So. Cal,SDG&E", "year_built": null, "building_levels_reported": 1.0, "building_levels_used": 1.0, "partial_occupancy": false, "footprint_sqft": null, "est_gross_sqft": null, "est_white_space_sqft": null, "best_power_mw": null, "power_ci_low_mw": null, "power_ci_high_mw": null, "power_tier": null, "n_power_methods": null, "est_annual_gwh": null, "pdb_net_count": 0.0, "pdb_ix_count": 0.0, "pdb_carrier_count": 0.0, "clli": "SANDCA", "website": "http://www.mie.mx", "source_list": "peeringdb", "n_sources": 1 }, "geometry": { "type": "Point", "coordinates": [ -117.027372, 32.544028 ] } },
{ "type": "Feature", "properties": { "facility_id": "volt-modesto-cacedf", "name": "Volt Modesto", "operator": "Volt Broadband", "facility_class": "unknown", "lat": 37.641953, "lon": -121.00224, "address": "1150 9th Street", "city": "Modesto", "postcode": "95354", "utility": "MID", "utility_candidates": "MID", "year_built": null, "building_levels_reported": 1.0, "building_levels_used": 1.0, "partial_occupancy": false, "footprint_sqft": null, "est_gross_sqft": null, "est_white_space_sqft": null, "best_power_mw": null, "power_ci_low_mw": null, "power_ci_high_mw": null, "power_tier": null, "n_power_methods": null, "est_annual_gwh": null, "pdb_net_count": 1.0, "pdb_ix_count": 0.0, "pdb_carrier_count": 0.0, "clli": "MDSTCA02", "website": "http://voltbb.com", "source_list": "peeringdb", "n_sources": 1 }, "geometry": { "type": "Point", "coordinates": [ -121.00224, 37.641953 ] } },
{ "type": "Feature", "properties": { "facility_id": "turnkey-internet-ca-efc639", "name": "TurnKey Internet - CA", "operator": "Turnkey Internet Inc.", "facility_class": "unknown", "lat": 34.048336, "lon": -118.255083, "address": "530 W. 6th Street", "city": "Los Angeles", "postcode": "90014", "utility": "LADWP", "utility_candidates": "LADWP,Metropolitan Water District of So. Cal", "year_built": null, "building_levels_reported": 1.0, "building_levels_used": 1.0, "partial_occupancy": false, "footprint_sqft": null, "est_gross_sqft": null, "est_white_space_sqft": null, "best_power_mw": null, "power_ci_low_mw": null, "power_ci_high_mw": null, "power_tier": null, "n_power_methods": null, "est_annual_gwh": null, "pdb_net_count": 1.0, "pdb_ix_count": 0.0, "pdb_carrier_count": 0.0, "clli": null, "website": "https://turnkeyinternet.net/", "source_list": "peeringdb", "n_sources": 1 }, "geometry": { "type": "Point", "coordinates": [ -118.255083, 34.048336 ] } },
{ "type": "Feature", "properties": { "facility_id": "xfernet-lax01-ade529", "name": "Xfernet LAX01", "operator": "Xfernet", "facility_class": "unknown", "lat": 34.061086, "lon": -118.293315, "address": "3250 Wilshire Blvd #301", "city": "Los Angeles", "postcode": "90010", "utility": "LADWP", "utility_candidates": "LADWP,Metropolitan Water District of So. Cal", "year_built": null, "building_levels_reported": 1.0, "building_levels_used": 1.0, "partial_occupancy": false, "footprint_sqft": null, "est_gross_sqft": null, "est_white_space_sqft": null, "best_power_mw": null, "power_ci_low_mw": null, "power_ci_high_mw": null, "power_tier": null, "n_power_methods": null, "est_annual_gwh": null, "pdb_net_count": 0.0, "pdb_ix_count": 0.0, "pdb_carrier_count": 0.0, "clli": null, "website": "http://www.xfernet.com", "source_list": "peeringdb", "n_sources": 1 }, "geometry": { "type": "Point", "coordinates": [ -118.293315, 34.061086 ] } },
{ "type": "Feature", "properties": { "facility_id": "unwired-fat1-fresno-colocation-212b82", "name": "Unwired FAT1 - Fresno Colocation", "operator": "Unwired Broadband, LLC.", "facility_class": "unknown", "lat": 36.846165, "lon": -119.799363, "address": "414 W. Bedford", "city": "Fresno", "postcode": "93711", "utility": "PG&E", "utility_candidates": "PG&E", "year_built": null, "building_levels_reported": 1.0, "building_levels_used": 1.0, "partial_occupancy": false, "footprint_sqft": null, "est_gross_sqft": null, "est_white_space_sqft": null, "best_power_mw": null, "power_ci_low_mw": null, "power_ci_high_mw": null, "power_tier": null, "n_power_methods": null, "est_annual_gwh": null, "pdb_net_count": 1.0, "pdb_ix_count": 0.0, "pdb_carrier_count": 0.0, "clli": "FRSNCA13", "website": "https://getunwired.com", "source_list": "peeringdb", "n_sources": 1 }, "geometry": { "type": "Point", "coordinates": [ -119.799363, 36.846165 ] } },
{ "type": "Feature", "properties": { "facility_id": "the-garland-center-west-7-center-bf54fa", "name": "The Garland Center / West 7 Center", "operator": "Rising Realty Partners", "facility_class": "unknown", "lat": 34.05112, "lon": -118.26591, "address": "1200 W.7th Street", "city": "Los Angeles", "postcode": "90017", "utility": "LADWP", "utility_candidates": "LADWP,Metropolitan Water District of So. Cal", "year_built": null, "building_levels_reported": 1.0, "building_levels_used": 1.0, "partial_occupancy": false, "footprint_sqft": null, "est_gross_sqft": null, "est_white_space_sqft": null, "best_power_mw": null, "power_ci_low_mw": null, "power_ci_high_mw": null, "power_tier": null, "n_power_methods": null, "est_annual_gwh": null, "pdb_net_count": 8.0, "pdb_ix_count": 0.0, "pdb_carrier_count": 0.0, "clli": null, "website": "http://www.west7center.com", "source_list": "peeringdb", "n_sources": 1 }, "geometry": { "type": "Point", "coordinates": [ -118.26591, 34.05112 ] } },
{ "type": "Feature", "properties": { "facility_id": "fortress-sf1-24717e", "name": "Fortress SF1", "operator": "Fortress Data Centers", "facility_class": "unknown", "lat": 37.782608, "lon": -122.391772, "address": "274 Brannan Street", "city": "San Francisco", "postcode": "94107", "utility": "PG&E", "utility_candidates": "CCSF,PG&E", "year_built": null, "building_levels_reported": 1.0, "building_levels_used": 1.0, "partial_occupancy": false, "footprint_sqft": null, "est_gross_sqft": null, "est_white_space_sqft": null, "best_power_mw": null, "power_ci_low_mw": null, "power_ci_high_mw": null, "power_tier": null, "n_power_methods": null, "est_annual_gwh": null, "pdb_net_count": 0.0, "pdb_ix_count": 0.0, "pdb_carrier_count": 0.0, "clli": null, "website": "https://www.fortressdc.com/", "source_list": "peeringdb", "n_sources": 1 }, "geometry": { "type": "Point", "coordinates": [ -122.391772, 37.782608 ] } },
{ "type": "Feature", "properties": { "facility_id": "evocative-lax14-b06103", "name": "Evocative LAX14", "operator": "VPLS", "facility_class": "unknown", "lat": 33.889248, "lon": -118.368733, "address": "3690 Redondo Beach Ave", "city": "Los Angeles", "postcode": "90278", "utility": "SCE", "utility_candidates": "Metropolitan Water District of So. Cal,SCE", "year_built": null, "building_levels_reported": 1.0, "building_levels_used": 1.0, "partial_occupancy": false, "footprint_sqft": null, "est_gross_sqft": null, "est_white_space_sqft": null, "best_power_mw": null, "power_ci_low_mw": null, "power_ci_high_mw": null, "power_tier": null, "n_power_methods": null, "est_annual_gwh": null, "pdb_net_count": 8.0, "pdb_ix_count": 1.0, "pdb_carrier_count": 0.0, "clli": null, "website": "http://www.evocative.com", "source_list": "peeringdb", "n_sources": 1 }, "geometry": { "type": "Point", "coordinates": [ -118.368733, 33.889248 ] } },
{ "type": "Feature", "properties": { "facility_id": "coresite-los-angeles-la3-f7529a", "name": "CoreSite - Los Angeles (LA3)", "operator": "CoreSite", "facility_class": "colocation", "lat": 34.058703, "lon": -118.235929, "address": "200 Bauchet St", "city": "Los Angeles", "postcode": "90012-4855", "utility": "LADWP", "utility_candidates": "LADWP,Metropolitan Water District of So. Cal", "year_built": null, "building_levels_reported": 1.0, "building_levels_used": 1.0, "partial_occupancy": false, "footprint_sqft": null, "est_gross_sqft": null, "est_white_space_sqft": null, "best_power_mw": null, "power_ci_low_mw": null, "power_ci_high_mw": null, "power_tier": null, "n_power_methods": null, "est_annual_gwh": null, "pdb_net_count": 18.0, "pdb_ix_count": 2.0, "pdb_carrier_count": 1.0, "clli": "LSANCA", "website": "http://www.coresite.com", "source_list": "peeringdb", "n_sources": 1 }, "geometry": { "type": "Point", "coordinates": [ -118.235929, 34.058703 ] } },
{ "type": "Feature", "properties": { "facility_id": "aiso-data-center-fa0af6", "name": "AISO Data Center", "operator": "Affordable Internet Services Online, Inc.", "facility_class": "unknown", "lat": 33.74821, "lon": -117.152165, "address": "25655 Louisa Lane", "city": "Romoland", "postcode": "92585", "utility": "SCE", "utility_candidates": "Metropolitan Water District of So. Cal,SCE", "year_built": null, "building_levels_reported": 1.0, "building_levels_used": 1.0, "partial_occupancy": false, "footprint_sqft": null, "est_gross_sqft": null, "est_white_space_sqft": null, "best_power_mw": null, "power_ci_low_mw": null, "power_ci_high_mw": null, "power_tier": null, "n_power_methods": null, "est_annual_gwh": null, "pdb_net_count": 1.0, "pdb_ix_count": 0.0, "pdb_carrier_count": 0.0, "clli": "PERSCAXF65X", "website": "https://www.aiso.net/technology/data-center", "source_list": "peeringdb", "n_sources": 1 }, "geometry": { "type": "Point", "coordinates": [ -117.152165, 33.74821 ] } },
{ "type": "Feature", "properties": { "facility_id": "fiber-alley-8915-c80505", "name": "Fiber Alley 8915", "operator": "Fiber Alley Datacenters", "facility_class": "unknown", "lat": 32.829836, "lon": -117.134159, "address": "8915 Complex Dr", "city": "San Diego", "postcode": "92123", "utility": "SDG&E", "utility_candidates": "Metropolitan Water District of So. Cal,SDG&E", "year_built": null, "building_levels_reported": 1.0, "building_levels_used": 1.0, "partial_occupancy": false, "footprint_sqft": null, "est_gross_sqft": null, "est_white_space_sqft": null, "best_power_mw": null, "power_ci_low_mw": null, "power_ci_high_mw": null, "power_tier": null, "n_power_methods": null, "est_annual_gwh": null, "pdb_net_count": 0.0, "pdb_ix_count": 0.0, "pdb_carrier_count": 0.0, "clli": null, "website": "https://www.fiberalley.com", "source_list": "peeringdb", "n_sources": 1 }, "geometry": { "type": "Point", "coordinates": [ -117.134159, 32.829836 ] } },
{ "type": "Feature", "properties": { "facility_id": "fiber-alley-8917-d65717", "name": "Fiber Alley 8917", "operator": "Fiber Alley Datacenters", "facility_class": "unknown", "lat": 32.829836, "lon": -117.134159, "address": "8917 Complex Dr", "city": "San Diego", "postcode": "92123", "utility": "SDG&E", "utility_candidates": "Metropolitan Water District of So. Cal,SDG&E", "year_built": null, "building_levels_reported": 1.0, "building_levels_used": 1.0, "partial_occupancy": false, "footprint_sqft": null, "est_gross_sqft": null, "est_white_space_sqft": null, "best_power_mw": null, "power_ci_low_mw": null, "power_ci_high_mw": null, "power_tier": null, "n_power_methods": null, "est_annual_gwh": null, "pdb_net_count": 0.0, "pdb_ix_count": 0.0, "pdb_carrier_count": 0.0, "clli": null, "website": "https://www.fiberalley.com", "source_list": "peeringdb", "n_sources": 1 }, "geometry": { "type": "Point", "coordinates": [ -117.134159, 32.829836 ] } },
{ "type": "Feature", "properties": { "facility_id": "navisite-santa-clara-e317e2", "name": "Navisite Santa Clara", "operator": "NaviSite LLC", "facility_class": "unknown", "lat": 37.37289, "lon": -121.948022, "address": "2805 Lafayette St", "city": "Santa Clara", "postcode": "95050", "utility": "SVP", "utility_candidates": "PWRPA,SVP", "year_built": null, "building_levels_reported": 1.0, "building_levels_used": 1.0, "partial_occupancy": false, "footprint_sqft": null, "est_gross_sqft": null, "est_white_space_sqft": null, "best_power_mw": null, "power_ci_low_mw": null, "power_ci_high_mw": null, "power_tier": null, "n_power_methods": null, "est_annual_gwh": null, "pdb_net_count": 0.0, "pdb_ix_count": 0.0, "pdb_carrier_count": 0.0, "clli": null, "website": "https://www.navisite.com/resources/datasheets/santa-clara-data-center", "source_list": "peeringdb", "n_sources": 1 }, "geometry": { "type": "Point", "coordinates": [ -121.948022, 37.37289 ] } },
{ "type": "Feature", "properties": { "facility_id": "databank-san-diego-san1-b900d2", "name": "DataBank San Diego (SAN1)", "operator": "DataBank", "facility_class": "colocation", "lat": 32.988781, "lon": -117.073181, "address": "12270 World Trade Dr", "city": "San Diego", "postcode": "92128-3765", "utility": "SDG&E", "utility_candidates": "Metropolitan Water District of So. Cal,SDG&E", "year_built": null, "building_levels_reported": 1.0, "building_levels_used": 1.0, "partial_occupancy": false, "footprint_sqft": null, "est_gross_sqft": null, "est_white_space_sqft": null, "best_power_mw": null, "power_ci_low_mw": null, "power_ci_high_mw": null, "power_tier": null, "n_power_methods": null, "est_annual_gwh": null, "pdb_net_count": 3.0, "pdb_ix_count": 0.0, "pdb_carrier_count": 0.0, "clli": null, "website": "https://www.databank.com/data-centers/san-diego/san1/", "source_list": "peeringdb", "n_sources": 1 }, "geometry": { "type": "Point", "coordinates": [ -117.073181, 32.988781 ] } },
{ "type": "Feature", "properties": { "facility_id": "databank-los-angeles-lax1-12fb2c", "name": "DataBank Los Angeles (LAX1)", "operator": "DataBank", "facility_class": "colocation", "lat": 34.047948, "lon": -118.255358, "address": "624 S Grand Ave", "city": "Los Angeles", "postcode": "90017-3335", "utility": "LADWP", "utility_candidates": "LADWP,Metropolitan Water District of So. Cal", "year_built": null, "building_levels_reported": 1.0, "building_levels_used": 1.0, "partial_occupancy": false, "footprint_sqft": null, "est_gross_sqft": null, "est_white_space_sqft": null, "best_power_mw": null, "power_ci_low_mw": null, "power_ci_high_mw": null, "power_tier": null, "n_power_methods": null, "est_annual_gwh": null, "pdb_net_count": 5.0, "pdb_ix_count": 1.0, "pdb_carrier_count": 1.0, "clli": null, "website": "https://www.databank.com/data-centers/los-angeles/lax1/", "source_list": "peeringdb", "n_sources": 1 }, "geometry": { "type": "Point", "coordinates": [ -118.255358, 34.047948 ] } },
{ "type": "Feature", "properties": { "facility_id": "databank-irvine-sna2-122741", "name": "DataBank Irvine (SNA2)", "operator": "DataBank", "facility_class": "colocation", "lat": 33.687905, "lon": -117.842407, "address": "17400 Von Karman Ave", "city": "Irvine", "postcode": "92614-6206", "utility": "SCE", "utility_candidates": "Metropolitan Water District of So. Cal,SCE", "year_built": null, "building_levels_reported": 1.0, "building_levels_used": 1.0, "partial_occupancy": false, "footprint_sqft": null, "est_gross_sqft": null, "est_white_space_sqft": null, "best_power_mw": null, "power_ci_low_mw": null, "power_ci_high_mw": null, "power_tier": null, "n_power_methods": null, "est_annual_gwh": null, "pdb_net_count": 4.0, "pdb_ix_count": 1.0, "pdb_carrier_count": 1.0, "clli": null, "website": "https://www.databank.com/data-centers/irvine-data-centers/downtown-irvine-data-center/", "source_list": "peeringdb", "n_sources": 1 }, "geometry": { "type": "Point", "coordinates": [ -117.842407, 33.687905 ] } },
{ "type": "Feature", "properties": { "facility_id": "scalematrix-san-diego-data-center-us-west-01-3a9ec4", "name": "ScaleMatrix San Diego Data Center US-West 01", "operator": "ScaleMatrix Holdings, Inc.", "facility_class": "unknown", "lat": 32.838205, "lon": -117.133185, "address": "5775 Kearny Villa Rd", "city": "San Diego", "postcode": "92123-1111", "utility": "SDG&E", "utility_candidates": "Metropolitan Water District of So. Cal,SDG&E", "year_built": null, "building_levels_reported": 1.0, "building_levels_used": 1.0, "partial_occupancy": false, "footprint_sqft": null, "est_gross_sqft": null, "est_white_space_sqft": null, "best_power_mw": null, "power_ci_low_mw": null, "power_ci_high_mw": null, "power_tier": null, "n_power_methods": null, "est_annual_gwh": null, "pdb_net_count": 3.0, "pdb_ix_count": 0.0, "pdb_carrier_count": 1.0, "clli": null, "website": "https://www.scalematrix.com/san-diego-data-center", "source_list": "peeringdb", "n_sources": 1 }, "geometry": { "type": "Point", "coordinates": [ -117.133185, 32.838205 ] } },
{ "type": "Feature", "properties": { "facility_id": "t5-siliconvalley-f7f176", "name": "T5@SiliconValley", "operator": "T5 Data Centers", "facility_class": "unknown", "lat": 37.510156, "lon": -122.001869, "address": "39800 Eureka Dr", "city": "Newark", "postcode": "94560-4809", "utility": "PG&E", "utility_candidates": "PG&E", "year_built": null, "building_levels_reported": 1.0, "building_levels_used": 1.0, "partial_occupancy": false, "footprint_sqft": null, "est_gross_sqft": null, "est_white_space_sqft": null, "best_power_mw": null, "power_ci_low_mw": null, "power_ci_high_mw": null, "power_tier": null, "n_power_methods": null, "est_annual_gwh": null, "pdb_net_count": 0.0, "pdb_ix_count": 0.0, "pdb_carrier_count": 1.0, "clli": null, "website": "https://t5datacenters.com/locations/silicon-valley/", "source_list": "peeringdb", "n_sources": 1 }, "geometry": { "type": "Point", "coordinates": [ -122.001869, 37.510156 ] } },
{ "type": "Feature", "properties": { "facility_id": "sd-comsat-santa-paula-ground-station-f8bb25", "name": "SD / Comsat Santa Paula Ground Station", "operator": "SD Data Center", "facility_class": "unknown", "lat": 34.413094, "lon": -119.080887, "address": "7000 Pine Grove Rd", "city": "Santa Paula", "postcode": "93060-9589", "utility": "SCE", "utility_candidates": "SCE", "year_built": null, "building_levels_reported": 1.0, "building_levels_used": 1.0, "partial_occupancy": false, "footprint_sqft": null, "est_gross_sqft": null, "est_white_space_sqft": null, "best_power_mw": null, "power_ci_low_mw": null, "power_ci_high_mw": null, "power_tier": null, "n_power_methods": null, "est_annual_gwh": null, "pdb_net_count": 1.0, "pdb_ix_count": 0.0, "pdb_carrier_count": 0.0, "clli": null, "website": "https://www.satcomdirect.com/infrastructure-services/satellite-ground-stations/", "source_list": "peeringdb", "n_sources": 1 }, "geometry": { "type": "Point", "coordinates": [ -119.080887, 34.413094 ] } },
{ "type": "Feature", "properties": { "facility_id": "cogent-la-mirada-773268", "name": "Cogent La Mirada", "operator": "Cogent Communications, Inc.", "facility_class": "unknown", "lat": 33.879828, "lon": -118.026751, "address": "16680 Valley View Ave", "city": "La Mirada", "postcode": "90638-5823", "utility": "SCE", "utility_candidates": "Metropolitan Water District of So. Cal,SCE", "year_built": null, "building_levels_reported": 1.0, "building_levels_used": 1.0, "partial_occupancy": false, "footprint_sqft": null, "est_gross_sqft": null, "est_white_space_sqft": null, "best_power_mw": null, "power_ci_low_mw": null, "power_ci_high_mw": null, "power_tier": null, "n_power_methods": null, "est_annual_gwh": null, "pdb_net_count": 0.0, "pdb_ix_count": 0.0, "pdb_carrier_count": 0.0, "clli": null, "website": "https://www.cogentco.com/en/products-and-services/colocation", "source_list": "peeringdb", "n_sources": 1 }, "geometry": { "type": "Point", "coordinates": [ -118.026751, 33.879828 ] } },
{ "type": "Feature", "properties": { "facility_id": "mdc-san-diego-cf2ff8", "name": "MDC San Diego", "operator": "MDC Data Centers", "facility_class": "unknown", "lat": 32.594192, "lon": -117.085384, "address": "7014 Manya Cir", "city": "San Diego", "postcode": "92154-4711", "utility": "SDG&E", "utility_candidates": "Metropolitan Water District of So. Cal,SDG&E", "year_built": null, "building_levels_reported": 1.0, "building_levels_used": 1.0, "partial_occupancy": false, "footprint_sqft": null, "est_gross_sqft": null, "est_white_space_sqft": null, "best_power_mw": null, "power_ci_low_mw": null, "power_ci_high_mw": null, "power_tier": null, "n_power_methods": null, "est_annual_gwh": null, "pdb_net_count": 2.0, "pdb_ix_count": 0.0, "pdb_carrier_count": 1.0, "clli": null, "website": "https://mdcdatacenters.com", "source_list": "peeringdb", "n_sources": 1 }, "geometry": { "type": "Point", "coordinates": [ -117.085384, 32.594192 ] } },
{ "type": "Feature", "properties": { "facility_id": "edgecore-silicon-valley-ab1c2b", "name": "EdgeCore Silicon Valley", "operator": "Digital Realty", "facility_class": "colocation", "lat": 37.384692, "lon": -121.964919, "address": "2201 Laurelwood Rd", "city": "Santa Clara", "postcode": "95054-1516", "utility": "SVP", "utility_candidates": "PWRPA,SVP", "year_built": null, "building_levels_reported": 1.0, "building_levels_used": 1.0, "partial_occupancy": false, "footprint_sqft": null, "est_gross_sqft": null, "est_white_space_sqft": null, "best_power_mw": null, "power_ci_low_mw": null, "power_ci_high_mw": null, "power_tier": null, "n_power_methods": null, "est_annual_gwh": null, "pdb_net_count": 0.0, "pdb_ix_count": 0.0, "pdb_carrier_count": 0.0, "clli": null, "website": "https://www.edgecore.com/locations/locations", "source_list": "peeringdb", "n_sources": 1 }, "geometry": { "type": "Point", "coordinates": [ -121.964919, 37.384692 ] } },
{ "type": "Feature", "properties": { "facility_id": "h5-data-centers-san-luis-obispo-2fa68f", "name": "H5 Data Centers San Luis Obispo", "operator": "H5 Data Centers", "facility_class": "colocation", "lat": 35.255773, "lon": -120.640747, "address": "3610 Sacramento Dr", "city": "San Luis Obispo", "postcode": "93401-7113", "utility": "PG&E", "utility_candidates": "PG&E", "year_built": null, "building_levels_reported": 1.0, "building_levels_used": 1.0, "partial_occupancy": false, "footprint_sqft": null, "est_gross_sqft": null, "est_white_space_sqft": null, "best_power_mw": null, "power_ci_low_mw": null, "power_ci_high_mw": null, "power_tier": null, "n_power_methods": null, "est_annual_gwh": null, "pdb_net_count": 0.0, "pdb_ix_count": 0.0, "pdb_carrier_count": 0.0, "clli": null, "website": "https://h5datacenters.com/san-luis-obispo-data-center.html", "source_list": "peeringdb", "n_sources": 1 }, "geometry": { "type": "Point", "coordinates": [ -120.640747, 35.255773 ] } },
{ "type": "Feature", "properties": { "facility_id": "3hcloud-sfo-1-b8a679", "name": "3HCloud - SFO-1", "operator": "3HCLOUD LLC", "facility_class": "unknown", "lat": 37.788637, "lon": -122.390676, "address": "365 Main St", "city": "San Francisco", "postcode": "94105", "utility": "PG&E", "utility_candidates": "CCSF,PG&E", "year_built": null, "building_levels_reported": 1.0, "building_levels_used": 1.0, "partial_occupancy": false, "footprint_sqft": null, "est_gross_sqft": null, "est_white_space_sqft": null, "best_power_mw": null, "power_ci_low_mw": null, "power_ci_high_mw": null, "power_tier": null, "n_power_methods": null, "est_annual_gwh": null, "pdb_net_count": 0.0, "pdb_ix_count": 0.0, "pdb_carrier_count": 0.0, "clli": null, "website": "https://3hcloud.com/", "source_list": "peeringdb", "n_sources": 1 }, "geometry": { "type": "Point", "coordinates": [ -122.390676, 37.788637 ] } },
{ "type": "Feature", "properties": { "facility_id": "365-data-centers-rancho-cordova-ca1-eb6f0f", "name": "365 Data Centers Rancho Cordova (CA1)", "operator": "365 Data Centers", "facility_class": "unknown", "lat": 38.596063, "lon": -121.272644, "address": "11085 Sun Center Drive", "city": "Rancho Cordova", "postcode": "95670", "utility": "SMUD", "utility_candidates": "SMUD", "year_built": null, "building_levels_reported": 1.0, "building_levels_used": 1.0, "partial_occupancy": false, "footprint_sqft": null, "est_gross_sqft": null, "est_white_space_sqft": null, "best_power_mw": null, "power_ci_low_mw": null, "power_ci_high_mw": null, "power_tier": null, "n_power_methods": null, "est_annual_gwh": null, "pdb_net_count": 0.0, "pdb_ix_count": 0.0, "pdb_carrier_count": 0.0, "clli": null, "website": "https://365datacenters.com/rancho-cordova-data-center/", "source_list": "peeringdb", "n_sources": 1 }, "geometry": { "type": "Point", "coordinates": [ -121.272644, 38.596063 ] } },
{ "type": "Feature", "properties": { "facility_id": "hurricane-electric-san-jose-1-1b3d54", "name": "Hurricane Electric San Jose 1", "operator": "Hurricane Electric", "facility_class": "colocation", "lat": 37.33417, "lon": -121.891703, "address": "55 S. Market Street", "city": "San Jose", "postcode": "95113", "utility": "PG&E", "utility_candidates": "PG&E,PWRPA", "year_built": null, "building_levels_reported": 1.0, "building_levels_used": 1.0, "partial_occupancy": false, "footprint_sqft": null, "est_gross_sqft": null, "est_white_space_sqft": null, "best_power_mw": null, "power_ci_low_mw": null, "power_ci_high_mw": null, "power_tier": null, "n_power_methods": null, "est_annual_gwh": null, "pdb_net_count": 2.0, "pdb_ix_count": 0.0, "pdb_carrier_count": 0.0, "clli": null, "website": "http://he.net/colocation.html", "source_list": "peeringdb", "n_sources": 1 }, "geometry": { "type": "Point", "coordinates": [ -121.891703, 37.33417 ] } },
{ "type": "Feature", "properties": { "facility_id": "raging-wire-data-center-e06370", "name": "RAGING WIRE DATA CENTER", "operator": "RAGING WIRE", "facility_class": "unknown", "lat": 38.65041, "lon": -121.48935, "address": "1200 STRIKER AVENUE", "city": "SACRAMENTO", "postcode": "95834", "utility": "SMUD", "utility_candidates": "SMUD", "year_built": null, "building_levels_reported": 1.0, "building_levels_used": 1.0, "partial_occupancy": false, "footprint_sqft": null, "est_gross_sqft": null, "est_white_space_sqft": null, "best_power_mw": 54.92307692307692, "power_ci_low_mw": 15.045, "power_ci_high_mw": 67.690909090909074, "power_tier": "B_generator", "n_power_methods": 1.0, "est_annual_gwh": 488.3430461538461, "pdb_net_count": null, "pdb_ix_count": null, "pdb_carrier_count": null, "clli": null, "website": null, "source_list": "epa_nei", "n_sources": 1 }, "geometry": { "type": "Point", "coordinates": [ -121.48935, 38.65041 ] } },
{ "type": "Feature", "properties": { "facility_id": "american-internet-services-inc-dee42b", "name": "AMERICAN INTERNET SERVICES INC", "operator": "AMERICAN INTERNET SERVICES INC", "facility_class": "unknown", "lat": 32.829151, "lon": -117.130091, "address": "9305 LIGHTWAVE AV", "city": "SAN DIEGO", "postcode": "92123", "utility": "SDG&E", "utility_candidates": "Metropolitan Water District of So. Cal,SDG&E", "year_built": null, "building_levels_reported": 1.0, "building_levels_used": 1.0, "partial_occupancy": false, "footprint_sqft": null, "est_gross_sqft": null, "est_white_space_sqft": null, "best_power_mw": 2.3412923076923078, "power_ci_low_mw": 1.52184, "power_ci_high_mw": 2.7669818181818178, "power_tier": "B_generator", "n_power_methods": 1.0, "est_annual_gwh": 20.817366424615383, "pdb_net_count": null, "pdb_ix_count": null, "pdb_carrier_count": null, "clli": null, "website": null, "source_list": "epa_nei", "n_sources": 1 }, "geometry": { "type": "Point", "coordinates": [ -117.130091, 32.829151 ] } },
{ "type": "Feature", "properties": { "facility_id": "amazon-data-services-inc-2f97f0", "name": "AMAZON DATA SERVICES, INC.", "operator": "Amazon Web Services", "facility_class": "hyperscale", "lat": 37.625457, "lon": -122.109299, "address": "26464 CORPORATE AVE", "city": "HAYWARD", "postcode": "94545", "utility": "PG&E", "utility_candidates": "PG&E", "year_built": null, "building_levels_reported": 1.0, "building_levels_used": 1.0, "partial_occupancy": false, "footprint_sqft": null, "est_gross_sqft": null, "est_white_space_sqft": null, "best_power_mw": 28.834615384615383, "power_ci_low_mw": 7.898625, "power_ci_high_mw": 35.537727272727267, "power_tier": "B_generator", "n_power_methods": 1.0, "est_annual_gwh": 247.5394061538461, "pdb_net_count": null, "pdb_ix_count": null, "pdb_carrier_count": null, "clli": null, "website": null, "source_list": "epa_nei", "n_sources": 1 }, "geometry": { "type": "Point", "coordinates": [ -122.109299, 37.625457 ] } },
{ "type": "Feature", "properties": { "facility_id": "apple-inc-3826fc", "name": "APPLE INC", "operator": "Apple", "facility_class": "hyperscale", "lat": 37.506933, "lon": -122.000159, "address": "39800 EUREKA DRIVE", "city": "NEWARK", "postcode": "94560", "utility": "PG&E", "utility_candidates": "PG&E", "year_built": null, "building_levels_reported": 1.0, "building_levels_used": 1.0, "partial_occupancy": false, "footprint_sqft": null, "est_gross_sqft": null, "est_white_space_sqft": null, "best_power_mw": 19.223076923076921, "power_ci_low_mw": 5.26575, "power_ci_high_mw": 23.691818181818181, "power_tier": "B_generator", "n_power_methods": 1.0, "est_annual_gwh": 165.02627076923073, "pdb_net_count": null, "pdb_ix_count": null, "pdb_carrier_count": null, "clli": null, "website": null, "source_list": "epa_nei", "n_sources": 1 }, "geometry": { "type": "Point", "coordinates": [ -122.000159, 37.506933 ] } },
{ "type": "Feature", "properties": { "facility_id": "facebook-inc-bf14e7", "name": "FACEBOOK, INC", "operator": "Meta", "facility_class": "hyperscale", "lat": 37.48454, "lon": -122.147995, "address": "FACEBOOK CAMPUS", "city": "MENLO PARK", "postcode": "94025", "utility": "PG&E", "utility_candidates": "PG&E", "year_built": null, "building_levels_reported": 1.0, "building_levels_used": 1.0, "partial_occupancy": false, "footprint_sqft": null, "est_gross_sqft": null, "est_white_space_sqft": null, "best_power_mw": 8.2384615384615376, "power_ci_low_mw": 2.25675, "power_ci_high_mw": 10.153636363636362, "power_tier": "B_generator", "n_power_methods": 1.0, "est_annual_gwh": 70.725544615384592, "pdb_net_count": null, "pdb_ix_count": null, "pdb_carrier_count": null, "clli": null, "website": null, "source_list": "epa_nei", "n_sources": 1 }, "geometry": { "type": "Point", "coordinates": [ -122.147995, 37.48454 ] } },
{ "type": "Feature", "properties": { "facility_id": "cyxtera-communications-llc-54eac7", "name": "CYXTERA COMMUNICATIONS, LLC", "operator": "CYXTERA COMMUNICATIONS, LLC", "facility_class": "unknown", "lat": 37.37595, "lon": -121.956238, "address": "1500 SPACE PARK DRIVE", "city": "SANTA CLARA", "postcode": "95054", "utility": "SVP", "utility_candidates": "PWRPA,SVP", "year_built": null, "building_levels_reported": 1.0, "building_levels_used": 1.0, "partial_occupancy": false, "footprint_sqft": null, "est_gross_sqft": null, "est_white_space_sqft": null, "best_power_mw": 6.865384615384615, "power_ci_low_mw": 1.880625, "power_ci_high_mw": 8.4613636363636342, "power_tier": "B_generator", "n_power_methods": 1.0, "est_annual_gwh": 61.042880769230763, "pdb_net_count": null, "pdb_ix_count": null, "pdb_carrier_count": null, "clli": null, "website": null, "source_list": "epa_nei", "n_sources": 1 }, "geometry": { "type": "Point", "coordinates": [ -121.956238, 37.37595 ] } },
{ "type": "Feature", "properties": { "facility_id": "microsoft-corporation-05f6e3", "name": "MICROSOFT CORPORATION", "operator": "Microsoft", "facility_class": "hyperscale", "lat": 37.360724, "lon": -121.948872, "address": "2045 LAFAYETTE STREET", "city": "SANTA CLARA", "postcode": "95050", "utility": "SVP", "utility_candidates": "PWRPA,SVP", "year_built": null, "building_levels_reported": 1.0, "building_levels_used": 1.0, "partial_occupancy": false, "footprint_sqft": null, "est_gross_sqft": null, "est_white_space_sqft": null, "best_power_mw": 34.358464615384612, "power_ci_low_mw": 22.333002, "power_ci_high_mw": 40.605458181818172, "power_tier": "B_generator", "n_power_methods": 1.0, "est_annual_gwh": 294.9605470301538, "pdb_net_count": null, "pdb_ix_count": null, "pdb_carrier_count": null, "clli": null, "website": null, "source_list": "epa_nei", "n_sources": 1 }, "geometry": { "type": "Point", "coordinates": [ -121.948872, 37.360724 ] } },
{ "type": "Feature", "properties": { "facility_id": "xeres-ventures-lp-sc1-e03279", "name": "XERES VENTURES, LP (SC1)", "operator": "XERES VENTURES, LP (SC1)", "facility_class": "unknown", "lat": 37.361656, "lon": -121.943303, "address": "535 REED STREET", "city": "SANTA CLARA", "postcode": "95050", "utility": "SVP", "utility_candidates": "PWRPA,SVP", "year_built": null, "building_levels_reported": 1.0, "building_levels_used": 1.0, "partial_occupancy": false, "footprint_sqft": null, "est_gross_sqft": null, "est_white_space_sqft": null, "best_power_mw": 60.415384615384617, "power_ci_low_mw": 16.5495, "power_ci_high_mw": 74.46, "power_tier": "B_generator", "n_power_methods": 1.0, "est_annual_gwh": 537.17735076923077, "pdb_net_count": null, "pdb_ix_count": null, "pdb_carrier_count": null, "clli": null, "website": null, "source_list": "epa_nei", "n_sources": 1 }, "geometry": { "type": "Point", "coordinates": [ -121.943303, 37.361656 ] } },
{ "type": "Feature", "properties": { "facility_id": "quality-investment-properties-santa-clara-ll-e6077d", "name": "QUALITY INVESTMENT PROPERTIES SANTA CLARA, LLC", "operator": "QUALITY INVESTMENT PROPERTIES SANTA CLARA, LLC", "facility_class": "unknown", "lat": 37.391102, "lon": -121.97696, "address": "2807 MISSION COLLEGE BLVD", "city": "SANTA CLARA", "postcode": "95054", "utility": "SVP", "utility_candidates": "PWRPA,SVP", "year_built": null, "building_levels_reported": 1.0, "building_levels_used": 1.0, "partial_occupancy": false, "footprint_sqft": null, "est_gross_sqft": null, "est_white_space_sqft": null, "best_power_mw": 15.103846153846154, "power_ci_low_mw": 4.137375, "power_ci_high_mw": 18.615, "power_tier": "B_generator", "n_power_methods": 1.0, "est_annual_gwh": 134.29433769230769, "pdb_net_count": null, "pdb_ix_count": null, "pdb_carrier_count": null, "clli": null, "website": null, "source_list": "epa_nei", "n_sources": 1 }, "geometry": { "type": "Point", "coordinates": [ -121.97696, 37.391102 ] } },
{ "type": "Feature", "properties": { "facility_id": "amazon-data-services-inc-5ef47b", "name": "AMAZON DATA SERVICES, INC.", "operator": "Amazon Web Services", "facility_class": "hyperscale", "lat": 37.373078, "lon": -121.970022, "address": "2950 STENDER WAY", "city": "SANTA CLARA", "postcode": "95054", "utility": "SVP", "utility_candidates": "PWRPA,SVP", "year_built": null, "building_levels_reported": 1.0, "building_levels_used": 1.0, "partial_occupancy": false, "footprint_sqft": null, "est_gross_sqft": null, "est_white_space_sqft": null, "best_power_mw": 30.207692307692309, "power_ci_low_mw": 8.27475, "power_ci_high_mw": 37.23, "power_tier": "B_generator", "n_power_methods": 1.0, "est_annual_gwh": 259.32699692307688, "pdb_net_count": null, "pdb_ix_count": null, "pdb_carrier_count": null, "clli": null, "website": null, "source_list": "epa_nei", "n_sources": 1 }, "geometry": { "type": "Point", "coordinates": [ -121.970022, 37.373078 ] } },
{ "type": "Feature", "properties": { "facility_id": "cyxtera-communications-llc-sc8-e3303d", "name": "CYXTERA COMMUNICATIONS, LLC - SC8", "operator": "CYXTERA COMMUNICATIONS  LLC - SC8", "facility_class": "unknown", "lat": 37.397849, "lon": -121.97958, "address": "4700 OLD IRONSIDES", "city": "SANTA CLARA", "postcode": "95054", "utility": "SVP", "utility_candidates": "PWRPA,SVP", "year_built": null, "building_levels_reported": 1.0, "building_levels_used": 1.0, "partial_occupancy": false, "footprint_sqft": null, "est_gross_sqft": null, "est_white_space_sqft": null, "best_power_mw": 9.6831947692307665, "power_ci_low_mw": 6.2940766, "power_ci_high_mw": 11.443775636363632, "power_tier": "B_generator", "n_power_methods": 1.0, "est_annual_gwh": 86.097157971138429, "pdb_net_count": null, "pdb_ix_count": null, "pdb_carrier_count": null, "clli": null, "website": null, "source_list": "epa_nei", "n_sources": 1 }, "geometry": { "type": "Point", "coordinates": [ -121.97958, 37.397849 ] } },
{ "type": "Feature", "properties": { "facility_id": "cyxtera-communications-llc-sn1-81e31b", "name": "CYXTERA COMMUNICATIONS, LLC SN1", "operator": "CYXTERA COMMUNICATIONS, LLC SN1", "facility_class": "unknown", "lat": 37.373805, "lon": -121.996926, "address": "1400 KIFER ROAD", "city": "SUNNYVALE", "postcode": "94086", "utility": "PG&E", "utility_candidates": "PG&E,PWRPA", "year_built": null, "building_levels_reported": 1.0, "building_levels_used": 1.0, "partial_occupancy": false, "footprint_sqft": null, "est_gross_sqft": null, "est_white_space_sqft": null, "best_power_mw": 6.865384615384615, "power_ci_low_mw": 1.880625, "power_ci_high_mw": 8.4613636363636342, "power_tier": "B_generator", "n_power_methods": 1.0, "est_annual_gwh": 61.042880769230763, "pdb_net_count": null, "pdb_ix_count": null, "pdb_carrier_count": null, "clli": null, "website": null, "source_list": "epa_nei", "n_sources": 1 }, "geometry": { "type": "Point", "coordinates": [ -121.996926, 37.373805 ] } },
{ "type": "Feature", "properties": { "facility_id": "cyxtera-communications-llc-sc4-5-f4cf12", "name": "CYXTERA COMMUNICATIONS  LLC SC4-5", "operator": "CYXTERA COMMUNICATIONS  LLC", "facility_class": "unknown", "lat": 37.371502, "lon": -121.969714, "address": "2401 WALSH AVENUE", "city": "SANTA CLARA", "postcode": "95051", "utility": "SVP", "utility_candidates": "PWRPA,SVP", "year_built": null, "building_levels_reported": 1.0, "building_levels_used": 1.0, "partial_occupancy": false, "footprint_sqft": null, "est_gross_sqft": null, "est_white_space_sqft": null, "best_power_mw": 20.596153846153843, "power_ci_low_mw": 5.641875, "power_ci_high_mw": 25.384090909090908, "power_tier": "B_generator", "n_power_methods": 1.0, "est_annual_gwh": 183.12864230769227, "pdb_net_count": null, "pdb_ix_count": null, "pdb_carrier_count": null, "clli": null, "website": null, "source_list": "epa_nei", "n_sources": 1 }, "geometry": { "type": "Point", "coordinates": [ -121.969714, 37.371502 ] } },
{ "type": "Feature", "properties": { "facility_id": "google-llc-032272", "name": "GOOGLE LLC", "operator": "Google", "facility_class": "hyperscale", "lat": 37.422084, "lon": -122.088629, "address": "MOUNTAIN, VIEW CAMPUS", "city": "MOUNTAIN VIEW", "postcode": "94043", "utility": "PG&E", "utility_candidates": "PG&E,PWRPA", "year_built": null, "building_levels_reported": 1.0, "building_levels_used": 1.0, "partial_occupancy": false, "footprint_sqft": null, "est_gross_sqft": null, "est_white_space_sqft": null, "best_power_mw": 39.006265923076924, "power_ci_low_mw": 10.89557285, "power_ci_high_mw": 48.045587, "power_tier": "B_generator", "n_power_methods": 1.0, "est_annual_gwh": 334.86099169643074, "pdb_net_count": null, "pdb_ix_count": null, "pdb_carrier_count": null, "clli": null, "website": null, "source_list": "epa_nei", "n_sources": 1 }, "geometry": { "type": "Point", "coordinates": [ -122.088629, 37.422084 ] } },
{ "type": "Feature", "properties": { "facility_id": "3011-lafayette-f82457", "name": "3011 LAFAYETTE", "operator": "3011 LAFAYETTE", "facility_class": "unknown", "lat": 37.376741, "lon": -121.94989, "address": "3011 LAFAYETTE STREET", "city": "SANTA CLARA", "postcode": "95054", "utility": "SVP", "utility_candidates": "PWRPA,SVP", "year_built": null, "building_levels_reported": 1.0, "building_levels_used": 1.0, "partial_occupancy": false, "footprint_sqft": null, "est_gross_sqft": null, "est_white_space_sqft": null, "best_power_mw": 8.2384615384615376, "power_ci_low_mw": 2.25675, "power_ci_high_mw": 10.153636363636362, "power_tier": "B_generator", "n_power_methods": 1.0, "est_annual_gwh": 73.251456923076915, "pdb_net_count": null, "pdb_ix_count": null, "pdb_carrier_count": null, "clli": null, "website": null, "source_list": "epa_nei", "n_sources": 1 }, "geometry": { "type": "Point", "coordinates": [ -121.94989, 37.376741 ] } },
{ "type": "Feature", "properties": { "facility_id": "vantage-data-centers-management-o-d174e9", "name": "VANTAGE DATA CENTERS MANAGEMENT O.", "operator": "Vantage Data Centers", "facility_class": "wholesale", "lat": 37.36402, "lon": -121.947583, "address": "725 MATHEW STREET", "city": "SANTA CLARA", "postcode": "95050", "utility": "SVP", "utility_candidates": "PWRPA,SVP", "year_built": null, "building_levels_reported": 1.0, "building_levels_used": 1.0, "partial_occupancy": false, "footprint_sqft": null, "est_gross_sqft": null, "est_white_space_sqft": null, "best_power_mw": 23.342307692307692, "power_ci_low_mw": 6.394125, "power_ci_high_mw": 28.768636363636354, "power_tier": "B_generator", "n_power_methods": 1.0, "est_annual_gwh": 207.54579461538461, "pdb_net_count": null, "pdb_ix_count": null, "pdb_carrier_count": null, "clli": null, "website": null, "source_list": "epa_nei", "n_sources": 1 }, "geometry": { "type": "Point", "coordinates": [ -121.947583, 37.36402 ] } },
{ "type": "Feature", "properties": { "facility_id": "vdc-v-2c6883", "name": "VDC V", "operator": "VDC V", "facility_class": "unknown", "lat": 37.373952, "lon": -121.987753, "address": "3000 CORVIN DRIVE", "city": "SANTA CLARA", "postcode": "95051", "utility": "PG&E", "utility_candidates": "PG&E,PWRPA", "year_built": null, "building_levels_reported": 1.0, "building_levels_used": 1.0, "partial_occupancy": false, "footprint_sqft": null, "est_gross_sqft": null, "est_white_space_sqft": null, "best_power_mw": 23.342307692307692, "power_ci_low_mw": 6.394125, "power_ci_high_mw": 28.768636363636354, "power_tier": "B_generator", "n_power_methods": 1.0, "est_annual_gwh": 207.54579461538461, "pdb_net_count": null, "pdb_ix_count": null, "pdb_carrier_count": null, "clli": null, "website": null, "source_list": "epa_nei", "n_sources": 1 }, "geometry": { "type": "Point", "coordinates": [ -121.987753, 37.373952 ] } },
{ "type": "Feature", "properties": { "facility_id": "google-llc-66600a", "name": "GOOGLE LLC", "operator": "Google", "facility_class": "hyperscale", "lat": 37.39998, "lon": -122.05266, "address": "475 ELLIS STREET", "city": "MOUNTAIN VIEW", "postcode": "94043", "utility": "PG&E", "utility_candidates": "PG&E,PWRPA", "year_built": null, "building_levels_reported": 1.0, "building_levels_used": 1.0, "partial_occupancy": false, "footprint_sqft": null, "est_gross_sqft": null, "est_white_space_sqft": null, "best_power_mw": 3.9230769230769225, "power_ci_low_mw": 2.55, "power_ci_high_mw": 4.6363636363636358, "power_tier": "B_generator", "n_power_methods": 1.0, "est_annual_gwh": 33.678830769230764, "pdb_net_count": null, "pdb_ix_count": null, "pdb_carrier_count": null, "clli": null, "website": null, "source_list": "epa_nei", "n_sources": 1 }, "geometry": { "type": "Point", "coordinates": [ -122.05266, 37.39998 ] } },
{ "type": "Feature", "properties": { "facility_id": "cyxtera-communications-llc-sc9-77afac", "name": "CYXTERA COMMUNICATIONS, LLC SC9", "operator": "CYXTERA COMMUNICATIONS, LLC SC9", "facility_class": "unknown", "lat": 37.397011, "lon": -121.979614, "address": "4650 OLD IRONSIDES ROAD", "city": "SANTA CLARA", "postcode": "95054", "utility": "SVP", "utility_candidates": "PWRPA,SVP", "year_built": null, "building_levels_reported": 1.0, "building_levels_used": 1.0, "partial_occupancy": false, "footprint_sqft": null, "est_gross_sqft": null, "est_white_space_sqft": null, "best_power_mw": 8.2384615384615376, "power_ci_low_mw": 2.25675, "power_ci_high_mw": 10.153636363636362, "power_tier": "B_generator", "n_power_methods": 1.0, "est_annual_gwh": 73.251456923076915, "pdb_net_count": null, "pdb_ix_count": null, "pdb_carrier_count": null, "clli": null, "website": null, "source_list": "epa_nei", "n_sources": 1 }, "geometry": { "type": "Point", "coordinates": [ -121.979614, 37.397011 ] } },
{ "type": "Feature", "properties": { "facility_id": "google-llc-489159", "name": "GOOGLE LLC", "operator": "Google", "facility_class": "hyperscale", "lat": 37.408194, "lon": -122.026422, "address": "1220 N MATHILDA AVE", "city": "SUNNYVALE", "postcode": "94089", "utility": "PG&E", "utility_candidates": "PG&E,PWRPA", "year_built": null, "building_levels_reported": 1.0, "building_levels_used": 1.0, "partial_occupancy": false, "footprint_sqft": null, "est_gross_sqft": null, "est_white_space_sqft": null, "best_power_mw": 16.084615384615386, "power_ci_low_mw": 4.774875, "power_ci_high_mw": 19.774090909090908, "power_tier": "B_generator", "n_power_methods": 1.0, "est_annual_gwh": 138.08320615384613, "pdb_net_count": null, "pdb_ix_count": null, "pdb_carrier_count": null, "clli": null, "website": null, "source_list": "epa_nei", "n_sources": 1 }, "geometry": { "type": "Point", "coordinates": [ -122.026422, 37.408194 ] } },
{ "type": "Feature", "properties": { "facility_id": "vxchnge-ca-llc-ce6be0", "name": "VXCHNGE - CA LLC", "operator": "VXCHNGE - CA LLC", "facility_class": "unknown", "lat": 37.363913, "lon": -121.960944, "address": "2050 MARTIN AVENUE", "city": "SANTA CLARA", "postcode": "95050", "utility": "SVP", "utility_candidates": "PWRPA,SVP", "year_built": null, "building_levels_reported": 1.0, "building_levels_used": 1.0, "partial_occupancy": false, "footprint_sqft": null, "est_gross_sqft": null, "est_white_space_sqft": null, "best_power_mw": 10.984615384615385, "power_ci_low_mw": 3.009, "power_ci_high_mw": 13.538181818181817, "power_tier": "B_generator", "n_power_methods": 1.0, "est_annual_gwh": 97.668609230769221, "pdb_net_count": null, "pdb_ix_count": null, "pdb_carrier_count": null, "clli": null, "website": null, "source_list": "epa_nei", "n_sources": 1 }, "geometry": { "type": "Point", "coordinates": [ -121.960944, 37.363913 ] } },
{ "type": "Feature", "properties": { "facility_id": "jay-paul-company-2485a1", "name": "JAY PAUL COMPANY", "operator": "JAY PAUL COMPANY", "facility_class": "unknown", "lat": 37.409194, "lon": -122.036171, "address": "1050 ENTERPRISE WAY", "city": "SUNNYVALE", "postcode": "94089", "utility": "PG&E", "utility_candidates": "PG&E,PWRPA", "year_built": null, "building_levels_reported": 1.0, "building_levels_used": 1.0, "partial_occupancy": false, "footprint_sqft": null, "est_gross_sqft": null, "est_white_space_sqft": null, "best_power_mw": 6.865384615384615, "power_ci_low_mw": 1.880625, "power_ci_high_mw": 8.4613636363636342, "power_tier": "B_generator", "n_power_methods": 1.0, "est_annual_gwh": 61.042880769230763, "pdb_net_count": null, "pdb_ix_count": null, "pdb_carrier_count": null, "clli": null, "website": null, "source_list": "epa_nei", "n_sources": 1 }, "geometry": { "type": "Point", "coordinates": [ -122.036171, 37.409194 ] } },
{ "type": "Feature", "properties": { "facility_id": "2805-lafayette-f3160d", "name": "2805 LAFAYETTE", "operator": "2805 LAFAYETTE", "facility_class": "unknown", "lat": 37.370045, "lon": -121.947059, "address": "2805 LAFAYETTE STREET", "city": "SANTA CLARA", "postcode": "95050", "utility": "SVP", "utility_candidates": "PWRPA,SVP", "year_built": null, "building_levels_reported": 1.0, "building_levels_used": 1.0, "partial_occupancy": false, "footprint_sqft": null, "est_gross_sqft": null, "est_white_space_sqft": null, "best_power_mw": 15.103846153846154, "power_ci_low_mw": 4.137375, "power_ci_high_mw": 18.615, "power_tier": "B_generator", "n_power_methods": 1.0, "est_annual_gwh": 134.29433769230769, "pdb_net_count": null, "pdb_ix_count": null, "pdb_carrier_count": null, "clli": null, "website": null, "source_list": "epa_nei", "n_sources": 1 }, "geometry": { "type": "Point", "coordinates": [ -121.947059, 37.370045 ] } },
{ "type": "Feature", "properties": { "facility_id": "1100-space-park-llc-3b98f5", "name": "1100 SPACE PARK, LLC", "operator": "1100 SPACE PARK, LLC", "facility_class": "unknown", "lat": 37.375992, "lon": -121.953956, "address": "1100 SPACE PARK DRIVE", "city": "SANTA CLARA", "postcode": "95054", "utility": "SVP", "utility_candidates": "PWRPA,SVP", "year_built": null, "building_levels_reported": 1.0, "building_levels_used": 1.0, "partial_occupancy": false, "footprint_sqft": null, "est_gross_sqft": null, "est_white_space_sqft": null, "best_power_mw": 13.665384615384614, "power_ci_low_mw": 4.235125, "power_ci_high_mw": 16.775909090909089, "power_tier": "B_generator", "n_power_methods": 1.0, "est_annual_gwh": 121.50440076923074, "pdb_net_count": null, "pdb_ix_count": null, "pdb_carrier_count": null, "clli": null, "website": null, "source_list": "epa_nei", "n_sources": 1 }, "geometry": { "type": "Point", "coordinates": [ -121.953956, 37.375992 ] } },
{ "type": "Feature", "properties": { "facility_id": "element-critical-8e18c0", "name": "ELEMENT CRITICAL", "operator": "ELEMENT CRITICAL", "facility_class": "unknown", "lat": 37.37176, "lon": -121.987602, "address": "1360 KIFER ROAD", "city": "SUNNYVALE", "postcode": "94086", "utility": "PG&E", "utility_candidates": "PG&E,PWRPA", "year_built": null, "building_levels_reported": 1.0, "building_levels_used": 1.0, "partial_occupancy": false, "footprint_sqft": null, "est_gross_sqft": null, "est_white_space_sqft": null, "best_power_mw": 5.4923076923076923, "power_ci_low_mw": 1.5045, "power_ci_high_mw": 6.7690909090909086, "power_tier": "B_generator", "n_power_methods": 1.0, "est_annual_gwh": 48.83430461538461, "pdb_net_count": null, "pdb_ix_count": null, "pdb_carrier_count": null, "clli": null, "website": null, "source_list": "epa_nei", "n_sources": 1 }, "geometry": { "type": "Point", "coordinates": [ -121.987602, 37.37176 ] } },
{ "type": "Feature", "properties": { "facility_id": "hosting-com-4e37d5", "name": "HOSTING COM", "operator": "HOSTING COM", "facility_class": "unknown", "lat": 37.779721, "lon": -122.393864, "address": "630 3RD STREET", "city": "SAN FRANCISCO", "postcode": "94107", "utility": "PG&E", "utility_candidates": "CCSF,PG&E", "year_built": null, "building_levels_reported": 1.0, "building_levels_used": 1.0, "partial_occupancy": false, "footprint_sqft": null, "est_gross_sqft": null, "est_white_space_sqft": null, "best_power_mw": 5.4923076923076923, "power_ci_low_mw": 1.5045, "power_ci_high_mw": 6.7690909090909086, "power_tier": "B_generator", "n_power_methods": 1.0, "est_annual_gwh": 48.83430461538461, "pdb_net_count": null, "pdb_ix_count": null, "pdb_carrier_count": null, "clli": null, "website": null, "source_list": "epa_nei", "n_sources": 1 }, "geometry": { "type": "Point", "coordinates": [ -122.393864, 37.779721 ] } }
]
}
