eis facility id,company name,site name,primary naics code,site latitude,site longitude,address,city,zip code,eis unit id,unit type,unit description,process description,scc
16058111,MECHANICS BANK,MECHANICS BANK,541513,38.020162,-122.27655,725 ALFRED NOBEL DR,HERCULES,94547,100527213,Unclassified,EMERGENCY STANDBY DIESEL GENERATOR SET,EMERGENCY STANDBY DIESEL GENERATOR SET,20100102
13528811,VERIZON WIRELESS - ROCKLIN MTSO,VERIZON WIRELESS - ROCKLIN MTSO,541513,38.82335,-121.30501,135 CYBER CT,ROCKLIN,95648,130275513,Unclassified,8 GENERATORS,,20100102
14168811,CISCO SYSTEMS INC,CISCO SYSTEMS INC,541513,37.410948,-121.957519,325 E TASMAN DR  BLDG 5,SAN JOSE,95134,100449213,Unclassified,STANDBY DIESEL GENERATOR SET,STANDBY DIESEL GENERATOR SET,20100102
14168811,CISCO SYSTEMS INC,CISCO SYSTEMS INC,541513,37.410948,-121.957519,325 E TASMAN DR  BLDG 5,SAN JOSE,95134,83887613,Unclassified,EMERGENCY DIESEL GENERATOR SET,EMERGENCY DIESEL GENERATOR SET,20100102
13805011,PALO ALTO MEDICAL FOUNDATION,SUTTER HEALTH ENTERPRISE DATA CENTER DBA PALO ALTO MEDICAL F,541513,37.374262,-122.015425,139 KIFER COURT,SUNNYVALE,94086,141502013,Unclassified,STATIONARY STANDBY DIESEL ENGINE GENERAT,STATIONARY STANDBY DIESEL ENGINE GENERATOR,20100102
13805011,PALO ALTO MEDICAL FOUNDATION,SUTTER HEALTH ENTERPRISE DATA CENTER DBA PALO ALTO MEDICAL F,541513,37.374262,-122.015425,139 KIFER COURT,SUNNYVALE,94086,141502113,Unclassified,STATIONARY STANDBY DIESEL ENGINE GENERAT,STATIONARY STANDBY DIESEL ENGINE GENERATOR,20100102
13805011,PALO ALTO MEDICAL FOUNDATION,SUTTER HEALTH ENTERPRISE DATA CENTER DBA PALO ALTO MEDICAL F,541513,37.374262,-122.015425,139 KIFER COURT,SUNNYVALE,94086,84071413,Unclassified,EMERGENCY STANDBY DIESEL GENERATOR SET,EMERGENCY STANDBY DIESEL GENERATOR SET,20100102
13805011,PALO ALTO MEDICAL FOUNDATION,SUTTER HEALTH ENTERPRISE DATA CENTER DBA PALO ALTO MEDICAL F,541513,37.374262,-122.015425,139 KIFER COURT,SUNNYVALE,94086,84071513,Unclassified,EMERGENCY STANDBY DIESEL GENERATOR SET,EMERGENCY STANDBY DIESEL GENERATOR SET,20100102
15701511,RAGING WIRE,RAGING WIRE DATA CENTER,541513,38.65041,-121.48935,1200 STRIKER AVENUE,SACRAMENTO,95834,100314113,Unclassified,IC ENGINES,IC ENGINE PO 19408,20100102
15701511,RAGING WIRE,RAGING WIRE DATA CENTER,541513,38.65041,-121.48935,1200 STRIKER AVENUE,SACRAMENTO,95834,118647413,Unclassified,IC ENGINES,IC ENGINE PO 21367,20100102
15701511,RAGING WIRE,RAGING WIRE DATA CENTER,541513,38.65041,-121.48935,1200 STRIKER AVENUE,SACRAMENTO,95834,118649713,Unclassified,IC ENGINES,IC ENGINE PO 20282,20100102
15701511,RAGING WIRE,RAGING WIRE DATA CENTER,541513,38.65041,-121.48935,1200 STRIKER AVENUE,SACRAMENTO,95834,100313113,Unclassified,IC ENGINES,IC ENGINE PO 20283,20100102
15701511,RAGING WIRE,RAGING WIRE DATA CENTER,541513,38.65041,-121.48935,1200 STRIKER AVENUE,SACRAMENTO,95834,100313713,Unclassified,IC ENGINES,IC ENGINE PO 21352,20100102
15701511,RAGING WIRE,RAGING WIRE DATA CENTER,541513,38.65041,-121.48935,1200 STRIKER AVENUE,SACRAMENTO,95834,100314013,Unclassified,IC ENGINES,IC ENGINE PO 19104,20100102
15701511,RAGING WIRE,RAGING WIRE DATA CENTER,541513,38.65041,-121.48935,1200 STRIKER AVENUE,SACRAMENTO,95834,118647613,Unclassified,IC ENGINES,IC ENGINE PO 21369,20100102
15701511,RAGING WIRE,RAGING WIRE DATA CENTER,541513,38.65041,-121.48935,1200 STRIKER AVENUE,SACRAMENTO,95834,118647713,Unclassified,IC ENGINES,IC ENGINE PO 21370,20100102
15701511,RAGING WIRE,RAGING WIRE DATA CENTER,541513,38.65041,-121.48935,1200 STRIKER AVENUE,SACRAMENTO,95834,118647813,Unclassified,IC ENGINES,IC ENGINE PO 21371,20100102
15701511,RAGING WIRE,RAGING WIRE DATA CENTER,541513,38.65041,-121.48935,1200 STRIKER AVENUE,SACRAMENTO,95834,118647913,Unclassified,IC ENGINES,IC ENGINE PO 21372,20100102
15701511,RAGING WIRE,RAGING WIRE DATA CENTER,541513,38.65041,-121.48935,1200 STRIKER AVENUE,SACRAMENTO,95834,118648113,Unclassified,IC ENGINES,IC ENGINE PO 22348,20100102
15701511,RAGING WIRE,RAGING WIRE DATA CENTER,541513,38.65041,-121.48935,1200 STRIKER AVENUE,SACRAMENTO,95834,118648213,Unclassified,IC ENGINES,IC ENGINE PO 22349,20100102
15701511,RAGING WIRE,RAGING WIRE DATA CENTER,541513,38.65041,-121.48935,1200 STRIKER AVENUE,SACRAMENTO,95834,118648313,Unclassified,IC ENGINES,IC ENGINE PO 22350,20100102
15701511,RAGING WIRE,RAGING WIRE DATA CENTER,541513,38.65041,-121.48935,1200 STRIKER AVENUE,SACRAMENTO,95834,118648413,Unclassified,IC ENGINES,IC ENGINE PO 22351,20100102
15701511,RAGING WIRE,RAGING WIRE DATA CENTER,541513,38.65041,-121.48935,1200 STRIKER AVENUE,SACRAMENTO,95834,118648613,Unclassified,IC ENGINES,IC ENGINE PO 22353,20100102
15701511,RAGING WIRE,RAGING WIRE DATA CENTER,541513,38.65041,-121.48935,1200 STRIKER AVENUE,SACRAMENTO,95834,118648713,Unclassified,IC ENGINES,IC ENGINE PO 22354,20100102
15701511,RAGING WIRE,RAGING WIRE DATA CENTER,541513,38.65041,-121.48935,1200 STRIKER AVENUE,SACRAMENTO,95834,118648813,Unclassified,IC ENGINES,IC ENGINE PO 22355,20100102
15701511,RAGING WIRE,RAGING WIRE DATA CENTER,541513,38.65041,-121.48935,1200 STRIKER AVENUE,SACRAMENTO,95834,118648913,Unclassified,IC ENGINES,IC ENGINE PO 22356,20100102
15701511,RAGING WIRE,RAGING WIRE DATA CENTER,541513,38.65041,-121.48935,1200 STRIKER AVENUE,SACRAMENTO,95834,118649113,Unclassified,IC ENGINES,IC ENGINE PO 22358,20100102
15701511,RAGING WIRE,RAGING WIRE DATA CENTER,541513,38.65041,-121.48935,1200 STRIKER AVENUE,SACRAMENTO,95834,118649213,Unclassified,IC ENGINES,IC ENGINE PO 22359,20100102
15701511,RAGING WIRE,RAGING WIRE DATA CENTER,541513,38.65041,-121.48935,1200 STRIKER AVENUE,SACRAMENTO,95834,118649313,Unclassified,IC ENGINES,IC ENGINE PO 22360,20100102
15701511,RAGING WIRE,RAGING WIRE DATA CENTER,541513,38.65041,-121.48935,1200 STRIKER AVENUE,SACRAMENTO,95834,118649513,Unclassified,IC ENGINES,IC ENGINE PO 22362,20100102
15701511,RAGING WIRE,RAGING WIRE DATA CENTER,541513,38.65041,-121.48935,1200 STRIKER AVENUE,SACRAMENTO,95834,118649613,Unclassified,IC ENGINES,IC ENGINE PO 22363,20100102
15701511,RAGING WIRE,RAGING WIRE DATA CENTER,541513,38.65041,-121.48935,1200 STRIKER AVENUE,SACRAMENTO,95834,100314213,Unclassified,IC ENGINES,IC ENGINE PO 19409,20100102
15701511,RAGING WIRE,RAGING WIRE DATA CENTER,541513,38.65041,-121.48935,1200 STRIKER AVENUE,SACRAMENTO,95834,100314313,Unclassified,IC ENGINES,IC ENGINE PO 19410,20100102
15701511,RAGING WIRE,RAGING WIRE DATA CENTER,541513,38.65041,-121.48935,1200 STRIKER AVENUE,SACRAMENTO,95834,100314413,Unclassified,IC ENGINES,IC ENGINE PO 20279,20100102
15701511,RAGING WIRE,RAGING WIRE DATA CENTER,541513,38.65041,-121.48935,1200 STRIKER AVENUE,SACRAMENTO,95834,100314513,Unclassified,IC ENGINES,IC ENGINE PO 20280,20100102
15701511,RAGING WIRE,RAGING WIRE DATA CENTER,541513,38.65041,-121.48935,1200 STRIKER AVENUE,SACRAMENTO,95834,100313013,Unclassified,IC ENGINES,IC ENGINE PO 15495,20100102
15701511,RAGING WIRE,RAGING WIRE DATA CENTER,541513,38.65041,-121.48935,1200 STRIKER AVENUE,SACRAMENTO,95834,100313213,Unclassified,IC ENGINES,IC ENGINE PO 20284,20100102
15701511,RAGING WIRE,RAGING WIRE DATA CENTER,541513,38.65041,-121.48935,1200 STRIKER AVENUE,SACRAMENTO,95834,100313313,Unclassified,IC ENGINES,IC ENGINE PO 20285,20100102
15701511,RAGING WIRE,RAGING WIRE DATA CENTER,541513,38.65041,-121.48935,1200 STRIKER AVENUE,SACRAMENTO,95834,100313413,Unclassified,IC ENGINES,IC ENGINE PO 20286,20100102
15701511,RAGING WIRE,RAGING WIRE DATA CENTER,541513,38.65041,-121.48935,1200 STRIKER AVENUE,SACRAMENTO,95834,100313513,Unclassified,IC ENGINES,IC ENGINE PO 20287,20100102
15701511,RAGING WIRE,RAGING WIRE DATA CENTER,541513,38.65041,-121.48935,1200 STRIKER AVENUE,SACRAMENTO,95834,100313613,Unclassified,IC ENGINES,IC ENGINE PO 20288,20100102
15701511,RAGING WIRE,RAGING WIRE DATA CENTER,541513,38.65041,-121.48935,1200 STRIKER AVENUE,SACRAMENTO,95834,100313813,Unclassified,IC ENGINES,IC ENGINE PO 21366,20100102
15701511,RAGING WIRE,RAGING WIRE DATA CENTER,541513,38.65041,-121.48935,1200 STRIKER AVENUE,SACRAMENTO,95834,118647513,Unclassified,IC ENGINES,IC ENGINE PO 21368,20100102
15701511,RAGING WIRE,RAGING WIRE DATA CENTER,541513,38.65041,-121.48935,1200 STRIKER AVENUE,SACRAMENTO,95834,100313913,Unclassified,IC ENGINES,IC ENGINE PO 15963,20100102
15701511,RAGING WIRE,RAGING WIRE DATA CENTER,541513,38.65041,-121.48935,1200 STRIKER AVENUE,SACRAMENTO,95834,118648013,Unclassified,IC ENGINES,IC ENGINE PO 21579,20100102
15701511,RAGING WIRE,RAGING WIRE DATA CENTER,541513,38.65041,-121.48935,1200 STRIKER AVENUE,SACRAMENTO,95834,118648513,Unclassified,IC ENGINES,IC ENGINE PO 22352,20100102
15701511,RAGING WIRE,RAGING WIRE DATA CENTER,541513,38.65041,-121.48935,1200 STRIKER AVENUE,SACRAMENTO,95834,118649013,Unclassified,IC ENGINES,IC ENGINE PO 22357,20100102
15701511,RAGING WIRE,RAGING WIRE DATA CENTER,541513,38.65041,-121.48935,1200 STRIKER AVENUE,SACRAMENTO,95834,118649413,Unclassified,IC ENGINES,IC ENGINE PO 22361,20100102
16066311,"DIGITAL 365, LLC","DIGITAL 365, LLC",541513,37.788483,-122.390592,365 MAIN STREET,SAN FRANCISCO,94105,100663413,Unclassified,#1 EMERGENCY GENERATOR,#1 EMERGENCY GENERATOR,20100102
16066311,"DIGITAL 365, LLC","DIGITAL 365, LLC",541513,37.788483,-122.390592,365 MAIN STREET,SAN FRANCISCO,94105,100663513,Unclassified,#2 EMERGENCY GENERATOR,#2 EMERGENCY GENERATOR,20100102
16066311,"DIGITAL 365, LLC","DIGITAL 365, LLC",541513,37.788483,-122.390592,365 MAIN STREET,SAN FRANCISCO,94105,100662713,Unclassified,#4 EMERGENCY GENERATOR,#4 EMERGENCY GENERATOR,20100102
16066311,"DIGITAL 365, LLC","DIGITAL 365, LLC",541513,37.788483,-122.390592,365 MAIN STREET,SAN FRANCISCO,94105,100662913,Unclassified,#6 EMERGENCY GENERATOR,#6 EMERGENCY GENERATOR,20100102
16066311,"DIGITAL 365, LLC","DIGITAL 365, LLC",541513,37.788483,-122.390592,365 MAIN STREET,SAN FRANCISCO,94105,100662613,Unclassified,#3 EMERGENCY GENERATOR,#3 EMERGENCY GENERATOR,20100102
16066311,"DIGITAL 365, LLC","DIGITAL 365, LLC",541513,37.788483,-122.390592,365 MAIN STREET,SAN FRANCISCO,94105,100662813,Unclassified,#5 EMERGENCY GENERATOR,#5 EMERGENCY GENERATOR,20100102
16066311,"DIGITAL 365, LLC","DIGITAL 365, LLC",541513,37.788483,-122.390592,365 MAIN STREET,SAN FRANCISCO,94105,100663113,Unclassified,#8 EMERGENCY GENERATOR,#8 EMERGENCY GENERATOR,20100102
16066311,"DIGITAL 365, LLC","DIGITAL 365, LLC",541513,37.788483,-122.390592,365 MAIN STREET,SAN FRANCISCO,94105,100663013,Unclassified,#7 EMERGENCY GENERATOR,#7 EMERGENCY GENERATOR,20100102
16066311,"DIGITAL 365, LLC","DIGITAL 365, LLC",541513,37.788483,-122.390592,365 MAIN STREET,SAN FRANCISCO,94105,100663313,Unclassified,#10 EMERGENCY GENERATOR,#10 EMERGENCY GENERATOR,20100102
16066311,"DIGITAL 365, LLC","DIGITAL 365, LLC",541513,37.788483,-122.390592,365 MAIN STREET,SAN FRANCISCO,94105,100663213,Unclassified,#9 EMERGENCY GENERATOR,#9 EMERGENCY GENERATOR,20100102
15974411,AMERICAN INTERNET SERVICES INC,AMERICAN INTERNET SERVICES INC,518210,32.829151,-117.130091,9305 LIGHTWAVE AV,SAN DIEGO,92123,118744313,Unclassified,FACILITY-WIDE PERMITTED DEVICES,ENGINES DIESEL FIRED >600 BHP,20200401
15974411,AMERICAN INTERNET SERVICES INC,AMERICAN INTERNET SERVICES INC,518210,32.829151,-117.130091,9305 LIGHTWAVE AV,SAN DIEGO,92123,118744413,Unclassified,FACILITY-WIDE PERMITTED DEVICES,ENGINES DIESEL FIRED >600 BHP,20200401
15974411,AMERICAN INTERNET SERVICES INC,AMERICAN INTERNET SERVICES INC,518210,32.829151,-117.130091,9305 LIGHTWAVE AV,SAN DIEGO,92123,118744513,Unclassified,FACILITY-WIDE PERMITTED DEVICES,ENGINES DIESEL FIRED >600 BHP,20200401
15974411,AMERICAN INTERNET SERVICES INC,AMERICAN INTERNET SERVICES INC,518210,32.829151,-117.130091,9305 LIGHTWAVE AV,SAN DIEGO,92123,118744613,Unclassified,FACILITY-WIDE PERMITTED DEVICES,ENGINES DIESEL FIRED >600 BHP,20200401
15974411,AMERICAN INTERNET SERVICES INC,AMERICAN INTERNET SERVICES INC,518210,32.829151,-117.130091,9305 LIGHTWAVE AV,SAN DIEGO,92123,118744113,Unclassified,FACILITY-WIDE PERMITTED DEVICES,ENGINES DIESEL FIRED >600 BHP,20200401
15974411,AMERICAN INTERNET SERVICES INC,AMERICAN INTERNET SERVICES INC,518210,32.829151,-117.130091,9305 LIGHTWAVE AV,SAN DIEGO,92123,118743913,Unclassified,FACILITY-WIDE PERMITTED DEVICES,ENGINES DIESEL FIRED >600 BHP,20200401
15974411,AMERICAN INTERNET SERVICES INC,AMERICAN INTERNET SERVICES INC,518210,32.829151,-117.130091,9305 LIGHTWAVE AV,SAN DIEGO,92123,118744013,Unclassified,FACILITY-WIDE PERMITTED DEVICES,ENGINES DIESEL FIRED >600 BHP,20200401
15974411,AMERICAN INTERNET SERVICES INC,AMERICAN INTERNET SERVICES INC,518210,32.829151,-117.130091,9305 LIGHTWAVE AV,SAN DIEGO,92123,118744213,Unclassified,FACILITY-WIDE PERMITTED DEVICES,ENGINES DIESEL FIRED >600 BHP,20200401
15733211,KAISER PERMANENTE WALNUT CREEK DATA CENTER,KAISER PERMANENTE WALNUT CREEK DATA CENTER,518210,37.9264,-122.018707,25 N VIA MONTE,WALNUT CREEK,94598,100586113,Unclassified,"DIESEL ENGINE, CATERPILLAR MODEL 3412, E","DIESEL ENGINE, CATERPILLAR MODEL 3412, EMERGENCY STANDBY",20100102
15733211,KAISER PERMANENTE WALNUT CREEK DATA CENTER,KAISER PERMANENTE WALNUT CREEK DATA CENTER,518210,37.9264,-122.018707,25 N VIA MONTE,WALNUT CREEK,94598,100586413,Unclassified,"DIESEL ENGINE, CATERPILLAR MODEL 3412, E","DIESEL ENGINE, CATERPILLAR MODEL 3412, EMERGENCY STANDBY",20100102
15733211,KAISER PERMANENTE WALNUT CREEK DATA CENTER,KAISER PERMANENTE WALNUT CREEK DATA CENTER,518210,37.9264,-122.018707,25 N VIA MONTE,WALNUT CREEK,94598,100586013,Unclassified,"DIESEL ENGINE, CATERPILLAR MODEL 3412, E","DIESEL ENGINE, CATERPILLAR MODEL 3412, EMERGENCY STANDBY",20100102
15733211,KAISER PERMANENTE WALNUT CREEK DATA CENTER,KAISER PERMANENTE WALNUT CREEK DATA CENTER,518210,37.9264,-122.018707,25 N VIA MONTE,WALNUT CREEK,94598,100586213,Unclassified,"DIESEL ENGINE, CATERPILLAR MODEL 3412, E","DIESEL ENGINE, CATERPILLAR MODEL 3412, EMERGENCY STANDBY",20100102
15733211,KAISER PERMANENTE WALNUT CREEK DATA CENTER,KAISER PERMANENTE WALNUT CREEK DATA CENTER,518210,37.9264,-122.018707,25 N VIA MONTE,WALNUT CREEK,94598,100586313,Unclassified,"DIESEL ENGINE, CATERPILLAR MODEL 3412, E","DIESEL ENGINE, CATERPILLAR MODEL 3412, EMERGENCY STANDBY",20100102
14129311,LEVEL 3 COMMUNICATIONS LLC,LEVEL 3 COMMUNICATIONS LLC,518210,38.019757,-121.935791,487 CANAL STREET,PITTSBURG,94565,83556313,Unclassified,EMERGENCY BACKUP GENERATOR,EMERGENCY BACKUP GENERATOR,20100102
18562311,"JAMESTOWN CONCORD TECH BLDG C/O SRP MGMT, INC","JAMESTOWN CONCORD TECH BLDG C/O SRP MGMT, INC",518210,37.971254,-122.030326,2000 CLAYTON ROAD,CONCORD,94520,133053413,Unclassified,SEP DIESEL GENERATOR NO. 6,SEP DIESEL GENERATOR NO. 6,20100102
18562311,"JAMESTOWN CONCORD TECH BLDG C/O SRP MGMT, INC","JAMESTOWN CONCORD TECH BLDG C/O SRP MGMT, INC",518210,37.971254,-122.030326,2000 CLAYTON ROAD,CONCORD,94520,133053513,Unclassified,SEP DIESEL GENERATOR NO. 7,SEP DIESEL GENERATOR NO. 7,20100102
18562311,"JAMESTOWN CONCORD TECH BLDG C/O SRP MGMT, INC","JAMESTOWN CONCORD TECH BLDG C/O SRP MGMT, INC",518210,37.971254,-122.030326,2000 CLAYTON ROAD,CONCORD,94520,133053613,Unclassified,FP D1 (EMERGENCY DIESEL FIRE PUMP),FP D1 (EMERGENCY DIESEL FIRE PUMP),20100102
18562311,"JAMESTOWN CONCORD TECH BLDG C/O SRP MGMT, INC","JAMESTOWN CONCORD TECH BLDG C/O SRP MGMT, INC",518210,37.971254,-122.030326,2000 CLAYTON ROAD,CONCORD,94520,133053713,Unclassified,BLACKSTART GENERATOR (PORTABLE STANDBY G,BLACKSTART GENERATOR (PORTABLE STANDBY GENERATOR),20100102
18562311,"JAMESTOWN CONCORD TECH BLDG C/O SRP MGMT, INC","JAMESTOWN CONCORD TECH BLDG C/O SRP MGMT, INC",518210,37.971254,-122.030326,2000 CLAYTON ROAD,CONCORD,94520,133053813,Unclassified,SEP DIESEL GENERATOR NO. 1,SEP DIESEL GENERATOR NO. 1,20100102
18562311,"JAMESTOWN CONCORD TECH BLDG C/O SRP MGMT, INC","JAMESTOWN CONCORD TECH BLDG C/O SRP MGMT, INC",518210,37.971254,-122.030326,2000 CLAYTON ROAD,CONCORD,94520,133053913,Unclassified,SEP DIESEL GENERATOR NO. 2,SEP DIESEL GENERATOR NO. 2,20100102
18562311,"JAMESTOWN CONCORD TECH BLDG C/O SRP MGMT, INC","JAMESTOWN CONCORD TECH BLDG C/O SRP MGMT, INC",518210,37.971254,-122.030326,2000 CLAYTON ROAD,CONCORD,94520,133054013,Unclassified,SEP DIESEL GENERATOR NO. 3,SEP DIESEL GENERATOR NO. 3,20100102
18562311,"JAMESTOWN CONCORD TECH BLDG C/O SRP MGMT, INC","JAMESTOWN CONCORD TECH BLDG C/O SRP MGMT, INC",518210,37.971254,-122.030326,2000 CLAYTON ROAD,CONCORD,94520,133054113,Unclassified,SEP DIESEL GENERATOR NO. 4,SEP DIESEL GENERATOR NO. 4,20100102
18562311,"JAMESTOWN CONCORD TECH BLDG C/O SRP MGMT, INC","JAMESTOWN CONCORD TECH BLDG C/O SRP MGMT, INC",518210,37.971254,-122.030326,2000 CLAYTON ROAD,CONCORD,94520,133054213,Unclassified,SEP DIESEL GENERATOR NO. 5,SEP DIESEL GENERATOR NO. 5,20100102
81411,PACIFIC BELL,PACIFIC BELL,518210,37.769,-121.96141,2600 CAMINO RAMON,SAN RAMON,94583,51935813,Unclassified,"EMERGENCY DIESEL GENERATOR, G6","EMERGENCY DIESEL GENERATOR, G6",20100102
20122411,"COMPUTER SERVICES, INC.","COMPUTER SERVICES, INC.",518210,38.587,-121.569,"970 RIVERSIDE PARKWAY, SUITE 50",WEST SACRAMENTO,95605,146195913,Unclassified,IC ENGINE,IC ENGINE,20100102
13782511,VERIZON BUSINESS - HAWDCA,VERIZON BUSINESS - HAWDCA,518210,37.648305,-122.135903,21350 CABOT BLVD,HAYWARD,94545,83795813,Unclassified,"DIESEL ENGINE, EMERGENCY STANDBY","DIESEL ENGINE, EMERGENCY STANDBY",20100102
13782511,VERIZON BUSINESS - HAWDCA,VERIZON BUSINESS - HAWDCA,518210,37.648305,-122.135903,21350 CABOT BLVD,HAYWARD,94545,83795713,Unclassified,"DIESEL ENGINE, EMERGENCY STANDBY","DIESEL ENGINE, EMERGENCY STANDBY",20100102
13782511,VERIZON BUSINESS - HAWDCA,VERIZON BUSINESS - HAWDCA,518210,37.648305,-122.135903,21350 CABOT BLVD,HAYWARD,94545,83795613,Unclassified,"DIESEL ENGINE, EMERGENCY STANDBY","DIESEL ENGINE, EMERGENCY STANDBY",20100102
13782511,VERIZON BUSINESS - HAWDCA,VERIZON BUSINESS - HAWDCA,518210,37.648305,-122.135903,21350 CABOT BLVD,HAYWARD,94545,83795913,Unclassified,"DIESEL ENGINE, EMERGENCY STANDBY","DIESEL ENGINE, EMERGENCY STANDBY",20100102
17252411,EVOCATIVE  LLC,365 DATA CENTERS,518210,37.846377,-122.294379,1400 65TH STREET,EMERYVILLE,94608,120102913,Unclassified,DIESEL GENERATOR,DIESEL GENERATOR,20100102
14287111,LEVEL 3 COMMUNICATIONS LLC,LEVEL 3 COMMUNICATIONS LLC,518210,37.804339,-122.271947,1330 BROADWAY,OAKLAND,94612,84033813,Unclassified,GENERAC DIESEL ENGINE GENERATOR SD 1825,GENERAC DIESEL ENGINE GENERATOR SD 1825,20100102
17244211,"AMAZON DATA SERVICES, INC.","AMAZON DATA SERVICES, INC.",518210,37.625457,-122.109299,26464 CORPORATE AVE,HAYWARD,94545,120048013,Unclassified,EMERGENCY STANDBY DIESEL GENERATOR SET,EMERGENCY STANDBY DIESEL GENERATOR SET,20100102
17244211,"AMAZON DATA SERVICES, INC.","AMAZON DATA SERVICES, INC.",518210,37.625457,-122.109299,26464 CORPORATE AVE,HAYWARD,94545,120048113,Unclassified,EMERGENCY STANDBY DIESEL GENERATOR SET,EMERGENCY STANDBY DIESEL GENERATOR SET,20100102
17244211,"AMAZON DATA SERVICES, INC.","AMAZON DATA SERVICES, INC.",518210,37.625457,-122.109299,26464 CORPORATE AVE,HAYWARD,94545,120048213,Unclassified,EMERGENCY STANDBY DIESEL GENERATOR SET,EMERGENCY STANDBY DIESEL GENERATOR SET,20100102
17244211,"AMAZON DATA SERVICES, INC.","AMAZON DATA SERVICES, INC.",518210,37.625457,-122.109299,26464 CORPORATE AVE,HAYWARD,94545,120048313,Unclassified,EMERGENCY STANDBY DIESEL GENERATOR SET,EMERGENCY STANDBY DIESEL GENERATOR SET,20100102
17244211,"AMAZON DATA SERVICES, INC.","AMAZON DATA SERVICES, INC.",518210,37.625457,-122.109299,26464 CORPORATE AVE,HAYWARD,94545,132855513,Unclassified,EMERGENCY STANDBY DIESEL GENERATOR SET,EMERGENCY STANDBY DIESEL GENERATOR SET,20100102
17244211,"AMAZON DATA SERVICES, INC.","AMAZON DATA SERVICES, INC.",518210,37.625457,-122.109299,26464 CORPORATE AVE,HAYWARD,94545,132855613,Unclassified,EMERGENCY STANDBY DIESEL GENERATOR SET,EMERGENCY STANDBY DIESEL GENERATOR SET,20100102
17244211,"AMAZON DATA SERVICES, INC.","AMAZON DATA SERVICES, INC.",518210,37.625457,-122.109299,26464 CORPORATE AVE,HAYWARD,94545,132855713,Unclassified,EMERGENCY STANDBY DIESEL GENERATOR SET,EMERGENCY STANDBY DIESEL GENERATOR SET,20100102
17244211,"AMAZON DATA SERVICES, INC.","AMAZON DATA SERVICES, INC.",518210,37.625457,-122.109299,26464 CORPORATE AVE,HAYWARD,94545,132855813,Unclassified,EMERGENCY STANDBY DIESEL GENERATOR SET,EMERGENCY STANDBY DIESEL GENERATOR SET,20100102
17244211,"AMAZON DATA SERVICES, INC.","AMAZON DATA SERVICES, INC.",518210,37.625457,-122.109299,26464 CORPORATE AVE,HAYWARD,94545,132855913,Unclassified,EMERGENCY STANDBY DIESEL GENERATOR SET,EMERGENCY STANDBY DIESEL GENERATOR SET,20100102
17244211,"AMAZON DATA SERVICES, INC.","AMAZON DATA SERVICES, INC.",518210,37.625457,-122.109299,26464 CORPORATE AVE,HAYWARD,94545,132856013,Unclassified,EMERGENCY STANDBY DIESEL GENERATOR SET,EMERGENCY STANDBY DIESEL GENERATOR SET,20100102
17244211,"AMAZON DATA SERVICES, INC.","AMAZON DATA SERVICES, INC.",518210,37.625457,-122.109299,26464 CORPORATE AVE,HAYWARD,94545,120048713,Unclassified,EMERGENCY STANDBY DIESEL GENERATOR SET,EMERGENCY STANDBY DIESEL GENERATOR SET,20100102
17244211,"AMAZON DATA SERVICES, INC.","AMAZON DATA SERVICES, INC.",518210,37.625457,-122.109299,26464 CORPORATE AVE,HAYWARD,94545,120048813,Unclassified,EMERGENCY STANDBY DIESEL GENERATOR SET,EMERGENCY STANDBY DIESEL GENERATOR SET,20100102
17244211,"AMAZON DATA SERVICES, INC.","AMAZON DATA SERVICES, INC.",518210,37.625457,-122.109299,26464 CORPORATE AVE,HAYWARD,94545,120047913,Unclassified,EMERGENCY STANDBY DIESEL GENERATOR SET,EMERGENCY STANDBY DIESEL GENERATOR SET,20100102
17244211,"AMAZON DATA SERVICES, INC.","AMAZON DATA SERVICES, INC.",518210,37.625457,-122.109299,26464 CORPORATE AVE,HAYWARD,94545,120048913,Unclassified,EMERGENCY STANDBY DIESEL GENERATOR SET,EMERGENCY STANDBY DIESEL GENERATOR SET,20100102
17244211,"AMAZON DATA SERVICES, INC.","AMAZON DATA SERVICES, INC.",518210,37.625457,-122.109299,26464 CORPORATE AVE,HAYWARD,94545,140639313,Unclassified,STANDBY GENERATOR DIESEL ENGINE,STANDBY GENERATOR DIESEL ENGINE,20100102
17244211,"AMAZON DATA SERVICES, INC.","AMAZON DATA SERVICES, INC.",518210,37.625457,-122.109299,26464 CORPORATE AVE,HAYWARD,94545,140639413,Unclassified,STANDBY GENERATOR DIESEL ENGINE,STANDBY GENERATOR DIESEL ENGINE,20100102
17244211,"AMAZON DATA SERVICES, INC.","AMAZON DATA SERVICES, INC.",518210,37.625457,-122.109299,26464 CORPORATE AVE,HAYWARD,94545,140639513,Unclassified,STANDBY GENERATOR DIESEL ENGINE,STANDBY GENERATOR DIESEL ENGINE,20100102
17244211,"AMAZON DATA SERVICES, INC.","AMAZON DATA SERVICES, INC.",518210,37.625457,-122.109299,26464 CORPORATE AVE,HAYWARD,94545,140639613,Unclassified,STANDBY GENERATOR DIESEL ENGINE,STANDBY GENERATOR DIESEL ENGINE,20100102
17244211,"AMAZON DATA SERVICES, INC.","AMAZON DATA SERVICES, INC.",518210,37.625457,-122.109299,26464 CORPORATE AVE,HAYWARD,94545,140639713,Unclassified,STANDBY GENERATOR DIESEL ENGINE,STANDBY GENERATOR DIESEL ENGINE,20100102
17244211,"AMAZON DATA SERVICES, INC.","AMAZON DATA SERVICES, INC.",518210,37.625457,-122.109299,26464 CORPORATE AVE,HAYWARD,94545,140639813,Unclassified,,,20100102
17244211,"AMAZON DATA SERVICES, INC.","AMAZON DATA SERVICES, INC.",518210,37.625457,-122.109299,26464 CORPORATE AVE,HAYWARD,94545,140639913,Unclassified,,,20100102
19288411,FACEBOOK INC,FACEBOOK INC,518210,37.547174,-122.068109,FREMONT CAMPUS,FREMONT,94555,140664613,Unclassified,EMERGENCY DIESEL GENERATOR ENGINE,EMERGENCY DIESEL GENERATOR ENGINE,20100102
10512911,LEVEL 3 COMMUNICATIONS INC,LEVEL 3 COMMUNICATIONS INC,518210,37.836178,-122.287556,5000 HOLLIS STREET,EMERYVILLE,94608,52486513,Unclassified,STANDBY GENERATOR SET B,STANDBY GENERATOR SET B,20100102
10512911,LEVEL 3 COMMUNICATIONS INC,LEVEL 3 COMMUNICATIONS INC,518210,37.836178,-122.287556,5000 HOLLIS STREET,EMERYVILLE,94608,52486413,Unclassified,STANDBY GENERATOR SET A,STANDBY GENERATOR SET A,20100102
10512911,LEVEL 3 COMMUNICATIONS INC,LEVEL 3 COMMUNICATIONS INC,518210,37.836178,-122.287556,5000 HOLLIS STREET,EMERYVILLE,94608,52486613,Unclassified,STANDBY GENERATOR SET C,STANDBY GENERATOR SET C,20100102
10460711,APPLE INC,APPLE INC,518210,37.506933,-122.000159,39800 EUREKA DRIVE,NEWARK,94560,83720013,Unclassified,EMERGENCY BACKUP GENERATOR 6,EMERGENCY BACKUP GENERATOR 6,20100102
10460711,APPLE INC,APPLE INC,518210,37.506933,-122.000159,39800 EUREKA DRIVE,NEWARK,94560,100757713,Unclassified,EMERGENCY STANDBY DIESEL GENERATOR SET,EMERGENCY STANDBY DIESEL GENERATOR SET,20100102
10460711,APPLE INC,APPLE INC,518210,37.506933,-122.000159,39800 EUREKA DRIVE,NEWARK,94560,83720113,Unclassified,EMERGENCY BACKUP GENERATOR 5,EMERGENCY BACKUP GENERATOR 5,20100102
10460711,APPLE INC,APPLE INC,518210,37.506933,-122.000159,39800 EUREKA DRIVE,NEWARK,94560,83720213,Unclassified,EMERGENCY BACKUP GENERATOR 4,EMERGENCY BACKUP GENERATOR 4,20100102
10460711,APPLE INC,APPLE INC,518210,37.506933,-122.000159,39800 EUREKA DRIVE,NEWARK,94560,83720413,Unclassified,EMERGENCY BACKUP GENERATOR #1,EMERGENCY BACKUP GENERATOR #1,20100102
10460711,APPLE INC,APPLE INC,518210,37.506933,-122.000159,39800 EUREKA DRIVE,NEWARK,94560,100757513,Unclassified,STATIONARY STANDBY DIESEL GENERATOR SET,STATIONARY STANDBY DIESEL GENERATOR SET,20100102
10460711,APPLE INC,APPLE INC,518210,37.506933,-122.000159,39800 EUREKA DRIVE,NEWARK,94560,100757613,Unclassified,EMERGENCY STANDBY DIESEL GENERATOR SET,EMERGENCY STANDBY DIESEL GENERATOR SET,20100102
10460711,APPLE INC,APPLE INC,518210,37.506933,-122.000159,39800 EUREKA DRIVE,NEWARK,94560,100757813,Unclassified,EMERGENCY STANDBY DIESEL GENERATOR SET,EMERGENCY STANDBY DIESEL GENERATOR SET,20100102
10460711,APPLE INC,APPLE INC,518210,37.506933,-122.000159,39800 EUREKA DRIVE,NEWARK,94560,100757913,Unclassified,EMERGENCY STANDBY DIESEL GENERATOR SET,EMERGENCY STANDBY DIESEL GENERATOR SET,20100102
10460711,APPLE INC,APPLE INC,518210,37.506933,-122.000159,39800 EUREKA DRIVE,NEWARK,94560,100758013,Unclassified,EMERGENCY STANDBY DIESEL GENERATOR SET,EMERGENCY STANDBY DIESEL GENERATOR SET,20100102
10460711,APPLE INC,APPLE INC,518210,37.506933,-122.000159,39800 EUREKA DRIVE,NEWARK,94560,100758113,Unclassified,EMERGENCY STANDBY DIESEL GENERATOR SET,EMERGENCY STANDBY DIESEL GENERATOR SET,20100102
10460711,APPLE INC,APPLE INC,518210,37.506933,-122.000159,39800 EUREKA DRIVE,NEWARK,94560,52445713,Unclassified,EMERGENCY BACKUP GENERATOR 2,EMERGENCY BACKUP GENERATOR 2,20100102
10460711,APPLE INC,APPLE INC,518210,37.506933,-122.000159,39800 EUREKA DRIVE,NEWARK,94560,83720313,Unclassified,EMERGENCY BACKUP GENERATOR 3,EMERGENCY BACKUP GENERATOR 3,20100102
10460711,APPLE INC,APPLE INC,518210,37.506933,-122.000159,39800 EUREKA DRIVE,NEWARK,94560,100757413,Unclassified,STATIONARY STANDBY DIESEL GENERATOR SET,STATIONARY STANDBY DIESEL GENERATOR SET,20100102
606811,XO COMMUNICATIONS INC,XO COMMUNICATIONS INC,518210,37.475372,-121.922065,47923 WARM SPRINGS BLVD,FREMONT,94539,83874613,Unclassified,EMERGENCY GENERATOR #2,EMERGENCY GENERATOR #2,20100102
606811,XO COMMUNICATIONS INC,XO COMMUNICATIONS INC,518210,37.475372,-121.922065,47923 WARM SPRINGS BLVD,FREMONT,94539,46105013,Unclassified,DIESEL ENGINE  EMERGENCY GENERATOR #1,DIESEL ENGINE  EMERGENCY GENERATOR #1,20100102
16014011,KAISER PERMANENTE,KAISER PERMANENTE,518210,37.699073,-121.899738,5840 OWENS DRIVE,PLEASANTON,94588,100639213,Unclassified,DIESEL ENGINE  CATERPILLAR MODEL 3512B,DIESEL ENGINE  CATERPILLAR MODEL 3512B  EMERGENCY STANDBY,20100102
16014011,KAISER PERMANENTE,KAISER PERMANENTE,518210,37.699073,-121.899738,5840 OWENS DRIVE,PLEASANTON,94588,100639113,Unclassified,DIESEL ENGINE  CATERPILLAR MODEL 3512B,DIESEL ENGINE  CATERPILLAR MODEL 3512B  EMERGENCY STANDBY,20100102
16014011,KAISER PERMANENTE,KAISER PERMANENTE,518210,37.699073,-121.899738,5840 OWENS DRIVE,PLEASANTON,94588,100639013,Unclassified,DIESEL ENGINE  CATERPILLAR MODEL 3512B,DIESEL ENGINE  CATERPILLAR MODEL 3512B  EMERGENCY STANDBY,20100102
15974511,DIGITAL 720 2ND LLC,DIGITAL 720 2ND LLC,518210,37.799099,-122.283153,720 2ND STREET,OAKLAND,94607,100616613,Unclassified,EMERGENCY STANDBY DIESEL GENERATOR SET,EMERGENCY STANDBY DIESEL GENERATOR SET,20100102
15974511,DIGITAL 720 2ND LLC,DIGITAL 720 2ND LLC,518210,37.799099,-122.283153,720 2ND STREET,OAKLAND,94607,100617113,Unclassified,EMERGENCY STANDBY DIESEL GENERATOR SET,EMERGENCY STANDBY DIESEL GENERATOR SET,20100102
15974511,DIGITAL 720 2ND LLC,DIGITAL 720 2ND LLC,518210,37.799099,-122.283153,720 2ND STREET,OAKLAND,94607,100616413,Unclassified,"EMERGENCY STANDBY GENERATOR SET,1186 BHP","EMERGENCY STANDBY GENERATOR SET,1186 BHP",20100102
15974511,DIGITAL 720 2ND LLC,DIGITAL 720 2ND LLC,518210,37.799099,-122.283153,720 2ND STREET,OAKLAND,94607,100616513,Unclassified,EMERGENCY STANDBY DIESEL GENERATOR SET,EMERGENCY STANDBY DIESEL GENERATOR SET,20100102
15974511,DIGITAL 720 2ND LLC,DIGITAL 720 2ND LLC,518210,37.799099,-122.283153,720 2ND STREET,OAKLAND,94607,100616713,Unclassified,EMERGENCY STANDBY DIESEL GENERATOR SET,EMERGENCY STANDBY DIESEL GENERATOR SET,20100102
15974511,DIGITAL 720 2ND LLC,DIGITAL 720 2ND LLC,518210,37.799099,-122.283153,720 2ND STREET,OAKLAND,94607,100616813,Unclassified,EMERGENCY STANDBY DIESEL GENERATOR SET,EMERGENCY STANDBY DIESEL GENERATOR SET,20100102
15974511,DIGITAL 720 2ND LLC,DIGITAL 720 2ND LLC,518210,37.799099,-122.283153,720 2ND STREET,OAKLAND,94607,100616913,Unclassified,EMERGENCY STANDBY DIESEL GENERATOR SET,EMERGENCY STANDBY DIESEL GENERATOR SET,20100102
15974511,DIGITAL 720 2ND LLC,DIGITAL 720 2ND LLC,518210,37.799099,-122.283153,720 2ND STREET,OAKLAND,94607,100617013,Unclassified,EMERGENCY STANDBY DIESEL GENERATOR SET,EMERGENCY STANDBY DIESEL GENERATOR SET,20100102
19267511,FACEBOOK,FACEBOOK,518210,37.554417,-122.066411,6422 COMMERCE DRIVE,FREMONT,94555,140659013,Unclassified,"EMERGENCY DIESEL GENERATOR ENGINE, 1000K","EMERGENCY DIESEL GENERATOR ENGINE, 1000KW",20100102
20106411,"GOOGLE, LLC.",GOOGLE - MENTOR DRIVE,518210,34.43226,-119.812942,301 MENTOR DRIVE,SANTA BARBARA,93111,146006413,Unclassified,EMERGENCY STANDBY GENERATOR 1,NONEMERGENCY,20300101
20106411,"GOOGLE, LLC.",GOOGLE - MENTOR DRIVE,518210,34.43226,-119.812942,301 MENTOR DRIVE,SANTA BARBARA,93111,146006513,Unclassified,EMERGENCY STANDBY GENERATOR 2,NONEMERGENCY,20300101
1560911,DAVID GRANT MEDICAL CENTER,DAVID GRANT MEDICAL CENTER,518210,38.270014,-121.963802,101 BODIN CIRCLE,TRAVIS AFB,94535,44768313,Unclassified,CLEAVER BROOKS FIRETUBE BOILER (CB200-50,CLEAVER BROOKS FIRETUBE BOILER (CB200-500-150),10500106
1560911,DAVID GRANT MEDICAL CENTER,DAVID GRANT MEDICAL CENTER,518210,38.270014,-121.963802,101 BODIN CIRCLE,TRAVIS AFB,94535,44768413,Unclassified,CLEAVER BROOKS BOILER,CLEAVER BROOKS BOILER,10500106
1560911,DAVID GRANT MEDICAL CENTER,DAVID GRANT MEDICAL CENTER,518210,38.270014,-121.963802,101 BODIN CIRCLE,TRAVIS AFB,94535,84797513,Unclassified,NO 2 FUEL OIL STORAGE TANKS - 3 EACH (SE,NO 2 FUEL OIL STORAGE TANKS - 3 EACH (SELF DIKED),40799999
1560911,DAVID GRANT MEDICAL CENTER,DAVID GRANT MEDICAL CENTER,518210,38.270014,-121.963802,101 BODIN CIRCLE,TRAVIS AFB,94535,130667813,Unclassified,STANDBY DIESEL GENERATOR #1 (BLDG 779),STANDBY DIESEL GENERATOR #1 (BLDG 779),20100102
1560911,DAVID GRANT MEDICAL CENTER,DAVID GRANT MEDICAL CENTER,518210,38.270014,-121.963802,101 BODIN CIRCLE,TRAVIS AFB,94535,130667913,Unclassified,STANDBY DIESEL GENERATOR #2,STANDBY DIESEL GENERATOR #2,20100102
1560911,DAVID GRANT MEDICAL CENTER,DAVID GRANT MEDICAL CENTER,518210,38.270014,-121.963802,101 BODIN CIRCLE,TRAVIS AFB,94535,130668013,Unclassified,STANDBY DIESEL GENERATOR #3 (BLDG. 779),STANDBY DIESEL GENERATOR #3 (BLDG. 779),20100102
1560911,DAVID GRANT MEDICAL CENTER,DAVID GRANT MEDICAL CENTER,518210,38.270014,-121.963802,101 BODIN CIRCLE,TRAVIS AFB,94535,130668113,Unclassified,STANDBY DIESEL GENERATOR #4 ( BLDG 779),STANDBY DIESEL GENERATOR #4 ( BLDG 779),20100102
1560911,DAVID GRANT MEDICAL CENTER,DAVID GRANT MEDICAL CENTER,518210,38.270014,-121.963802,101 BODIN CIRCLE,TRAVIS AFB,94535,130668213,Unclassified,STANDBY DIESEL GENERATOR #5 (BLDG 779),STANDBY DIESEL GENERATOR #5 (BLDG 779),20100102
1560911,DAVID GRANT MEDICAL CENTER,DAVID GRANT MEDICAL CENTER,518210,38.270014,-121.963802,101 BODIN CIRCLE,TRAVIS AFB,94535,130668313,Unclassified,STANDBY DIESEL GENERATOR #6 (BLDG 779),STANDBY DIESEL GENERATOR #6 (BLDG 779),20100102
2094311,PACIFIC BELL,PACIFIC BELL,518210,38.233857,-122.070347,2525 N WATNEY WAY,FAIRFIELD,94533,42243913,Unclassified,G1 1500 KW EMERGENCY GENERATOR,G1 1500 KW EMERGENCY GENERATOR,20100102
2094311,PACIFIC BELL,PACIFIC BELL,518210,38.233857,-122.070347,2525 N WATNEY WAY,FAIRFIELD,94533,42244313,Unclassified,G-4 1500 KW EMERGENCY GENERATOR,G-4 1500 KW EMERGENCY GENERATOR,20100102
2094311,PACIFIC BELL,PACIFIC BELL,518210,38.233857,-122.070347,2525 N WATNEY WAY,FAIRFIELD,94533,141292913,Unclassified,EMERGENCY DIESEL GENERATOR ENGINE,EMERGENCY DIESEL GENERATOR ENGINE,20100102
2094311,PACIFIC BELL,PACIFIC BELL,518210,38.233857,-122.070347,2525 N WATNEY WAY,FAIRFIELD,94533,141293013,Unclassified,EMERGENCY DIESEL GENERATOR ENGINE,EMERGENCY DIESEL GENERATOR ENGINE,20100102
2094311,PACIFIC BELL,PACIFIC BELL,518210,38.233857,-122.070347,2525 N WATNEY WAY,FAIRFIELD,94533,42244213,Unclassified,G-5 1500 KW EMERGENCY GENERATOR,G-5 1500 KW EMERGENCY GENERATOR,20100102
2094311,PACIFIC BELL,PACIFIC BELL,518210,38.233857,-122.070347,2525 N WATNEY WAY,FAIRFIELD,94533,118664413,Unclassified,EMERGENCY STANDBY DIESEL GENERATOR SET,EMERGENCY STANDBY DIESEL GENERATOR SET,20100102
2094311,PACIFIC BELL,PACIFIC BELL,518210,38.233857,-122.070347,2525 N WATNEY WAY,FAIRFIELD,94533,42244013,Unclassified,G2 1500 KW EMERGENCY GENERATOR,G2 1500 KW EMERGENCY GENERATOR,20100102
2094311,PACIFIC BELL,PACIFIC BELL,518210,38.233857,-122.070347,2525 N WATNEY WAY,FAIRFIELD,94533,84697613,Unclassified,FUEL OIL STORAGE TANK,FUEL OIL STORAGE TANK,40714697
2094311,PACIFIC BELL,PACIFIC BELL,518210,38.233857,-122.070347,2525 N WATNEY WAY,FAIRFIELD,94533,84697713,Unclassified,FUEL OIL STORAGE TANK,FUEL OIL STORAGE TANK,40714697
14316511,"SOMO VILLAGE COMMERCIAL, LLC","SOMO VILLAGE COMMERCIAL, LLC",518210,38.321379,-122.677073,1400 VALLEY HOUSE DRIVE,ROHNERT PARK,94928,84092013,Unclassified,BOILER - 200BHP,BOILER - 200BHP,10500106
14316511,"SOMO VILLAGE COMMERCIAL, LLC","SOMO VILLAGE COMMERCIAL, LLC",518210,38.321379,-122.677073,1400 VALLEY HOUSE DRIVE,ROHNERT PARK,94928,120333813,Unclassified,EMERGENCY STANDBY DIESEL FIRE PUMP ENGIN,EMERGENCY STANDBY DIESEL FIRE PUMP ENGINE,20300101
14316511,"SOMO VILLAGE COMMERCIAL, LLC","SOMO VILLAGE COMMERCIAL, LLC",518210,38.321379,-122.677073,1400 VALLEY HOUSE DRIVE,ROHNERT PARK,94928,84091713,Unclassified,"DIESEL ENGINE, CUMMINS MODEL NT-855-G4,","DIESEL ENGINE, CUMMINS MODEL NT-855-G4, EMERGENCY STANDBY",20100102
14316511,"SOMO VILLAGE COMMERCIAL, LLC","SOMO VILLAGE COMMERCIAL, LLC",518210,38.321379,-122.677073,1400 VALLEY HOUSE DRIVE,ROHNERT PARK,94928,84091813,Unclassified,"DIESEL ENGINE, CUMMINS MODEL NT-855-G3,","DIESEL ENGINE, CUMMINS MODEL NT-855-G3, EMERGENCY STANDBY",20100102
14316511,"SOMO VILLAGE COMMERCIAL, LLC","SOMO VILLAGE COMMERCIAL, LLC",518210,38.321379,-122.677073,1400 VALLEY HOUSE DRIVE,ROHNERT PARK,94928,84091913,Unclassified,BOILER - 100BHP,BOILER - 100BHP,10500106
19507311,GOOGLE  LLC,GOOGLE  LLC,518210,37.646011,-122.400264,180 UTAH AVE,S SAN FRAN,94080,141466613,Unclassified,EMERGENCY BACKUP DIESEL GENERATOR SET,EMERGENCY BACKUP DIESEL GENERATOR SET,20100102
19644411,RV VI 777 MARINERS  LLC,RV VI 777 MARINERS  LLC,518210,37.561855,-122.287344,777 MARINERS ISLAND BLVD,SAN MATEO,94404,141475313,Unclassified,EMERGENCY GENERATOR,EMERGENCY GENERATOR,20100102
19644411,RV VI 777 MARINERS  LLC,RV VI 777 MARINERS  LLC,518210,37.561855,-122.287344,777 MARINERS ISLAND BLVD,SAN MATEO,94404,141475413,Unclassified,BOILER,BOILER,10300603
19507511,GOOGLE INC,GOOGLE INC,518210,37.51123,-122.200601,1700 SEAPORT BOULEVARD,REDWOOD CITY,94063,141476013,Unclassified,STATIONARY STANDBY GENERATOR SET,STATIONARY STANDBY GENERATOR SET,20100102
19507411,GOOGLE INC,GOOGLE INC,518210,37.514259,-122.202344,1300 SEAPORT BOULEVARD,REDWOOD CITY,94063,141476113,Unclassified,STATIONARY STANDBY GENERATOR SET,STATIONARY STANDBY GENERATOR SET,20100102
19640111,FACEBOOK,FACEBOOK,518210,37.477034,-122.14825,1080 HAMILTON COURT,MENLO PARK,94025,141478413,Unclassified,EMERGENCY DIESEL ENGINE,EMERGENCY DIESEL ENGINE,20100102
19507611,GOOGLE LLC,GOOGLE LLC,518210,37.513293,-122.208906,1200 SEAPORT BOULEVARD,REDWOOD CITY,94063,141482713,Unclassified,STATIONARY STANDBY GENERATOR SET,STATIONARY STANDBY GENERATOR SET,20100102
18595711,GOOGLE LLC,GOOGLE LLC,518210,37.629056,-122.424478,900 CHERRY AVENUE,SAN BRUNO,94066,133163713,Unclassified,EMERGENCY STANDBY DIESEL GENERATOR SET,EMERGENCY STANDBY DIESEL GENERATOR SET,20100102
15752911,USPS SAN MATEO INFORMATION TECHNOLOGY AND ACCT SVC,USPS SAN MATEO INFORMATION TECHNOLOGY AND ACCT SVC,518210,37.536346,-122.32296,2700 CAMPUS DRIVE,SAN MATEO,94497,100760613,Unclassified,EMERGENCY STANDBY DIESEL GENERATOR SET,EMERGENCY STANDBY DIESEL GENERATOR SET,20100102
15752911,USPS SAN MATEO INFORMATION TECHNOLOGY AND ACCT SVC,USPS SAN MATEO INFORMATION TECHNOLOGY AND ACCT SVC,518210,37.536346,-122.32296,2700 CAMPUS DRIVE,SAN MATEO,94497,100760713,Unclassified,EMERGENCY STANDBY DIESEL GENERATOR SET,EMERGENCY STANDBY DIESEL GENERATOR SET,20100102
15752911,USPS SAN MATEO INFORMATION TECHNOLOGY AND ACCT SVC,USPS SAN MATEO INFORMATION TECHNOLOGY AND ACCT SVC,518210,37.536346,-122.32296,2700 CAMPUS DRIVE,SAN MATEO,94497,100760813,Unclassified,EMERGENCY STANDBY DIESEL GENERATOR SET,EMERGENCY STANDBY DIESEL GENERATOR SET,20100102
15752911,USPS SAN MATEO INFORMATION TECHNOLOGY AND ACCT SVC,USPS SAN MATEO INFORMATION TECHNOLOGY AND ACCT SVC,518210,37.536346,-122.32296,2700 CAMPUS DRIVE,SAN MATEO,94497,100760513,Unclassified,EMERGENCY STANDBY DIESEL ENGINE,EMERGENCY STANDBY DIESEL ENGINE,20100102
18199311,FACEBOOK,FACEBOOK,518210,37.479211,-122.171728,JEFFERSON DRIVE,MENLO PARK,94025,141477813,Unclassified,EMERGENCY DIESEL GENERATOR,EMERGENCY DIESEL GENERATOR,20100102
18199311,FACEBOOK,FACEBOOK,518210,37.479211,-122.171728,JEFFERSON DRIVE,MENLO PARK,94025,130607613,Unclassified,STATIONARY STANDBY GENERATOR DIESEL ENGI,STATIONARY STANDBY GENERATOR DIESEL ENGINE,20100102
16010311,"FACEBOOK, INC","FACEBOOK, INC",518210,37.48454,-122.147995,FACEBOOK CAMPUS,MENLO PARK,94025,100517213,Unclassified,STANDBY DIESEL GENERATOR SET,STANDBY DIESEL GENERATOR SET,20100102
16010311,"FACEBOOK, INC","FACEBOOK, INC",518210,37.48454,-122.147995,FACEBOOK CAMPUS,MENLO PARK,94025,141467413,Unclassified,EMERGENCY DIESEL GENERATOR ENGINE,EMERGENCY DIESEL GENERATOR ENGINE,20100102
16010311,"FACEBOOK, INC","FACEBOOK, INC",518210,37.48454,-122.147995,FACEBOOK CAMPUS,MENLO PARK,94025,141467513,Unclassified,EMERGENCY DIESEL GENERATOR ENGINE,EMERGENCY DIESEL GENERATOR ENGINE,20100102
16010311,"FACEBOOK, INC","FACEBOOK, INC",518210,37.48454,-122.147995,FACEBOOK CAMPUS,MENLO PARK,94025,130601913,Unclassified,EMERGENCY DIESEL GENERATOR SET,EMERGENCY DIESEL GENERATOR SET,20100102
16010311,"FACEBOOK, INC","FACEBOOK, INC",518210,37.48454,-122.147995,FACEBOOK CAMPUS,MENLO PARK,94025,130602013,Unclassified,EMERGENCY DIESEL GENERATOR SET,EMERGENCY DIESEL GENERATOR SET,20100102
16010311,"FACEBOOK, INC","FACEBOOK, INC",518210,37.48454,-122.147995,FACEBOOK CAMPUS,MENLO PARK,94025,130602113,Unclassified,STATIONARY STANDBY DIESEL ENGINE GENERAT,STATIONARY STANDBY DIESEL ENGINE GENERATOR,20100102
16010311,"FACEBOOK, INC","FACEBOOK, INC",518210,37.48454,-122.147995,FACEBOOK CAMPUS,MENLO PARK,94025,130602213,Unclassified,FACILITY WIDE WIPE CLEANING OPERATION,FACILITY WIDE WIPE CLEANING OPERATION,40100399
18593011,GOOGLE INC,GOOGLE INC,518210,37.510004,-122.19972,1600 SEAPORT BOULEVARD,REDWOOD CITY,94063,133160013,Unclassified,STATIONARY STANDBY DIESEL GENERATOR SET,STATIONARY STANDBY DIESEL GENERATOR SET,20100102
18595311,"ALEXANDRIA REAL ESTATE EQUITIES, INC","ALEXANDRIA REAL ESTATE EQUITIES, INC",518210,37.654014,-122.395762,249 E GRAND AVENUE,SOUTH SAN FRANCISCO,94080,133163213,Unclassified,EMERGENCY STANDBY DIESEL GENERATOR SET,EMERGENCY STANDBY DIESEL GENERATOR SET,20100102
18596811,GOOGLE LLC,GOOGLE LLC,518210,37.509557,-122.20287,1900 SEAPORT BOULEVARD,REDWOOD CITY,94063,133165813,Unclassified,DIESEL EMERGENCY STANDBY GENERATOR,DIESEL EMERGENCY STANDBY GENERATOR,20100102
18597511,GOOGLE INC,GOOGLE INC,518210,37.629897,-122.419519,999 BAYHILL DRIVE,SAN BRUNO,94066,133166813,Unclassified,EMERGENCY STANDBY DIESEL GENERATOR SET,EMERGENCY STANDBY DIESEL GENERATOR SET,20100102
18588411,STANFORD UNIVERSITY DATA CENTER,STANFORD UNIVERSITY DATA CENTER,518210,37.413248,-122.198886,2575 SAND HILL ROAD,MENLO PARK,94025,133153113,Unclassified,EMERGENCY STANDBY DIESEL GENERATOR SET,EMERGENCY STANDBY DIESEL GENERATOR SET,20100102
18588411,STANFORD UNIVERSITY DATA CENTER,STANFORD UNIVERSITY DATA CENTER,518210,37.413248,-122.198886,2575 SAND HILL ROAD,MENLO PARK,94025,133153213,Unclassified,EMERGENCY STANDBY DIESEL GENERATOR SET,EMERGENCY STANDBY DIESEL GENERATOR SET,20100102
14175311,AT&T CORPORATION,AT&T CORPORATION,518210,37.479474,-122.199469,3175 SPRING STREET,REDWOOD CITY,94063,84442013,Unclassified,EMERGENCY GENERATOR DIESEL ENGINE,EMERGENCY GENERATOR DIESEL ENGINE,20100102
14175311,AT&T CORPORATION,AT&T CORPORATION,518210,37.479474,-122.199469,3175 SPRING STREET,REDWOOD CITY,94063,84441913,Unclassified,EMERGENCY GENERATOR DIESEL ENGINE,EMERGENCY GENERATOR DIESEL ENGINE,20100102
14175311,AT&T CORPORATION,AT&T CORPORATION,518210,37.479474,-122.199469,3175 SPRING STREET,REDWOOD CITY,94063,141453213,Unclassified,EMERGENCY GENERATOR SET DIESEL ENGINE,EMERGENCY GENERATOR SET DIESEL ENGINE,20100102
14175311,AT&T CORPORATION,AT&T CORPORATION,518210,37.479474,-122.199469,3175 SPRING STREET,REDWOOD CITY,94063,141453313,Unclassified,EMERGENCY GENERATOR SET DIESEL ENGINE,EMERGENCY GENERATOR SET DIESEL ENGINE,20100102
19640211,FACEBOOK,FACEBOOK MPK61,518210,37.482662,-122.177405,150 INDEPENDENCE DR,MENLO PARK,94025,141458713,Unclassified,EMERGENCY GENERATOR,EMERGENCY GENERATOR,20100102
14175311,AT&T CORPORATION,AT&T CORPORATION,518210,37.479474,-122.199469,3175 SPRING STREET,REDWOOD CITY,94063,84441813,Unclassified,EMERGENCY GENERATOR DIESEL ENGINE,EMERGENCY GENERATOR DIESEL ENGINE,20100102
10490011,DIGITAL PATH/2X WIRELESS,DIGITAL PATH/2X WIRELESS,518210,39.802,-121.851,4065 MARAUDER STREET,CHICO,95973,52477713,Unclassified,BOOTH,SPRAY COATING,40200101
14342911,TRI COUNTIES BANK,TRI COUNTIES BANK OPERATIONS CENTER,518210,39.798215,-121.850817,890 FORTRESS ST,CHICO,95973,118625013,Unclassified,DIESEL GENERATOR,DIESEL GENERATOR,20100102
18549411,SLATER LAND,SLATER LAND DIGITAL PATH,518210,39.799221,-121.851396,275 AIRPARK BLVD CELL TOWER,CHICO,95973,132953813,Unclassified,GENSET,GENSET,20100301
19302211,TRI COUNTIES BANK,TRI COUNTIES BANK,518210,39.77222,-121.87608,63 CONSTITUTION DR,CHICO,95973,141020013,Unclassified,EMERG. DICE,EMERG. DICE,20100105
15741311,REGULUS,REGULUS,518210,38.257072,-122.27406,860 LATOUR COURT,NAPA,94558,100667713,Unclassified,EMERGENCY STANDBY DIESEL GENERATOR SET,EMERGENCY STANDBY DIESEL GENERATOR SET,20100102
13803911,KAISER PERMANENTE,KAISER PERMANENTE,518210,38.25386,-122.275668,2600 NAPA VALLY CRPRT DR,NAPA,94558,84065213,Unclassified,EMERGENCY STANDBY DIESEL GENERATOR SET #,EMERGENCY STANDBY DIESEL GENERATOR SET #3,20100102
13803911,KAISER PERMANENTE,KAISER PERMANENTE,518210,38.25386,-122.275668,2600 NAPA VALLY CRPRT DR,NAPA,94558,84065313,Unclassified,EMERGENCY STANDBY DIESEL GENERATOR SET #,EMERGENCY STANDBY DIESEL GENERATOR SET #1,20100102
13803911,KAISER PERMANENTE,KAISER PERMANENTE,518210,38.25386,-122.275668,2600 NAPA VALLY CRPRT DR,NAPA,94558,84065113,Unclassified,EMERGENCY STANDBY DIESEL GENERATOR SET #,EMERGENCY STANDBY DIESEL GENERATOR SET #5,20100102
13803911,KAISER PERMANENTE,KAISER PERMANENTE,518210,38.25386,-122.275668,2600 NAPA VALLY CRPRT DR,NAPA,94558,120165313,Unclassified,EMERGENCY STANDBY DIESEL GENERATOR SET,EMERGENCY STANDBY DIESEL GENERATOR SET,20100102
13803911,KAISER PERMANENTE,KAISER PERMANENTE,518210,38.25386,-122.275668,2600 NAPA VALLY CRPRT DR,NAPA,94558,120165413,Unclassified,EMERGENCY STANDBY DIESEL GENERATOR SET,EMERGENCY STANDBY DIESEL GENERATOR SET,20100102
13803911,KAISER PERMANENTE,KAISER PERMANENTE,518210,38.25386,-122.275668,2600 NAPA VALLY CRPRT DR,NAPA,94558,120165513,Unclassified,EMERGENCY STANDBY DIESEL GENERATOR SET,EMERGENCY STANDBY DIESEL GENERATOR SET,20100102
13803911,KAISER PERMANENTE,KAISER PERMANENTE,518210,38.25386,-122.275668,2600 NAPA VALLY CRPRT DR,NAPA,94558,120165613,Unclassified,EMERGENCY STANDBY DIESEL GENERATOR SET,EMERGENCY STANDBY DIESEL GENERATOR SET,20100102
13803911,KAISER PERMANENTE,KAISER PERMANENTE,518210,38.25386,-122.275668,2600 NAPA VALLY CRPRT DR,NAPA,94558,120165113,Unclassified,EMERGENCY STANDBY DIESEL GENERATOR SET,EMERGENCY STANDBY DIESEL GENERATOR SET,20100102
13803911,KAISER PERMANENTE,KAISER PERMANENTE,518210,38.25386,-122.275668,2600 NAPA VALLY CRPRT DR,NAPA,94558,120165213,Unclassified,EMERGENCY STANDBY DIESEL GENERATOR SET,EMERGENCY STANDBY DIESEL GENERATOR SET,20100102
13803911,KAISER PERMANENTE,KAISER PERMANENTE,518210,38.25386,-122.275668,2600 NAPA VALLY CRPRT DR,NAPA,94558,100594413,Unclassified,EMERGENCY STANDBY DIESEL GENERATOR,EMERGENCY STANDBY DIESEL GENERATOR,20100102
13803911,KAISER PERMANENTE,KAISER PERMANENTE,518210,38.25386,-122.275668,2600 NAPA VALLY CRPRT DR,NAPA,94558,100594513,Unclassified,EMERGENCY STANDBY DIESEL GENERATOR,EMERGENCY STANDBY DIESEL GENERATOR,20100102
9854911,"ARCADIS US, INC",CHARTER COMMUNICATIONS,518210,37.498787,-120.876008,733 N WALNUT AVE,TURLOCK,95380,57759613,Unclassified,380 BHP EMERGENCY IC ENGINE - DIESEL,380 BHP IC ENGINE - EMERGENCY USE - DIESEL,20200102
9868111,"ECONTACTLIVE, INC.","ECONTACTLIVE, INC.",518210,37.733662,-120.958526,6436 OAKDALE RD,RIVERBANK,95367,57730113,Unclassified,947 BHP EMERGENCY IC ENGINE - DIESEL,947 BHP IC ENGINE -EMERGENCY USE - DIESEL,20300101
9999311,"FUJITSU TECHNOLOGY AND BUSINESS OF AMERICA, INC","FUJITSU TECHNOLOGY AND BUSINESS OF AMERICA, INC",518210,37.378501,-121.998015,SUNNYVALE CAMPUS,SUNNYVALE,94088,84285713,Unclassified,"DIESEL ENGINE, CUMMINS MODEL KTA50-G9, E","DIESEL ENGINE, CUMMINS MODEL KTA50-G9, EMERGENCY STANDBY",20100102
9999311,"FUJITSU TECHNOLOGY AND BUSINESS OF AMERICA, INC","FUJITSU TECHNOLOGY AND BUSINESS OF AMERICA, INC",518210,37.378501,-121.998015,SUNNYVALE CAMPUS,SUNNYVALE,94088,84285413,Unclassified,"DIESEL ENGINE, DETROIT DIESEL MODEL 1034","DIESEL ENGINE, DETROIT DIESEL MODEL 10347110, EMERGENCY DIES",20100102
9999311,"FUJITSU TECHNOLOGY AND BUSINESS OF AMERICA, INC","FUJITSU TECHNOLOGY AND BUSINESS OF AMERICA, INC",518210,37.378501,-121.998015,SUNNYVALE CAMPUS,SUNNYVALE,94088,84285213,Unclassified,NATURAL GAS ENGINE,NATURAL GAS ENGINE,20100202
9999311,"FUJITSU TECHNOLOGY AND BUSINESS OF AMERICA, INC","FUJITSU TECHNOLOGY AND BUSINESS OF AMERICA, INC",518210,37.378501,-121.998015,SUNNYVALE CAMPUS,SUNNYVALE,94088,84285113,Unclassified,NATURAL GAS ENGINE,NATURAL GAS ENGINE,20100202
9999311,"FUJITSU TECHNOLOGY AND BUSINESS OF AMERICA, INC","FUJITSU TECHNOLOGY AND BUSINESS OF AMERICA, INC",518210,37.378501,-121.998015,SUNNYVALE CAMPUS,SUNNYVALE,94088,84285313,Unclassified,"DIESEL ENGINE, CUMMINS MODEL 4BT3.9-G2,","DIESEL ENGINE, CUMMINS MODEL 4BT3.9-G2, EMERGENCY STANDBY",20100102
9999311,"FUJITSU TECHNOLOGY AND BUSINESS OF AMERICA, INC","FUJITSU TECHNOLOGY AND BUSINESS OF AMERICA, INC",518210,37.378501,-121.998015,SUNNYVALE CAMPUS,SUNNYVALE,94088,84285513,Unclassified,"DIESEL ENGINE, WHITE MODEL D4800T, EMERG","DIESEL ENGINE, WHITE MODEL D4800T, EMERGENCY STANDBY",20100102
9999311,"FUJITSU TECHNOLOGY AND BUSINESS OF AMERICA, INC","FUJITSU TECHNOLOGY AND BUSINESS OF AMERICA, INC",518210,37.378501,-121.998015,SUNNYVALE CAMPUS,SUNNYVALE,94088,141284213,Unclassified,EMERGENCY STANDBY GENERATOR DIESEL ENGIN,EMERGENCY STANDBY GENERATOR DIESEL ENGINE,20100102
15968711,CORESITE,CORESITE,518210,37.334385,-121.891421,55 SO MARKET STREET,SAN JOSE,95113,100769513,Unclassified,"DIESEL ENGINE, CATERPILLAR MODEL 3508 SR","DIESEL ENGINE, CATERPILLAR MODEL 3508 SR4B, EMERGENCY STANDB",20100102
15968711,CORESITE,CORESITE,518210,37.334385,-121.891421,55 SO MARKET STREET,SAN JOSE,95113,100769813,Unclassified,DIESEL POWERED STANDBY GENERATOR 2122KW,DIESEL POWERED STANDBY GENERATOR 2122KW,20100102
15968711,CORESITE,CORESITE,518210,37.334385,-121.891421,55 SO MARKET STREET,SAN JOSE,95113,100769413,Unclassified,EMERGENCY STANDBY GENERATOR,EMERGENCY STANDBY GENERATOR,20100102
15968711,CORESITE,CORESITE,518210,37.334385,-121.891421,55 SO MARKET STREET,SAN JOSE,95113,100769713,Unclassified,"DIESEL ENGINE, CATERPILLAR MODEL 3412 SR","DIESEL ENGINE, CATERPILLAR MODEL 3412 SR4, EMERGENCY STANDBY",20100102
15968711,CORESITE,CORESITE,518210,37.334385,-121.891421,55 SO MARKET STREET,SAN JOSE,95113,100769913,Unclassified,STANDBY GENERATOR #1,STANDBY GENERATOR #1,20100102
19650011,"CYXTERA COMMUNICATIONS, LLC","CYXTERA COMMUNICATIONS, LLC",518210,37.37595,-121.956238,1500 SPACE PARK DRIVE,SANTA CLARA,95054,141548713,Unclassified,EMERGENCY DIESEL GENERATOR SET,EMERGENCY DIESEL GENERATOR SET,20100102
19650011,"CYXTERA COMMUNICATIONS, LLC","CYXTERA COMMUNICATIONS, LLC",518210,37.37595,-121.956238,1500 SPACE PARK DRIVE,SANTA CLARA,95054,141548813,Unclassified,EMERGENCY DIESEL GENERATOR SET,EMERGENCY DIESEL GENERATOR SET,20100102
19650011,"CYXTERA COMMUNICATIONS, LLC","CYXTERA COMMUNICATIONS, LLC",518210,37.37595,-121.956238,1500 SPACE PARK DRIVE,SANTA CLARA,95054,141548913,Unclassified,EMERGENCY DIESEL GENERATOR SET,EMERGENCY DIESEL GENERATOR SET,20100102
19650011,"CYXTERA COMMUNICATIONS, LLC","CYXTERA COMMUNICATIONS, LLC",518210,37.37595,-121.956238,1500 SPACE PARK DRIVE,SANTA CLARA,95054,141549013,Unclassified,EMERGENCY DIESEL GENERATOR SET,EMERGENCY DIESEL GENERATOR SET,20100102
19650011,"CYXTERA COMMUNICATIONS, LLC","CYXTERA COMMUNICATIONS, LLC",518210,37.37595,-121.956238,1500 SPACE PARK DRIVE,SANTA CLARA,95054,141549113,Unclassified,EMERGENCY DIESEL GENERATOR SET,EMERGENCY DIESEL GENERATOR SET,20100102
19364011,GOOGLE LLC,GOOGLE LLC,518210,37.427986,-121.965758,5093 DISK DR,SAN JOSE,95134,141515513,Unclassified,EMERGENCY STANDBY DIESEL GENERATOR SET,EMERGENCY STANDBY DIESEL GENERATOR SET,20100102
19508011,GOOGLE LLC,GOOGLE LLC,518210,37.406134,-122.065602,750 MOFFETT BLVD,MOUNTAIN VIEW,94043,141515813,Unclassified,EMERGENCY STANDBY DIESEL GENERATOR SET,EMERGENCY STANDBY DIESEL GENERATOR SET,20100102
19660611,VERINT,VERINT,518210,37.370249,-121.973052,2550 WALSH AVENUE,SANTA CLARA,95051,141528913,Unclassified,EMERGENCY STANDBY DIESEL GENERATOR SET,EMERGENCY STANDBY DIESEL GENERATOR SET,20100102
19662311,"ZAYO GROUP, LLC","ZAYO GROUP, LLC",518210,37.407382,-121.965885,5101 LAFAYETTE STREET,SANTA CLARA,95054,141554113,Unclassified,,,20100102
19662311,"ZAYO GROUP, LLC","ZAYO GROUP, LLC",518210,37.407382,-121.965885,5101 LAFAYETTE STREET,SANTA CLARA,95054,141554213,Unclassified,,,20100102
19662311,"ZAYO GROUP, LLC","ZAYO GROUP, LLC",518210,37.407382,-121.965885,5101 LAFAYETTE STREET,SANTA CLARA,95054,141554313,Unclassified,,,20100102
14179811,CISCO SYSTEMS,CISCO SYSTEMS,518210,37.3879,-122.05819,364 FERGUSON DRIVE,MOUNTAIN VIEW,94043,84481013,Unclassified,STANDBY DIESEL GENERATOR SET #1 S/N 6WN0,STANDBY DIESEL GENERATOR SET #1 S/N 6WN00622,20100102
14179811,CISCO SYSTEMS,CISCO SYSTEMS,518210,37.3879,-122.05819,364 FERGUSON DRIVE,MOUNTAIN VIEW,94043,84480813,Unclassified,STANDBY DIESEL GENERATOR SET #3 S/N 6WN0,STANDBY DIESEL GENERATOR SET #3 S/N 6WN00621,20100102
14179811,CISCO SYSTEMS,CISCO SYSTEMS,518210,37.3879,-122.05819,364 FERGUSON DRIVE,MOUNTAIN VIEW,94043,84480713,Unclassified,STANDBY DIESEL GENERATOR SET #4 S/N 6WN0,STANDBY DIESEL GENERATOR SET #4 S/N 6WN00678,20100102
14179811,CISCO SYSTEMS,CISCO SYSTEMS,518210,37.3879,-122.05819,364 FERGUSON DRIVE,MOUNTAIN VIEW,94043,84480913,Unclassified,STANDBY DIESEL GENERATOR SET #2 S/N 6WN0,STANDBY DIESEL GENERATOR SET #2 S/N 6WN00620,20100102
14179811,CISCO SYSTEMS,CISCO SYSTEMS,518210,37.3879,-122.05819,364 FERGUSON DRIVE,MOUNTAIN VIEW,94043,100429513,Unclassified,DIESEL STANDBY GENERATOR,DIESEL STANDBY GENERATOR,20100102
14179811,CISCO SYSTEMS,CISCO SYSTEMS,518210,37.3879,-122.05819,364 FERGUSON DRIVE,MOUNTAIN VIEW,94043,100429413,Unclassified,DIESEL STANDBY GENERATOR,DIESEL STANDBY GENERATOR,20100102
15709911,CORESITE REAL ESTATE,CORESITE REAL ESTATE,518210,37.373493,-121.971112,CORONADO DR & STENDER WAY,SANTA CLARA,95054,120262113,Unclassified,"SV4 GEN 5, EMERGENCY DIESEL GENERATOR EN","SV4 GEN 5, EMERGENCY DIESEL GENERATOR ENGINE",20100102
15709911,CORESITE REAL ESTATE,CORESITE REAL ESTATE,518210,37.373493,-121.971112,CORONADO DR & STENDER WAY,SANTA CLARA,95054,100368013,Unclassified,"SV3 GEN 1, EMERGENCY DIESEL GENERATOR EN","SV3 GEN 1, EMERGENCY DIESEL GENERATOR ENGINE",20100102
15709911,CORESITE REAL ESTATE,CORESITE REAL ESTATE,518210,37.373493,-121.971112,CORONADO DR & STENDER WAY,SANTA CLARA,95054,120262213,Unclassified,"SV4 GEN 6, EMERGENCY DIESEL GENERATOR EN","SV4 GEN 6, EMERGENCY DIESEL GENERATOR ENGINE",20100102
15709911,CORESITE REAL ESTATE,CORESITE REAL ESTATE,518210,37.373493,-121.971112,CORONADO DR & STENDER WAY,SANTA CLARA,95054,100368113,Unclassified,"SV3 GEN 2, EMERGENCY DIESEL GENERATOR EN","SV3 GEN 2, EMERGENCY DIESEL GENERATOR ENGINE",20100102
15709911,CORESITE REAL ESTATE,CORESITE REAL ESTATE,518210,37.373493,-121.971112,CORONADO DR & STENDER WAY,SANTA CLARA,95054,100368413,Unclassified,"SV3 GEN 5, EMERGENCY DIESEL GENERATOR EN","SV3 GEN 5, EMERGENCY DIESEL GENERATOR ENGINE",20100102
15709911,CORESITE REAL ESTATE,CORESITE REAL ESTATE,518210,37.373493,-121.971112,CORONADO DR & STENDER WAY,SANTA CLARA,95054,120262413,Unclassified,"SV4 GEN 2, EMERGENCY DIESEL GENERATOR EN","SV4 GEN 2, EMERGENCY DIESEL GENERATOR ENGINE",20100102
15709911,CORESITE REAL ESTATE,CORESITE REAL ESTATE,518210,37.373493,-121.971112,CORONADO DR & STENDER WAY,SANTA CLARA,95054,120262613,Unclassified,"SV4 GEN 4, EMERGENCY DIESEL GENERATOR EN","SV4 GEN 4, EMERGENCY DIESEL GENERATOR ENGINE",20100102
15709911,CORESITE REAL ESTATE,CORESITE REAL ESTATE,518210,37.373493,-121.971112,CORONADO DR & STENDER WAY,SANTA CLARA,95054,100368213,Unclassified,"SV3 GEN 3, EMERGENCY DIESEL GENERATOR EN","SV3 GEN 3, EMERGENCY DIESEL GENERATOR ENGINE",20100102
15709911,CORESITE REAL ESTATE,CORESITE REAL ESTATE,518210,37.373493,-121.971112,CORONADO DR & STENDER WAY,SANTA CLARA,95054,100368313,Unclassified,"SV3 GEN 4, EMERGENCY DIESEL GENERATOR EN","SV3 GEN 4, EMERGENCY DIESEL GENERATOR ENGINE",20100102
15709911,CORESITE REAL ESTATE,CORESITE REAL ESTATE,518210,37.373493,-121.971112,CORONADO DR & STENDER WAY,SANTA CLARA,95054,120262313,Unclassified,"SV4 GEN 1, EMERGENCY DIESEL GENERATOR EN","SV4 GEN 1, EMERGENCY DIESEL GENERATOR ENGINE",20100102
15709911,CORESITE REAL ESTATE,CORESITE REAL ESTATE,518210,37.373493,-121.971112,CORONADO DR & STENDER WAY,SANTA CLARA,95054,120262513,Unclassified,"SV4 GEN 3, EMERGENCY DIESEL GENERATOR EN","SV4 GEN 3, EMERGENCY DIESEL GENERATOR ENGINE",20100102
15709911,CORESITE REAL ESTATE,CORESITE REAL ESTATE,518210,37.373493,-121.971112,CORONADO DR & STENDER WAY,SANTA CLARA,95054,130646213,Unclassified,EMERGENCY DIESEL GENERATOR ENGINE,EMERGENCY DIESEL GENERATOR ENGINE,20100102
15709911,CORESITE REAL ESTATE,CORESITE REAL ESTATE,518210,37.373493,-121.971112,CORONADO DR & STENDER WAY,SANTA CLARA,95054,130646313,Unclassified,EMERGENCY DIESEL GENERATOR ENGINE,EMERGENCY DIESEL GENERATOR ENGINE,20100102
15709911,CORESITE REAL ESTATE,CORESITE REAL ESTATE,518210,37.373493,-121.971112,CORONADO DR & STENDER WAY,SANTA CLARA,95054,130646413,Unclassified,EMERGENCY DIESEL GENERATOR ENGINE,EMERGENCY DIESEL GENERATOR ENGINE,20100102
15709911,CORESITE REAL ESTATE,CORESITE REAL ESTATE,518210,37.373493,-121.971112,CORONADO DR & STENDER WAY,SANTA CLARA,95054,130646513,Unclassified,EMERGENCY DIESEL GENERATOR ENGINE,EMERGENCY DIESEL GENERATOR ENGINE,20100102
15709911,CORESITE REAL ESTATE,CORESITE REAL ESTATE,518210,37.373493,-121.971112,CORONADO DR & STENDER WAY,SANTA CLARA,95054,130646613,Unclassified,EMERGENCY DIESEL GENERATOR ENGINE,EMERGENCY DIESEL GENERATOR ENGINE,20100102
15709911,CORESITE REAL ESTATE,CORESITE REAL ESTATE,518210,37.373493,-121.971112,CORONADO DR & STENDER WAY,SANTA CLARA,95054,130646713,Unclassified,EMERGENCY DIESEL GENERATOR ENGINE,EMERGENCY DIESEL GENERATOR ENGINE,20100102
15709911,CORESITE REAL ESTATE,CORESITE REAL ESTATE,518210,37.373493,-121.971112,CORONADO DR & STENDER WAY,SANTA CLARA,95054,130646813,Unclassified,EMERGENCY DIESEL GENERATOR ENGINE,EMERGENCY DIESEL GENERATOR ENGINE,20100102
15709911,CORESITE REAL ESTATE,CORESITE REAL ESTATE,518210,37.373493,-121.971112,CORONADO DR & STENDER WAY,SANTA CLARA,95054,130646913,Unclassified,EMERGENCY DIESEL GENERATOR ENGINE,EMERGENCY DIESEL GENERATOR ENGINE,20100102
15709911,CORESITE REAL ESTATE,CORESITE REAL ESTATE,518210,37.373493,-121.971112,CORONADO DR & STENDER WAY,SANTA CLARA,95054,130647013,Unclassified,EMERGENCY DIESEL GENERATOR ENGINE,EMERGENCY DIESEL GENERATOR ENGINE,20100102
15709911,CORESITE REAL ESTATE,CORESITE REAL ESTATE,518210,37.373493,-121.971112,CORONADO DR & STENDER WAY,SANTA CLARA,95054,130647113,Unclassified,EMERGENCY DIESEL GENERATOR ENGINE,EMERGENCY DIESEL GENERATOR ENGINE,20100102
15974311,1525 COMSTOCK  C/O DIGITAL REALTY TRUST,1525 COMSTOCK C/O DIGITAL REALTY TRUST,518210,37.373625,-121.955344,1525 COMSTOCK DRIVE,SANTA CLARA,95054,100753513,Unclassified,STATIONARY STANDBY DIESEL GENERATOR SET,STATIONARY STANDBY DIESEL GENERATOR SET,20100102
15974311,1525 COMSTOCK  C/O DIGITAL REALTY TRUST,1525 COMSTOCK C/O DIGITAL REALTY TRUST,518210,37.373625,-121.955344,1525 COMSTOCK DRIVE,SANTA CLARA,95054,100753613,Unclassified,STATIONARY STANDBY DIESEL GENERATOR SET,STATIONARY STANDBY DIESEL GENERATOR SET,20100102
15974311,1525 COMSTOCK  C/O DIGITAL REALTY TRUST,1525 COMSTOCK C/O DIGITAL REALTY TRUST,518210,37.373625,-121.955344,1525 COMSTOCK DRIVE,SANTA CLARA,95054,100753813,Unclassified,STATIONARY STANDBY DIESEL GENERATOR SET,STATIONARY STANDBY DIESEL GENERATOR SET,20100102
15974311,1525 COMSTOCK  C/O DIGITAL REALTY TRUST,1525 COMSTOCK C/O DIGITAL REALTY TRUST,518210,37.373625,-121.955344,1525 COMSTOCK DRIVE,SANTA CLARA,95054,100753913,Unclassified,STATIONARY STANDBY DIESEL GENERATOR SET,STATIONARY STANDBY DIESEL GENERATOR SET,20100102
15974311,1525 COMSTOCK  C/O DIGITAL REALTY TRUST,1525 COMSTOCK C/O DIGITAL REALTY TRUST,518210,37.373625,-121.955344,1525 COMSTOCK DRIVE,SANTA CLARA,95054,100754013,Unclassified,STATIONARY STANDBY DIESEL GENERATOR SET,STATIONARY STANDBY DIESEL GENERATOR SET,20100102
15974311,1525 COMSTOCK  C/O DIGITAL REALTY TRUST,1525 COMSTOCK C/O DIGITAL REALTY TRUST,518210,37.373625,-121.955344,1525 COMSTOCK DRIVE,SANTA CLARA,95054,100753713,Unclassified,STATIONARY STANDBY DIESEL GENERATOR SET,STATIONARY STANDBY DIESEL GENERATOR SET,20100102
13778311,MICROSOFT CORPORATION,MICROSOFT CORPORATION,518210,37.360724,-121.948872,2045 LAFAYETTE STREET,SANTA CLARA,95050,83733013,Unclassified,"EMERGENCY GENSET, DIESEL, 2935 HP, BY2 H","EMERGENCY GENSET, DIESEL, 2935 HP, BY2 HITEC R12",20100102
13778311,MICROSOFT CORPORATION,MICROSOFT CORPORATION,518210,37.360724,-121.948872,2045 LAFAYETTE STREET,SANTA CLARA,95050,83733713,Unclassified,"EMERGENCY GENSET, DIESEL, 2935 HP, BY1 H","EMERGENCY GENSET, DIESEL, 2935 HP, BY1 HITEC P5",20100102
13778311,MICROSOFT CORPORATION,MICROSOFT CORPORATION,518210,37.360724,-121.948872,2045 LAFAYETTE STREET,SANTA CLARA,95050,83733813,Unclassified,"EMERGENCY GENSET, DIESEL, 2935 HP, BY1 H","EMERGENCY GENSET, DIESEL, 2935 HP, BY1 HITEC P4",20100102
13778311,MICROSOFT CORPORATION,MICROSOFT CORPORATION,518210,37.360724,-121.948872,2045 LAFAYETTE STREET,SANTA CLARA,95050,83734013,Unclassified,"EMERGENCY GENSET, DIESEL, 2935 HP, BY1 H","EMERGENCY GENSET, DIESEL, 2935 HP, BY1 HITEC P2",20100102
13778311,MICROSOFT CORPORATION,MICROSOFT CORPORATION,518210,37.360724,-121.948872,2045 LAFAYETTE STREET,SANTA CLARA,95050,83734113,Unclassified,"EMERGENCY GENSET, DIESEL, 2935 HP, BY1 H","EMERGENCY GENSET, DIESEL, 2935 HP, BY1 HITEC P1",20100102
13778311,MICROSOFT CORPORATION,MICROSOFT CORPORATION,518210,37.360724,-121.948872,2045 LAFAYETTE STREET,SANTA CLARA,95050,83734213,Unclassified,"EMERGENCY GENSET, DIESEL, 2935 HP, BY1 H","EMERGENCY GENSET, DIESEL, 2935 HP, BY1 HITEC R12",20100102
13778311,MICROSOFT CORPORATION,MICROSOFT CORPORATION,518210,37.360724,-121.948872,2045 LAFAYETTE STREET,SANTA CLARA,95050,83734513,Unclassified,"EMERGENCY GENSET, DIESEL, 2935 HP, BY2 H","EMERGENCY GENSET, DIESEL, 2935 HP, BY2 HITEC R21",20100102
13778311,MICROSOFT CORPORATION,MICROSOFT CORPORATION,518210,37.360724,-121.948872,2045 LAFAYETTE STREET,SANTA CLARA,95050,83733313,Unclassified,"EMERGENCY GENSET, DIESEL, 2935 HP, BY1 H","EMERGENCY GENSET, DIESEL, 2935 HP, BY1 HITEC R21",20100102
13778311,MICROSOFT CORPORATION,MICROSOFT CORPORATION,518210,37.360724,-121.948872,2045 LAFAYETTE STREET,SANTA CLARA,95050,83734713,Unclassified,"EMERGENCY GENSET, DIESEL, 2935 HP, BY2 H","EMERGENCY GENSET, DIESEL, 2935 HP, BY2 HITEC P7",20100102
13778311,MICROSOFT CORPORATION,MICROSOFT CORPORATION,518210,37.360724,-121.948872,2045 LAFAYETTE STREET,SANTA CLARA,95050,83732813,Unclassified,"EMERGENCY GENSET, DIESEL, 2935 HP, BY2 H","EMERGENCY GENSET, DIESEL, 2935 HP, BY2 HITEC P2",20100102
13778311,MICROSOFT CORPORATION,MICROSOFT CORPORATION,518210,37.360724,-121.948872,2045 LAFAYETTE STREET,SANTA CLARA,95050,83734313,Unclassified,"EMERGENCY GENSET, DIESEL, 2935 HP, BY1 H","EMERGENCY GENSET, DIESEL, 2935 HP, BY1 HITEC R11",20100102
13778311,MICROSOFT CORPORATION,MICROSOFT CORPORATION,518210,37.360724,-121.948872,2045 LAFAYETTE STREET,SANTA CLARA,95050,83733413,Unclassified,"EMERGENCY GENSET, DIESEL, 2935 HP, BY1 H","EMERGENCY GENSET, DIESEL, 2935 HP, BY1 HITEC P8",20100102
13778311,MICROSOFT CORPORATION,MICROSOFT CORPORATION,518210,37.360724,-121.948872,2045 LAFAYETTE STREET,SANTA CLARA,95050,83733213,Unclassified,"EMERGENCY GENSET, DIESEL, 2935 HP, BY1 H","EMERGENCY GENSET, DIESEL, 2935 HP, BY1 HITEC R22",20100102
13778311,MICROSOFT CORPORATION,MICROSOFT CORPORATION,518210,37.360724,-121.948872,2045 LAFAYETTE STREET,SANTA CLARA,95050,83733113,Unclassified,"EMERGENCY GENSET, DIESEL, 2935 HP, BY2 H","EMERGENCY GENSET, DIESEL, 2935 HP, BY2 HITEC R11",20100102
13778311,MICROSOFT CORPORATION,MICROSOFT CORPORATION,518210,37.360724,-121.948872,2045 LAFAYETTE STREET,SANTA CLARA,95050,83732913,Unclassified,"EMERGENCY GENSET, DIESEL, 2935 HP, BY2 H","EMERGENCY GENSET, DIESEL, 2935 HP, BY2 HITEC P1",20100102
13778311,MICROSOFT CORPORATION,MICROSOFT CORPORATION,518210,37.360724,-121.948872,2045 LAFAYETTE STREET,SANTA CLARA,95050,83732713,Unclassified,"EMERGENCY GENSET, DIESEL, 2935 HP, BY2 H","EMERGENCY GENSET, DIESEL, 2935 HP, BY2 HITEC P3",20100102
13778311,MICROSOFT CORPORATION,MICROSOFT CORPORATION,518210,37.360724,-121.948872,2045 LAFAYETTE STREET,SANTA CLARA,95050,83732613,Unclassified,"EMERGENCY GENSET, DIESEL, 2935 HP, BY2 H","EMERGENCY GENSET, DIESEL, 2935 HP, BY2 HITEC P4",20100102
13778311,MICROSOFT CORPORATION,MICROSOFT CORPORATION,518210,37.360724,-121.948872,2045 LAFAYETTE STREET,SANTA CLARA,95050,83734913,Unclassified,"EMERGENCY GENSET, DIESEL, 2935 HP, BY2 H","EMERGENCY GENSET, DIESEL, 2935 HP, BY2 HITEC P5",20100102
13778311,MICROSOFT CORPORATION,MICROSOFT CORPORATION,518210,37.360724,-121.948872,2045 LAFAYETTE STREET,SANTA CLARA,95050,83734813,Unclassified,"EMERGENCY GENSET, DIESEL, 2935 HP, BY2 H","EMERGENCY GENSET, DIESEL, 2935 HP, BY2 HITEC P6",20100102
13778311,MICROSOFT CORPORATION,MICROSOFT CORPORATION,518210,37.360724,-121.948872,2045 LAFAYETTE STREET,SANTA CLARA,95050,83734613,Unclassified,"EMERGENCY GENSET, DIESEL, 2935 HP, BY2 H","EMERGENCY GENSET, DIESEL, 2935 HP, BY2 HITEC P8",20100102
13778311,MICROSOFT CORPORATION,MICROSOFT CORPORATION,518210,37.360724,-121.948872,2045 LAFAYETTE STREET,SANTA CLARA,95050,83734413,Unclassified,"EMERGENCY GENSET, DIESEL, 2935 HP, BY2 H","EMERGENCY GENSET, DIESEL, 2935 HP, BY2 HITEC R22",20100102
13778311,MICROSOFT CORPORATION,MICROSOFT CORPORATION,518210,37.360724,-121.948872,2045 LAFAYETTE STREET,SANTA CLARA,95050,83733913,Unclassified,"EMERGENCY GENSET, DIESEL, 2935 HP, BY1 H","EMERGENCY GENSET, DIESEL, 2935 HP, BY1 HITEC P3",20100102
13778311,MICROSOFT CORPORATION,MICROSOFT CORPORATION,518210,37.360724,-121.948872,2045 LAFAYETTE STREET,SANTA CLARA,95050,83733613,Unclassified,"EMERGENCY GENSET, DIESEL, 2935 HP, BY1 H","EMERGENCY GENSET, DIESEL, 2935 HP, BY1 HITEC P6",20100102
13778311,MICROSOFT CORPORATION,MICROSOFT CORPORATION,518210,37.360724,-121.948872,2045 LAFAYETTE STREET,SANTA CLARA,95050,83733513,Unclassified,"EMERGENCY GENSET, DIESEL, 2935 HP, BY1 H","EMERGENCY GENSET, DIESEL, 2935 HP, BY1 HITEC P7",20100102
18599611,"XERES VENTURES, LP (SC1)","XERES VENTURES, LP (SC1)",518210,37.361656,-121.943303,535 REED STREET,SANTA CLARA,95050,141503213,Unclassified,EMERGENCY DIESEL-FIRED ICE ENGINE-GENERA,EMERGENCY DIESEL-FIRED ICE ENGINE-GENERATOR,20100102
18599611,"XERES VENTURES, LP (SC1)","XERES VENTURES, LP (SC1)",518210,37.361656,-121.943303,535 REED STREET,SANTA CLARA,95050,141503313,Unclassified,EMERGENCY DIESEL-FIRED IC ENGINE-GENERAT,EMERGENCY DIESEL-FIRED IC ENGINE-GENERATOR,20100102
18599611,"XERES VENTURES, LP (SC1)","XERES VENTURES, LP (SC1)",518210,37.361656,-121.943303,535 REED STREET,SANTA CLARA,95050,141503413,Unclassified,EMERGENCY DIESEL-FIRED IC ENGINE-GENERAT,EMERGENCY DIESEL-FIRED IC ENGINE-GENERATOR,20100102
18599611,"XERES VENTURES, LP (SC1)","XERES VENTURES, LP (SC1)",518210,37.361656,-121.943303,535 REED STREET,SANTA CLARA,95050,141503513,Unclassified,EMERGENCY DIESEL-FIRED IC ENGINE-GENERAT,EMERGENCY DIESEL-FIRED IC ENGINE-GENERATOR,20100102
18599611,"XERES VENTURES, LP (SC1)","XERES VENTURES, LP (SC1)",518210,37.361656,-121.943303,535 REED STREET,SANTA CLARA,95050,141503613,Unclassified,EMERGENCY DIESEL-FIRED IC ENGINE-GENERAT,EMERGENCY DIESEL-FIRED IC ENGINE-GENERATOR,20100102
18599611,"XERES VENTURES, LP (SC1)","XERES VENTURES, LP (SC1)",518210,37.361656,-121.943303,535 REED STREET,SANTA CLARA,95050,141503713,Unclassified,EMERGENCY DIESEL-FIRED IC ENGINE-GENERAT,EMERGENCY DIESEL-FIRED IC ENGINE-GENERATOR,20100102
18599611,"XERES VENTURES, LP (SC1)","XERES VENTURES, LP (SC1)",518210,37.361656,-121.943303,535 REED STREET,SANTA CLARA,95050,141503813,Unclassified,EMERGENCY DIESEL-FIRED IC ENGINE-GENERAT,EMERGENCY DIESEL-FIRED IC ENGINE-GENERATOR,20100102
18599611,"XERES VENTURES, LP (SC1)","XERES VENTURES, LP (SC1)",518210,37.361656,-121.943303,535 REED STREET,SANTA CLARA,95050,141503913,Unclassified,EMERGENCY DIESEL-FIRED IC ENGINE-GENERAT,EMERGENCY DIESEL-FIRED IC ENGINE-GENERATOR,20100102
18599611,"XERES VENTURES, LP (SC1)","XERES VENTURES, LP (SC1)",518210,37.361656,-121.943303,535 REED STREET,SANTA CLARA,95050,141504013,Unclassified,EMERGENCY DIESEL-FIRED IC ENGINE-GENERAT,EMERGENCY DIESEL-FIRED IC ENGINE-GENERATOR,20100102
18599611,"XERES VENTURES, LP (SC1)","XERES VENTURES, LP (SC1)",518210,37.361656,-121.943303,535 REED STREET,SANTA CLARA,95050,141504113,Unclassified,EMERGENCY DIESEL-FIRED IC ENGINE-GENERAT,EMERGENCY DIESEL-FIRED IC ENGINE-GENERATOR,20100102
18599611,"XERES VENTURES, LP (SC1)","XERES VENTURES, LP (SC1)",518210,37.361656,-121.943303,535 REED STREET,SANTA CLARA,95050,141504213,Unclassified,EMERGENCY DIESEL-FIRED IC ENGINE-GENERAT,EMERGENCY DIESEL-FIRED IC ENGINE-GENERATOR,20100102
18599611,"XERES VENTURES, LP (SC1)","XERES VENTURES, LP (SC1)",518210,37.361656,-121.943303,535 REED STREET,SANTA CLARA,95050,141504313,Unclassified,EMERGENCY DIESEL-FIRED IC ENGINE-GENERAT,EMERGENCY DIESEL-FIRED IC ENGINE-GENERATOR,20100102
18599611,"XERES VENTURES, LP (SC1)","XERES VENTURES, LP (SC1)",518210,37.361656,-121.943303,535 REED STREET,SANTA CLARA,95050,133172213,Unclassified,EMERGENCY STANDBY DIESEL GENERATOR SET 1,EMERGENCY STANDBY DIESEL GENERATOR SET 1A,20100102
18599611,"XERES VENTURES, LP (SC1)","XERES VENTURES, LP (SC1)",518210,37.361656,-121.943303,535 REED STREET,SANTA CLARA,95050,133172313,Unclassified,EMERGENCY STANDBY DIESEL GENERATOR SET 5,EMERGENCY STANDBY DIESEL GENERATOR SET 5B,20100102
18599611,"XERES VENTURES, LP (SC1)","XERES VENTURES, LP (SC1)",518210,37.361656,-121.943303,535 REED STREET,SANTA CLARA,95050,133172413,Unclassified,EMERGENCY STANDBY DIESEL GENERATOR SET 6,EMERGENCY STANDBY DIESEL GENERATOR SET 6A,20100102
18599611,"XERES VENTURES, LP (SC1)","XERES VENTURES, LP (SC1)",518210,37.361656,-121.943303,535 REED STREET,SANTA CLARA,95050,133172513,Unclassified,EMERGENCY STANDBY DIESEL GENERATOR SET 6,EMERGENCY STANDBY DIESEL GENERATOR SET 6B,20100102
18599611,"XERES VENTURES, LP (SC1)","XERES VENTURES, LP (SC1)",518210,37.361656,-121.943303,535 REED STREET,SANTA CLARA,95050,133172613,Unclassified,EMERGENCY STANDBY DIESEL GENERATOR SET 7,EMERGENCY STANDBY DIESEL GENERATOR SET 7A,20100102
18599611,"XERES VENTURES, LP (SC1)","XERES VENTURES, LP (SC1)",518210,37.361656,-121.943303,535 REED STREET,SANTA CLARA,95050,133172713,Unclassified,EMERGENCY STANDBY DIESEL GENERATOR SET 7,EMERGENCY STANDBY DIESEL GENERATOR SET 7B,20100102
18599611,"XERES VENTURES, LP (SC1)","XERES VENTURES, LP (SC1)",518210,37.361656,-121.943303,535 REED STREET,SANTA CLARA,95050,133172813,Unclassified,EMERGENCY STANDBY DIESEL GENERATOR SET 8,EMERGENCY STANDBY DIESEL GENERATOR SET 8A,20100102
18599611,"XERES VENTURES, LP (SC1)","XERES VENTURES, LP (SC1)",518210,37.361656,-121.943303,535 REED STREET,SANTA CLARA,95050,133172913,Unclassified,EMERGENCY STANDBY DIESEL GENERATOR SET 8,EMERGENCY STANDBY DIESEL GENERATOR SET 8B,20100102
18599611,"XERES VENTURES, LP (SC1)","XERES VENTURES, LP (SC1)",518210,37.361656,-121.943303,535 REED STREET,SANTA CLARA,95050,133173013,Unclassified,EMERGENCY STANDBY DIESEL GENERATOR SET 9,EMERGENCY STANDBY DIESEL GENERATOR SET 9A,20100102
18599611,"XERES VENTURES, LP (SC1)","XERES VENTURES, LP (SC1)",518210,37.361656,-121.943303,535 REED STREET,SANTA CLARA,95050,133173113,Unclassified,EMERGENCY STANDBY DIESEL GENERATOR SET 9,EMERGENCY STANDBY DIESEL GENERATOR SET 9B,20100102
18599611,"XERES VENTURES, LP (SC1)","XERES VENTURES, LP (SC1)",518210,37.361656,-121.943303,535 REED STREET,SANTA CLARA,95050,133173213,Unclassified,EMERGENCY STANDBY DIESEL GENERATOR SET 1,EMERGENCY STANDBY DIESEL GENERATOR SET 10A,20100102
18599611,"XERES VENTURES, LP (SC1)","XERES VENTURES, LP (SC1)",518210,37.361656,-121.943303,535 REED STREET,SANTA CLARA,95050,133173313,Unclassified,EMERGENCY STANDBY DIESEL GENERATOR SET 1,EMERGENCY STANDBY DIESEL GENERATOR SET 1B,20100102
18599611,"XERES VENTURES, LP (SC1)","XERES VENTURES, LP (SC1)",518210,37.361656,-121.943303,535 REED STREET,SANTA CLARA,95050,133173413,Unclassified,EMERGENCY STANDBY DIESEL GENERATOR SET 1,EMERGENCY STANDBY DIESEL GENERATOR SET 10B,20100102
18599611,"XERES VENTURES, LP (SC1)","XERES VENTURES, LP (SC1)",518210,37.361656,-121.943303,535 REED STREET,SANTA CLARA,95050,133173513,Unclassified,EMERGENCY STANDBY DIESEL GENERATOR SET 1,EMERGENCY STANDBY DIESEL GENERATOR SET 11A,20100102
18599611,"XERES VENTURES, LP (SC1)","XERES VENTURES, LP (SC1)",518210,37.361656,-121.943303,535 REED STREET,SANTA CLARA,95050,133173613,Unclassified,EMERGENCY STANDBY DIESEL GENERATOR SET 1,EMERGENCY STANDBY DIESEL GENERATOR SET 11B,20100102
18599611,"XERES VENTURES, LP (SC1)","XERES VENTURES, LP (SC1)",518210,37.361656,-121.943303,535 REED STREET,SANTA CLARA,95050,133173713,Unclassified,EMERGENCY STANDBY DIESEL GENERATOR SET 1,EMERGENCY STANDBY DIESEL GENERATOR SET 12A,20100102
18599611,"XERES VENTURES, LP (SC1)","XERES VENTURES, LP (SC1)",518210,37.361656,-121.943303,535 REED STREET,SANTA CLARA,95050,133173813,Unclassified,EMERGENCY STANDBY DIESEL GENERATOR SET 1,EMERGENCY STANDBY DIESEL GENERATOR SET 12B,20100102
18599611,"XERES VENTURES, LP (SC1)","XERES VENTURES, LP (SC1)",518210,37.361656,-121.943303,535 REED STREET,SANTA CLARA,95050,133173913,Unclassified,EMERGENCY STANDBY DIESEL GENERATOR SET 1,EMERGENCY STANDBY DIESEL GENERATOR SET 13A,20100102
18599611,"XERES VENTURES, LP (SC1)","XERES VENTURES, LP (SC1)",518210,37.361656,-121.943303,535 REED STREET,SANTA CLARA,95050,133174013,Unclassified,EMERGENCY STANDBY DIESEL GENERATOR SET 1,EMERGENCY STANDBY DIESEL GENERATOR SET 13B,20100102
18599611,"XERES VENTURES, LP (SC1)","XERES VENTURES, LP (SC1)",518210,37.361656,-121.943303,535 REED STREET,SANTA CLARA,95050,133174113,Unclassified,EMERGENCY STANDBY DIESEL GENERATOR SET 1,EMERGENCY STANDBY DIESEL GENERATOR SET 14A,20100102
18599611,"XERES VENTURES, LP (SC1)","XERES VENTURES, LP (SC1)",518210,37.361656,-121.943303,535 REED STREET,SANTA CLARA,95050,133174213,Unclassified,EMERGENCY STANDBY DIESEL GENERATOR SET 1,EMERGENCY STANDBY DIESEL GENERATOR SET 14B,20100102
18599611,"XERES VENTURES, LP (SC1)","XERES VENTURES, LP (SC1)",518210,37.361656,-121.943303,535 REED STREET,SANTA CLARA,95050,133174313,Unclassified,EMERGENCY STANDBY DIESEL GENERATOR SET 1,EMERGENCY STANDBY DIESEL GENERATOR SET 15A,20100102
18599611,"XERES VENTURES, LP (SC1)","XERES VENTURES, LP (SC1)",518210,37.361656,-121.943303,535 REED STREET,SANTA CLARA,95050,133174413,Unclassified,EMERGENCY STANDBY DIESEL GENERATOR SET 2,EMERGENCY STANDBY DIESEL GENERATOR SET 2A,20100102
18599611,"XERES VENTURES, LP (SC1)","XERES VENTURES, LP (SC1)",518210,37.361656,-121.943303,535 REED STREET,SANTA CLARA,95050,133174513,Unclassified,EMERGENCY STANDBY DIESEL GENERATOR SET 1,EMERGENCY STANDBY DIESEL GENERATOR SET 15B,20100102
18599611,"XERES VENTURES, LP (SC1)","XERES VENTURES, LP (SC1)",518210,37.361656,-121.943303,535 REED STREET,SANTA CLARA,95050,133174613,Unclassified,EMERGENCY STANDBY DIESEL GENERATOR SET 1,EMERGENCY STANDBY DIESEL GENERATOR SET 16A,20100102
18599611,"XERES VENTURES, LP (SC1)","XERES VENTURES, LP (SC1)",518210,37.361656,-121.943303,535 REED STREET,SANTA CLARA,95050,133174713,Unclassified,EMERGENCY STANDBY DIESEL GENERATOR SET 1,EMERGENCY STANDBY DIESEL GENERATOR SET 16B,20100102
18599611,"XERES VENTURES, LP (SC1)","XERES VENTURES, LP (SC1)",518210,37.361656,-121.943303,535 REED STREET,SANTA CLARA,95050,133174813,Unclassified,EMERGENCY STANDBY DIESEL GENERATOR SET 2,EMERGENCY STANDBY DIESEL GENERATOR SET 2B,20100102
18599611,"XERES VENTURES, LP (SC1)","XERES VENTURES, LP (SC1)",518210,37.361656,-121.943303,535 REED STREET,SANTA CLARA,95050,133174913,Unclassified,EMERGENCY STANDBY DIESEL GENERATOR SET 3,EMERGENCY STANDBY DIESEL GENERATOR SET 3A,20100102
18599611,"XERES VENTURES, LP (SC1)","XERES VENTURES, LP (SC1)",518210,37.361656,-121.943303,535 REED STREET,SANTA CLARA,95050,133175013,Unclassified,EMERGENCY STANDBY DIESEL GENERATOR SET 3,EMERGENCY STANDBY DIESEL GENERATOR SET 3B,20100102
18599611,"XERES VENTURES, LP (SC1)","XERES VENTURES, LP (SC1)",518210,37.361656,-121.943303,535 REED STREET,SANTA CLARA,95050,133175113,Unclassified,EMERGENCY STANDBY DIESEL GENERATOR SET 4,EMERGENCY STANDBY DIESEL GENERATOR SET 4A,20100102
18599611,"XERES VENTURES, LP (SC1)","XERES VENTURES, LP (SC1)",518210,37.361656,-121.943303,535 REED STREET,SANTA CLARA,95050,133175213,Unclassified,EMERGENCY STANDBY DIESEL GENERATOR SET 4,EMERGENCY STANDBY DIESEL GENERATOR SET 4B,20100102
18599611,"XERES VENTURES, LP (SC1)","XERES VENTURES, LP (SC1)",518210,37.361656,-121.943303,535 REED STREET,SANTA CLARA,95050,133175313,Unclassified,EMERGENCY STANDBY DIESEL GENERATOR SET 5,EMERGENCY STANDBY DIESEL GENERATOR SET 5A,20100102
15931011,EQUINIX LLC,EQUINIX LLC,518210,37.388193,-121.888507,1735 LUNDY AVENUE,SAN JOSE,95131,100614913,Unclassified,EMERGENCY STANDFBY DIESEL GENERATOR SET,EMERGENCY STANDFBY DIESEL GENERATOR SET,20100102
15931011,EQUINIX LLC,EQUINIX LLC,518210,37.388193,-121.888507,1735 LUNDY AVENUE,SAN JOSE,95131,100615013,Unclassified,EMERGENCY STANDBY DIESEL GENERATOR SET,EMERGENCY STANDBY DIESEL GENERATOR SET,20100102
15931011,EQUINIX LLC,EQUINIX LLC,518210,37.388193,-121.888507,1735 LUNDY AVENUE,SAN JOSE,95131,100615113,Unclassified,EMERGENCY STANDBY DIESEL GENERATOR SET,EMERGENCY STANDBY DIESEL GENERATOR SET,20100102
15931011,EQUINIX LLC,EQUINIX LLC,518210,37.388193,-121.888507,1735 LUNDY AVENUE,SAN JOSE,95131,100615213,Unclassified,EMERGENCY STANDBY DIESEL GENERATOR SET,EMERGENCY STANDBY DIESEL GENERATOR SET,20100102
15931011,EQUINIX LLC,EQUINIX LLC,518210,37.388193,-121.888507,1735 LUNDY AVENUE,SAN JOSE,95131,100615313,Unclassified,EMERGENCY STANDBY DIESEL GENERATOR SET,EMERGENCY STANDBY DIESEL GENERATOR SET,20100102
15931011,EQUINIX LLC,EQUINIX LLC,518210,37.388193,-121.888507,1735 LUNDY AVENUE,SAN JOSE,95131,100615413,Unclassified,EMERGENCY STANDBY DIESEL GENERATOR SET,EMERGENCY STANDBY DIESEL GENERATOR SET,20100102
15931011,EQUINIX LLC,EQUINIX LLC,518210,37.388193,-121.888507,1735 LUNDY AVENUE,SAN JOSE,95131,100615513,Unclassified,EMERGENCY STANDBY DIESEL GENERATOR SET,EMERGENCY STANDBY DIESEL GENERATOR SET,20100102
15972111,"QUALITY INVESTMENT PROPERTIES SANTA CLARA, LLC","QUALITY INVESTMENT PROPERTIES SANTA CLARA, LLC",518210,37.391102,-121.97696,2807 MISSION COLLEGE BLVD,SANTA CLARA,95054,100685413,Unclassified,EMERGENCY DIESEL GENERATOR ENGINE,EMERGENCY DIESEL GENERATOR ENGINE,20100102
15972111,"QUALITY INVESTMENT PROPERTIES SANTA CLARA, LLC","QUALITY INVESTMENT PROPERTIES SANTA CLARA, LLC",518210,37.391102,-121.97696,2807 MISSION COLLEGE BLVD,SANTA CLARA,95054,100685513,Unclassified,EMERGENCY DIESEL GENERATOR ENGINE,EMERGENCY DIESEL GENERATOR ENGINE,20100102
15972111,"QUALITY INVESTMENT PROPERTIES SANTA CLARA, LLC","QUALITY INVESTMENT PROPERTIES SANTA CLARA, LLC",518210,37.391102,-121.97696,2807 MISSION COLLEGE BLVD,SANTA CLARA,95054,100685613,Unclassified,EMERGENCY DIESEL GENERATOR ENGINE,EMERGENCY DIESEL GENERATOR ENGINE,20100102
15972111,"QUALITY INVESTMENT PROPERTIES SANTA CLARA, LLC","QUALITY INVESTMENT PROPERTIES SANTA CLARA, LLC",518210,37.391102,-121.97696,2807 MISSION COLLEGE BLVD,SANTA CLARA,95054,100684813,Unclassified,EMERGENCY DIESEL GENERATOR ENGINE,EMERGENCY DIESEL GENERATOR ENGINE,20100102
15972111,"QUALITY INVESTMENT PROPERTIES SANTA CLARA, LLC","QUALITY INVESTMENT PROPERTIES SANTA CLARA, LLC",518210,37.391102,-121.97696,2807 MISSION COLLEGE BLVD,SANTA CLARA,95054,100684913,Unclassified,EMERGENCY DIESEL GENERATOR ENGINE,EMERGENCY DIESEL GENERATOR ENGINE,20100102
15972111,"QUALITY INVESTMENT PROPERTIES SANTA CLARA, LLC","QUALITY INVESTMENT PROPERTIES SANTA CLARA, LLC",518210,37.391102,-121.97696,2807 MISSION COLLEGE BLVD,SANTA CLARA,95054,100685113,Unclassified,EMERGENCY DIESEL GENERATOR ENGINE,EMERGENCY DIESEL GENERATOR ENGINE,20100102
15972111,"QUALITY INVESTMENT PROPERTIES SANTA CLARA, LLC","QUALITY INVESTMENT PROPERTIES SANTA CLARA, LLC",518210,37.391102,-121.97696,2807 MISSION COLLEGE BLVD,SANTA CLARA,95054,100685313,Unclassified,EMERGENCY DIESEL GENERATOR ENGINE,EMERGENCY DIESEL GENERATOR ENGINE,20100102
15972111,"QUALITY INVESTMENT PROPERTIES SANTA CLARA, LLC","QUALITY INVESTMENT PROPERTIES SANTA CLARA, LLC",518210,37.391102,-121.97696,2807 MISSION COLLEGE BLVD,SANTA CLARA,95054,100685013,Unclassified,EMERGENCY DIESEL GENERATOR ENGINE,EMERGENCY DIESEL GENERATOR ENGINE,20100102
15972111,"QUALITY INVESTMENT PROPERTIES SANTA CLARA, LLC","QUALITY INVESTMENT PROPERTIES SANTA CLARA, LLC",518210,37.391102,-121.97696,2807 MISSION COLLEGE BLVD,SANTA CLARA,95054,100684613,Unclassified,EMERGENCY DIESEL GENERATOR ENGINE,EMERGENCY DIESEL GENERATOR ENGINE,20100102
15972111,"QUALITY INVESTMENT PROPERTIES SANTA CLARA, LLC","QUALITY INVESTMENT PROPERTIES SANTA CLARA, LLC",518210,37.391102,-121.97696,2807 MISSION COLLEGE BLVD,SANTA CLARA,95054,100684713,Unclassified,EMERGENCY DIESEL GENERATOR ENGINE,EMERGENCY DIESEL GENERATOR ENGINE,20100102
15972111,"QUALITY INVESTMENT PROPERTIES SANTA CLARA, LLC","QUALITY INVESTMENT PROPERTIES SANTA CLARA, LLC",518210,37.391102,-121.97696,2807 MISSION COLLEGE BLVD,SANTA CLARA,95054,100685213,Unclassified,EMERGENCY DIESEL GENERATOR ENGINE,EMERGENCY DIESEL GENERATOR ENGINE,20100102
15975011,WAVE BROADBAND,WAVE BROADBAND,518210,37.37605,-121.953311,3080 RAYMOND STREET,SANTA CLARA,95054,100622813,Unclassified,EMERGENCY DIESEL GENERATOR ENGINE,EMERGENCY DIESEL GENERATOR ENGINE,20100102
15743211,COMSTOCK DATA CENTER,COMSTOCK DATA CENTER,518210,37.373461,-121.95311,1201 COMSTOCK DRIVE,SANTA CLARA,95054,100686613,Unclassified,EMERGENCY STANDBY DIESEL GENERATOR SET,EMERGENCY STANDBY DIESEL GENERATOR SET,20100102
15743211,COMSTOCK DATA CENTER,COMSTOCK DATA CENTER,518210,37.373461,-121.95311,1201 COMSTOCK DRIVE,SANTA CLARA,95054,100686713,Unclassified,EMERGENCY STANDBY DIESEL GENERATOR SET,EMERGENCY STANDBY DIESEL GENERATOR SET,20100102
15743211,COMSTOCK DATA CENTER,COMSTOCK DATA CENTER,518210,37.373461,-121.95311,1201 COMSTOCK DRIVE,SANTA CLARA,95054,100686813,Unclassified,EMERGENCY STANDBY DIESEL GENERATOR SET,EMERGENCY STANDBY DIESEL GENERATOR SET,20100102
18609111,"AMAZON DATA SERVICES, INC.","AMAZON DATA SERVICES, INC.",518210,37.373078,-121.970022,2950 STENDER WAY,SANTA CLARA,95054,133200713,Unclassified,EMERGENCY GENERATOR SET DIESEL ENGINE,EMERGENCY GENERATOR SET DIESEL ENGINE,20100102
18609111,"AMAZON DATA SERVICES, INC.","AMAZON DATA SERVICES, INC.",518210,37.373078,-121.970022,2950 STENDER WAY,SANTA CLARA,95054,133200813,Unclassified,EMERGENCY GENERATOR SET DIESEL ENGINE,EMERGENCY GENERATOR SET DIESEL ENGINE,20100102
18609111,"AMAZON DATA SERVICES, INC.","AMAZON DATA SERVICES, INC.",518210,37.373078,-121.970022,2950 STENDER WAY,SANTA CLARA,95054,133200913,Unclassified,EMERGENCY GENERATOR SET DIESEL ENGINE,EMERGENCY GENERATOR SET DIESEL ENGINE,20100102
18609111,"AMAZON DATA SERVICES, INC.","AMAZON DATA SERVICES, INC.",518210,37.373078,-121.970022,2950 STENDER WAY,SANTA CLARA,95054,133201013,Unclassified,EMERGENCY GENERATOR SET DIESEL ENGINE,EMERGENCY GENERATOR SET DIESEL ENGINE,20100102
18609111,"AMAZON DATA SERVICES, INC.","AMAZON DATA SERVICES, INC.",518210,37.373078,-121.970022,2950 STENDER WAY,SANTA CLARA,95054,133201113,Unclassified,EMERGENCY GENERATOR SET DIESEL ENGINE,EMERGENCY GENERATOR SET DIESEL ENGINE,20100102
18609111,"AMAZON DATA SERVICES, INC.","AMAZON DATA SERVICES, INC.",518210,37.373078,-121.970022,2950 STENDER WAY,SANTA CLARA,95054,133201213,Unclassified,EMERGENCY GENERATOR DIESEL ENGINE,EMERGENCY GENERATOR DIESEL ENGINE,20100102
18609111,"AMAZON DATA SERVICES, INC.","AMAZON DATA SERVICES, INC.",518210,37.373078,-121.970022,2950 STENDER WAY,SANTA CLARA,95054,133201413,Unclassified,EMERGENCY GENERATOR DIESEL ENGINE,EMERGENCY GENERATOR DIESEL ENGINE,20100102
18609111,"AMAZON DATA SERVICES, INC.","AMAZON DATA SERVICES, INC.",518210,37.373078,-121.970022,2950 STENDER WAY,SANTA CLARA,95054,133201613,Unclassified,EMERGENCY GENERATOR DIESEL ENGINE,EMERGENCY GENERATOR DIESEL ENGINE,20100102
18609111,"AMAZON DATA SERVICES, INC.","AMAZON DATA SERVICES, INC.",518210,37.373078,-121.970022,2950 STENDER WAY,SANTA CLARA,95054,133201713,Unclassified,EMERGENCY GENERATOR SET DIESEL ENGINE,EMERGENCY GENERATOR SET DIESEL ENGINE,20100102
18609111,"AMAZON DATA SERVICES, INC.","AMAZON DATA SERVICES, INC.",518210,37.373078,-121.970022,2950 STENDER WAY,SANTA CLARA,95054,133201813,Unclassified,EMERGENCY GENERATOR SET DIESEL ENGINE,EMERGENCY GENERATOR SET DIESEL ENGINE,20100102
18609111,"AMAZON DATA SERVICES, INC.","AMAZON DATA SERVICES, INC.",518210,37.373078,-121.970022,2950 STENDER WAY,SANTA CLARA,95054,133201913,Unclassified,EMERGENCY GENERATOR SET DIESEL ENGINE,EMERGENCY GENERATOR SET DIESEL ENGINE,20100102
18609111,"AMAZON DATA SERVICES, INC.","AMAZON DATA SERVICES, INC.",518210,37.373078,-121.970022,2950 STENDER WAY,SANTA CLARA,95054,133202013,Unclassified,EMERGENCY GENERATOR SET DIESEL ENGINE,EMERGENCY GENERATOR SET DIESEL ENGINE,20100102
18609111,"AMAZON DATA SERVICES, INC.","AMAZON DATA SERVICES, INC.",518210,37.373078,-121.970022,2950 STENDER WAY,SANTA CLARA,95054,133202113,Unclassified,EMERGENCY GENERATOR SET DIESEL ENGINE,EMERGENCY GENERATOR SET DIESEL ENGINE,20100102
18609111,"AMAZON DATA SERVICES, INC.","AMAZON DATA SERVICES, INC.",518210,37.373078,-121.970022,2950 STENDER WAY,SANTA CLARA,95054,133202213,Unclassified,EMERGENCY GENERATOR SET DIESEL ENGINE,EMERGENCY GENERATOR SET DIESEL ENGINE,20100102
18609111,"AMAZON DATA SERVICES, INC.","AMAZON DATA SERVICES, INC.",518210,37.373078,-121.970022,2950 STENDER WAY,SANTA CLARA,95054,133202313,Unclassified,EMERGENCY GENERATOR SET DIESEL ENGINE,EMERGENCY GENERATOR SET DIESEL ENGINE,20100102
18609111,"AMAZON DATA SERVICES, INC.","AMAZON DATA SERVICES, INC.",518210,37.373078,-121.970022,2950 STENDER WAY,SANTA CLARA,95054,133202413,Unclassified,EMERGENCY GENERATOR SET DIESEL ENGINE,EMERGENCY GENERATOR SET DIESEL ENGINE,20100102
18609111,"AMAZON DATA SERVICES, INC.","AMAZON DATA SERVICES, INC.",518210,37.373078,-121.970022,2950 STENDER WAY,SANTA CLARA,95054,141526813,Unclassified,EMERGENCY GENERATOR DIESEL ENGINE,EMERGENCY GENERATOR DIESEL ENGINE,20100102
18609111,"AMAZON DATA SERVICES, INC.","AMAZON DATA SERVICES, INC.",518210,37.373078,-121.970022,2950 STENDER WAY,SANTA CLARA,95054,141526913,Unclassified,EMERGENCY GENERATOR DIESEL ENGINE,EMERGENCY GENERATOR DIESEL ENGINE,20100102
18609111,"AMAZON DATA SERVICES, INC.","AMAZON DATA SERVICES, INC.",518210,37.373078,-121.970022,2950 STENDER WAY,SANTA CLARA,95054,141527013,Unclassified,,,20100102
18609111,"AMAZON DATA SERVICES, INC.","AMAZON DATA SERVICES, INC.",518210,37.373078,-121.970022,2950 STENDER WAY,SANTA CLARA,95054,141527113,Unclassified,,,20100102
18609111,"AMAZON DATA SERVICES, INC.","AMAZON DATA SERVICES, INC.",518210,37.373078,-121.970022,2950 STENDER WAY,SANTA CLARA,95054,141527213,Unclassified,EMERGENCY STANDBY DIESEL GENERATOR SET,EMERGENCY STANDBY DIESEL GENERATOR SET,20100102
18609111,"AMAZON DATA SERVICES, INC.","AMAZON DATA SERVICES, INC.",518210,37.373078,-121.970022,2950 STENDER WAY,SANTA CLARA,95054,141527313,Unclassified,EMERGENCY STANDBY DIESEL GENERATOR SET,EMERGENCY STANDBY DIESEL GENERATOR SET,20100102
764611,"CISCO SYSTEMS, SITE 4 CAMPUS, BLDGS 1-19","CISCO SYSTEMS, SITE 4 CAMPUS, BLDGS 1-19",518210,37.411722,-121.93182,300 E TASMAN DRIVE,SAN JOSE,95134,83998113,Unclassified,"EMERGENCY STANDBY GENERATOR, DIESEL FIRE","EMERGENCY STANDBY GENERATOR, DIESEL FIRED",20100102
764611,"CISCO SYSTEMS, SITE 4 CAMPUS, BLDGS 1-19","CISCO SYSTEMS, SITE 4 CAMPUS, BLDGS 1-19",518210,37.411722,-121.93182,300 E TASMAN DRIVE,SAN JOSE,95134,83997713,Unclassified,"DIESEL ENGINE, EMERGENCY STANDBY","DIESEL ENGINE, EMERGENCY STANDBY",20100102
764611,"CISCO SYSTEMS, SITE 4 CAMPUS, BLDGS 1-19","CISCO SYSTEMS, SITE 4 CAMPUS, BLDGS 1-19",518210,37.411722,-121.93182,300 E TASMAN DRIVE,SAN JOSE,95134,83998213,Unclassified,"DIESEL ENGINE, DETROIT DIESEL MODEL 9163","DIESEL ENGINE, DETROIT DIESEL MODEL 9163-4716, EMERGENCY STA",20100102
764611,"CISCO SYSTEMS, SITE 4 CAMPUS, BLDGS 1-19","CISCO SYSTEMS, SITE 4 CAMPUS, BLDGS 1-19",518210,37.411722,-121.93182,300 E TASMAN DRIVE,SAN JOSE,95134,45535013,Unclassified,"EMERGENCY STANDBY GENERATOR, DIESEL FIRE","EMERGENCY STANDBY GENERATOR, DIESEL FIRED",20100102
764611,"CISCO SYSTEMS, SITE 4 CAMPUS, BLDGS 1-19","CISCO SYSTEMS, SITE 4 CAMPUS, BLDGS 1-19",518210,37.411722,-121.93182,300 E TASMAN DRIVE,SAN JOSE,95134,83998013,Unclassified,"DIESEL ENGINE, EMERGENCY STANDBY","DIESEL ENGINE, EMERGENCY STANDBY",20100102
764611,"CISCO SYSTEMS, SITE 4 CAMPUS, BLDGS 1-19","CISCO SYSTEMS, SITE 4 CAMPUS, BLDGS 1-19",518210,37.411722,-121.93182,300 E TASMAN DRIVE,SAN JOSE,95134,83997913,Unclassified,"DIESEL ENGINE, EMERGENCY STANDBY","DIESEL ENGINE, EMERGENCY STANDBY",20100102
764611,"CISCO SYSTEMS, SITE 4 CAMPUS, BLDGS 1-19","CISCO SYSTEMS, SITE 4 CAMPUS, BLDGS 1-19",518210,37.411722,-121.93182,300 E TASMAN DRIVE,SAN JOSE,95134,83997813,Unclassified,"DIESEL ENGINE, EMERGENCY STANDBY","DIESEL ENGINE, EMERGENCY STANDBY",20100102
764611,"CISCO SYSTEMS, SITE 4 CAMPUS, BLDGS 1-19","CISCO SYSTEMS, SITE 4 CAMPUS, BLDGS 1-19",518210,37.411722,-121.93182,300 E TASMAN DRIVE,SAN JOSE,95134,100448713,Unclassified,STATIONARY STANDBY GENERATOR SET: DIESEL,STATIONARY STANDBY GENERATOR SET: DIESEL ENGINE,20100102
764611,"CISCO SYSTEMS, SITE 4 CAMPUS, BLDGS 1-19","CISCO SYSTEMS, SITE 4 CAMPUS, BLDGS 1-19",518210,37.411722,-121.93182,300 E TASMAN DRIVE,SAN JOSE,95134,130630313,Unclassified,BOILER,BOILER,10500106
764611,"CISCO SYSTEMS, SITE 4 CAMPUS, BLDGS 1-19","CISCO SYSTEMS, SITE 4 CAMPUS, BLDGS 1-19",518210,37.411722,-121.93182,300 E TASMAN DRIVE,SAN JOSE,95134,130630413,Unclassified,BOILER,BOILER,10500106
764611,"CISCO SYSTEMS, SITE 4 CAMPUS, BLDGS 1-19","CISCO SYSTEMS, SITE 4 CAMPUS, BLDGS 1-19",518210,37.411722,-121.93182,300 E TASMAN DRIVE,SAN JOSE,95134,130630513,Unclassified,BOILER,BOILER,10500106
764611,"CISCO SYSTEMS, SITE 4 CAMPUS, BLDGS 1-19","CISCO SYSTEMS, SITE 4 CAMPUS, BLDGS 1-19",518210,37.411722,-121.93182,300 E TASMAN DRIVE,SAN JOSE,95134,130630613,Unclassified,BOILER,BOILER,10500106
764611,"CISCO SYSTEMS, SITE 4 CAMPUS, BLDGS 1-19","CISCO SYSTEMS, SITE 4 CAMPUS, BLDGS 1-19",518210,37.411722,-121.93182,300 E TASMAN DRIVE,SAN JOSE,95134,130630713,Unclassified,BOILER,BOILER,10500106
764611,"CISCO SYSTEMS, SITE 4 CAMPUS, BLDGS 1-19","CISCO SYSTEMS, SITE 4 CAMPUS, BLDGS 1-19",518210,37.411722,-121.93182,300 E TASMAN DRIVE,SAN JOSE,95134,130630813,Unclassified,BOILER,BOILER,10500106
764611,"CISCO SYSTEMS, SITE 4 CAMPUS, BLDGS 1-19","CISCO SYSTEMS, SITE 4 CAMPUS, BLDGS 1-19",518210,37.411722,-121.93182,300 E TASMAN DRIVE,SAN JOSE,95134,130630913,Unclassified,BOILER,BOILER,10500106
764611,"CISCO SYSTEMS, SITE 4 CAMPUS, BLDGS 1-19","CISCO SYSTEMS, SITE 4 CAMPUS, BLDGS 1-19",518210,37.411722,-121.93182,300 E TASMAN DRIVE,SAN JOSE,95134,130631013,Unclassified,BOILER,BOILER,10500106
764611,"CISCO SYSTEMS, SITE 4 CAMPUS, BLDGS 1-19","CISCO SYSTEMS, SITE 4 CAMPUS, BLDGS 1-19",518210,37.411722,-121.93182,300 E TASMAN DRIVE,SAN JOSE,95134,130631113,Unclassified,BOILER,BOILER,10500106
764611,"CISCO SYSTEMS, SITE 4 CAMPUS, BLDGS 1-19","CISCO SYSTEMS, SITE 4 CAMPUS, BLDGS 1-19",518210,37.411722,-121.93182,300 E TASMAN DRIVE,SAN JOSE,95134,130631213,Unclassified,BOILER,BOILER,10500106
764611,"CISCO SYSTEMS, SITE 4 CAMPUS, BLDGS 1-19","CISCO SYSTEMS, SITE 4 CAMPUS, BLDGS 1-19",518210,37.411722,-121.93182,300 E TASMAN DRIVE,SAN JOSE,95134,130631313,Unclassified,BOILER,BOILER,10500106
764611,"CISCO SYSTEMS, SITE 4 CAMPUS, BLDGS 1-19","CISCO SYSTEMS, SITE 4 CAMPUS, BLDGS 1-19",518210,37.411722,-121.93182,300 E TASMAN DRIVE,SAN JOSE,95134,130631413,Unclassified,BOILER,BOILER,10500106
764611,"CISCO SYSTEMS, SITE 4 CAMPUS, BLDGS 1-19","CISCO SYSTEMS, SITE 4 CAMPUS, BLDGS 1-19",518210,37.411722,-121.93182,300 E TASMAN DRIVE,SAN JOSE,95134,130631513,Unclassified,BOILER,BOILER,10500106
764611,"CISCO SYSTEMS, SITE 4 CAMPUS, BLDGS 1-19","CISCO SYSTEMS, SITE 4 CAMPUS, BLDGS 1-19",518210,37.411722,-121.93182,300 E TASMAN DRIVE,SAN JOSE,95134,130631613,Unclassified,BOILER,BOILER,10500106
764611,"CISCO SYSTEMS, SITE 4 CAMPUS, BLDGS 1-19","CISCO SYSTEMS, SITE 4 CAMPUS, BLDGS 1-19",518210,37.411722,-121.93182,300 E TASMAN DRIVE,SAN JOSE,95134,130631713,Unclassified,BOILER,BOILER,10500106
764611,"CISCO SYSTEMS, SITE 4 CAMPUS, BLDGS 1-19","CISCO SYSTEMS, SITE 4 CAMPUS, BLDGS 1-19",518210,37.411722,-121.93182,300 E TASMAN DRIVE,SAN JOSE,95134,130631813,Unclassified,BOILER,BOILER,10500106
764611,"CISCO SYSTEMS, SITE 4 CAMPUS, BLDGS 1-19","CISCO SYSTEMS, SITE 4 CAMPUS, BLDGS 1-19",518210,37.411722,-121.93182,300 E TASMAN DRIVE,SAN JOSE,95134,130631913,Unclassified,BOILER,BOILER,10500106
764611,"CISCO SYSTEMS, SITE 4 CAMPUS, BLDGS 1-19","CISCO SYSTEMS, SITE 4 CAMPUS, BLDGS 1-19",518210,37.411722,-121.93182,300 E TASMAN DRIVE,SAN JOSE,95134,130632013,Unclassified,BOILER,BOILER,10500106
764611,"CISCO SYSTEMS, SITE 4 CAMPUS, BLDGS 1-19","CISCO SYSTEMS, SITE 4 CAMPUS, BLDGS 1-19",518210,37.411722,-121.93182,300 E TASMAN DRIVE,SAN JOSE,95134,130632113,Unclassified,BOILER,BOILER,10500106
764611,"CISCO SYSTEMS, SITE 4 CAMPUS, BLDGS 1-19","CISCO SYSTEMS, SITE 4 CAMPUS, BLDGS 1-19",518210,37.411722,-121.93182,300 E TASMAN DRIVE,SAN JOSE,95134,130632213,Unclassified,BOILER,BOILER,10500106
764611,"CISCO SYSTEMS, SITE 4 CAMPUS, BLDGS 1-19","CISCO SYSTEMS, SITE 4 CAMPUS, BLDGS 1-19",518210,37.411722,-121.93182,300 E TASMAN DRIVE,SAN JOSE,95134,130632313,Unclassified,BOILER,BOILER,10500106
764611,"CISCO SYSTEMS, SITE 4 CAMPUS, BLDGS 1-19","CISCO SYSTEMS, SITE 4 CAMPUS, BLDGS 1-19",518210,37.411722,-121.93182,300 E TASMAN DRIVE,SAN JOSE,95134,130632413,Unclassified,BOILER,BOILER,10500106
764611,"CISCO SYSTEMS, SITE 4 CAMPUS, BLDGS 1-19","CISCO SYSTEMS, SITE 4 CAMPUS, BLDGS 1-19",518210,37.411722,-121.93182,300 E TASMAN DRIVE,SAN JOSE,95134,130632513,Unclassified,BOILER,BOILER,10500106
764611,"CISCO SYSTEMS, SITE 4 CAMPUS, BLDGS 1-19","CISCO SYSTEMS, SITE 4 CAMPUS, BLDGS 1-19",518210,37.411722,-121.93182,300 E TASMAN DRIVE,SAN JOSE,95134,130632613,Unclassified,BOILER,BOILER,10500106
764611,"CISCO SYSTEMS, SITE 4 CAMPUS, BLDGS 1-19","CISCO SYSTEMS, SITE 4 CAMPUS, BLDGS 1-19",518210,37.411722,-121.93182,300 E TASMAN DRIVE,SAN JOSE,95134,130632713,Unclassified,BOILER,BOILER,10500106
764611,"CISCO SYSTEMS, SITE 4 CAMPUS, BLDGS 1-19","CISCO SYSTEMS, SITE 4 CAMPUS, BLDGS 1-19",518210,37.411722,-121.93182,300 E TASMAN DRIVE,SAN JOSE,95134,130632813,Unclassified,BOILER,BOILER,10500106
764611,"CISCO SYSTEMS, SITE 4 CAMPUS, BLDGS 1-19","CISCO SYSTEMS, SITE 4 CAMPUS, BLDGS 1-19",518210,37.411722,-121.93182,300 E TASMAN DRIVE,SAN JOSE,95134,130632913,Unclassified,BOILER,BOILER,10500106
16017711,EQUINIX LLC,EQUINIX LLC,518210,37.399651,-122.014531,444 TOYAMA DRIVE,SUNNYVALE,94089,100385413,Unclassified,EMERGENCY STANDBY DIESEL GENERATOR SET,EMERGENCY STANDBY DIESEL GENERATOR SET,20100102
16017711,EQUINIX LLC,EQUINIX LLC,518210,37.399651,-122.014531,444 TOYAMA DRIVE,SUNNYVALE,94089,100385313,Unclassified,EMERGENCY STANDBY DIESEL GENERATOR SET,EMERGENCY STANDBY DIESEL GENERATOR SET,20100102
16017711,EQUINIX LLC,EQUINIX LLC,518210,37.399651,-122.014531,444 TOYAMA DRIVE,SUNNYVALE,94089,100385513,Unclassified,EMERGENCY STANDBY DIESEL GENERATOR SET,EMERGENCY STANDBY DIESEL GENERATOR SET,20100102
16017711,EQUINIX LLC,EQUINIX LLC,518210,37.399651,-122.014531,444 TOYAMA DRIVE,SUNNYVALE,94089,100385613,Unclassified,EMERGENCY STANDBY DIESEL GENERATOR SET,EMERGENCY STANDBY DIESEL GENERATOR SET,20100102
18618711,CYXTERA COMMUNICATIONS  LLC - SC8,"CYXTERA COMMUNICATIONS, LLC - SC8",518210,37.397849,-121.97958,4700 OLD IRONSIDES,SANTA CLARA,95054,133243513,Unclassified,EMERGENCY STANDBY GENERATOR: DIESEL ENGI,EMERGENCY STANDBY GENERATOR: DIESEL ENGINE  2836 HP,20100102
18618711,CYXTERA COMMUNICATIONS  LLC - SC8,"CYXTERA COMMUNICATIONS, LLC - SC8",518210,37.397849,-121.97958,4700 OLD IRONSIDES,SANTA CLARA,95054,133243613,Unclassified,EMERGENCY STANDBY GENERATOR: DIESEL ENGI,EMERGENCY STANDBY GENERATOR: DIESEL ENGINE  2836 HP,20100102
18618711,CYXTERA COMMUNICATIONS  LLC - SC8,"CYXTERA COMMUNICATIONS, LLC - SC8",518210,37.397849,-121.97958,4700 OLD IRONSIDES,SANTA CLARA,95054,133243713,Unclassified,EMERGENCY STANDBY GENERATOR: DIESEL ENGI,EMERGENCY STANDBY GENERATOR: DIESEL ENGINE  2836 HP,20100102
18618711,CYXTERA COMMUNICATIONS  LLC - SC8,"CYXTERA COMMUNICATIONS, LLC - SC8",518210,37.397849,-121.97958,4700 OLD IRONSIDES,SANTA CLARA,95054,133243813,Unclassified,EMERGENCY STANDBY GENERATOR: DIESEL ENGI,EMERGENCY STANDBY GENERATOR: DIESEL ENGINE  2836 HP,20100102
18618711,CYXTERA COMMUNICATIONS  LLC - SC8,"CYXTERA COMMUNICATIONS, LLC - SC8",518210,37.397849,-121.97958,4700 OLD IRONSIDES,SANTA CLARA,95054,133243913,Unclassified,EMERGENCY STANDBY GENERATOR: DIESEL ENGI,EMERGENCY STANDBY GENERATOR: DIESEL ENGINE  2836 HP,20100102
18618711,CYXTERA COMMUNICATIONS  LLC - SC8,"CYXTERA COMMUNICATIONS, LLC - SC8",518210,37.397849,-121.97958,4700 OLD IRONSIDES,SANTA CLARA,95054,133244013,Unclassified,EMERGENCY STANDBY GENERATOR: DIESEL ENGI,EMERGENCY STANDBY GENERATOR: DIESEL ENGINE  2836 HP,20100102
18618711,CYXTERA COMMUNICATIONS  LLC - SC8,"CYXTERA COMMUNICATIONS, LLC - SC8",518210,37.397849,-121.97958,4700 OLD IRONSIDES,SANTA CLARA,95054,133244113,Unclassified,EMERGENCY STANDBY GENERATOR: DIESEL ENGI,EMERGENCY STANDBY GENERATOR: DIESEL ENGINE  2836 HP,20100102
18619411,"CYXTERA COMMUNICATIONS, LLC SN1","CYXTERA COMMUNICATIONS, LLC SN1",518210,37.373805,-121.996926,1400 KIFER ROAD,SUNNYVALE,94086,133249513,Unclassified,EMERGENCY STANDBY GENERATOR SET,EMERGENCY STANDBY GENERATOR SET,20100102
18619411,"CYXTERA COMMUNICATIONS, LLC SN1","CYXTERA COMMUNICATIONS, LLC SN1",518210,37.373805,-121.996926,1400 KIFER ROAD,SUNNYVALE,94086,133249613,Unclassified,EMERGENCY STANDBY GENERATOR SET,EMERGENCY STANDBY GENERATOR SET,20100102
18619411,"CYXTERA COMMUNICATIONS, LLC SN1","CYXTERA COMMUNICATIONS, LLC SN1",518210,37.373805,-121.996926,1400 KIFER ROAD,SUNNYVALE,94086,133249713,Unclassified,EMERGENCY STANDBY GENERATOR SET,EMERGENCY STANDBY GENERATOR SET,20100102
18619411,"CYXTERA COMMUNICATIONS, LLC SN1","CYXTERA COMMUNICATIONS, LLC SN1",518210,37.373805,-121.996926,1400 KIFER ROAD,SUNNYVALE,94086,133249813,Unclassified,EMERGENCY STANDBY GENERATOR SET,EMERGENCY STANDBY GENERATOR SET,20100102
18619411,"CYXTERA COMMUNICATIONS, LLC SN1","CYXTERA COMMUNICATIONS, LLC SN1",518210,37.373805,-121.996926,1400 KIFER ROAD,SUNNYVALE,94086,133249913,Unclassified,EMERGENCY GENERATOR - EPA TIER I CERTIFI,EMERGENCY GENERATOR - EPA TIER I CERTIFIED,20100102
18617511,FUJITSU AMERICA INC SUNNYVALE,FUJITSU AMERICA INC SUNNYVALE,518210,37.378672,-121.991598,1230 E ARQUES AVENUE,SUNNYVALE,94085,133234113,Unclassified,EMERGENCY DIESEL GENERATOR ENGINE,EMERGENCY DIESEL GENERATOR ENGINE,20100102
18617511,FUJITSU AMERICA INC SUNNYVALE,FUJITSU AMERICA INC SUNNYVALE,518210,37.378672,-121.991598,1230 E ARQUES AVENUE,SUNNYVALE,94085,133234213,Unclassified,EMERGENCY DIESEL GENERATOR ENGINE,EMERGENCY DIESEL GENERATOR ENGINE,20100102
18617511,FUJITSU AMERICA INC SUNNYVALE,FUJITSU AMERICA INC SUNNYVALE,518210,37.378672,-121.991598,1230 E ARQUES AVENUE,SUNNYVALE,94085,133234313,Unclassified,EMERGENCY DIESEL GENERATOR ENGINE,EMERGENCY DIESEL GENERATOR ENGINE,20100102
18617911,GOOGLE LLC,GOOGLE LLC,518210,37.406811,-122.012847,CROSSMAN CAMPUS,SUNNYVALE,94089,133237813,Unclassified,EMERGENCY STANDBY DIESEL GENERATOR SET,EMERGENCY STANDBY DIESEL GENERATOR SET,20100102
18617911,GOOGLE LLC,GOOGLE LLC,518210,37.406811,-122.012847,CROSSMAN CAMPUS,SUNNYVALE,94089,133237913,Unclassified,EMERGENCY STANDBY DIESEL GENERATOR SET,EMERGENCY STANDBY DIESEL GENERATOR SET,20100102
18617911,GOOGLE LLC,GOOGLE LLC,518210,37.406811,-122.012847,CROSSMAN CAMPUS,SUNNYVALE,94089,133238013,Unclassified,EMERGENCY STANDBY DIESEL FIRE PUMP ENGIN,EMERGENCY STANDBY DIESEL FIRE PUMP ENGINE,20300101
16021111,CYXTERA COMMUNICATIONS  LLC,CYXTERA COMMUNICATIONS  LLC SC4-5,518210,37.371502,-121.969714,2401 WALSH AVENUE,SANTA CLARA,95051,100493613,Unclassified,DIESEL ENGINE  CATERPILLAR MODEL 3512  E,DIESEL ENGINE  CATERPILLAR MODEL 3512  EMERGENCY STANDBY,20100102
16021111,CYXTERA COMMUNICATIONS  LLC,CYXTERA COMMUNICATIONS  LLC SC4-5,518210,37.371502,-121.969714,2401 WALSH AVENUE,SANTA CLARA,95051,100493713,Unclassified,DIESEL ENGINE  CATERPILLAR MODEL 3512  E,DIESEL ENGINE  CATERPILLAR MODEL 3512  EMERGENCY STANDBY,20100102
16021111,CYXTERA COMMUNICATIONS  LLC,CYXTERA COMMUNICATIONS  LLC SC4-5,518210,37.371502,-121.969714,2401 WALSH AVENUE,SANTA CLARA,95051,100494413,Unclassified,DIESEL ENGINE  CATERPILLAR MODEL 3512  E,DIESEL ENGINE  CATERPILLAR MODEL 3512  EMERGENCY STANDBY,20100102
16021111,CYXTERA COMMUNICATIONS  LLC,CYXTERA COMMUNICATIONS  LLC SC4-5,518210,37.371502,-121.969714,2401 WALSH AVENUE,SANTA CLARA,95051,100494513,Unclassified,DIESEL ENGINE  CATERPILLAR MODEL 3516  E,DIESEL ENGINE  CATERPILLAR MODEL 3516  EMERGENCY STANDBY,20100102
16021111,CYXTERA COMMUNICATIONS  LLC,CYXTERA COMMUNICATIONS  LLC SC4-5,518210,37.371502,-121.969714,2401 WALSH AVENUE,SANTA CLARA,95051,100494613,Unclassified,DIESEL ENGINE  CATERPILLAR MODEL 3516  E,DIESEL ENGINE  CATERPILLAR MODEL 3516  EMERGENCY STANDBY,20100102
16021111,CYXTERA COMMUNICATIONS  LLC,CYXTERA COMMUNICATIONS  LLC SC4-5,518210,37.371502,-121.969714,2401 WALSH AVENUE,SANTA CLARA,95051,100494713,Unclassified,DIESEL ENGINE  CATERPILLAR MODEL 3516  E,DIESEL ENGINE  CATERPILLAR MODEL 3516  EMERGENCY STANDBY,20100102
16021111,CYXTERA COMMUNICATIONS  LLC,CYXTERA COMMUNICATIONS  LLC SC4-5,518210,37.371502,-121.969714,2401 WALSH AVENUE,SANTA CLARA,95051,100494813,Unclassified,DIESEL ENGINE  CATERPILLAR MODEL 3516  E,DIESEL ENGINE  CATERPILLAR MODEL 3516  EMERGENCY STANDBY,20100102
16021111,CYXTERA COMMUNICATIONS  LLC,CYXTERA COMMUNICATIONS  LLC SC4-5,518210,37.371502,-121.969714,2401 WALSH AVENUE,SANTA CLARA,95051,100494913,Unclassified,DIESEL ENGINE  CATERPILLAR MODEL 3516  E,DIESEL ENGINE  CATERPILLAR MODEL 3516  EMERGENCY STANDBY,20100102
16021111,CYXTERA COMMUNICATIONS  LLC,CYXTERA COMMUNICATIONS  LLC SC4-5,518210,37.371502,-121.969714,2401 WALSH AVENUE,SANTA CLARA,95051,100495013,Unclassified,DIESEL ENGINE  CATERPILLAR MODEL 3516  E,DIESEL ENGINE  CATERPILLAR MODEL 3516  EMERGENCY STANDBY,20100102
16021111,CYXTERA COMMUNICATIONS  LLC,CYXTERA COMMUNICATIONS  LLC SC4-5,518210,37.371502,-121.969714,2401 WALSH AVENUE,SANTA CLARA,95051,100493813,Unclassified,DIESEL ENGINE  CATERPILLAR MODEL 3512  E,DIESEL ENGINE  CATERPILLAR MODEL 3512  EMERGENCY STANDBY,20100102
16021111,CYXTERA COMMUNICATIONS  LLC,CYXTERA COMMUNICATIONS  LLC SC4-5,518210,37.371502,-121.969714,2401 WALSH AVENUE,SANTA CLARA,95051,100493913,Unclassified,DIESEL ENGINE  CATERPILLAR MODEL 3512  E,DIESEL ENGINE  CATERPILLAR MODEL 3512  EMERGENCY STANDBY,20100102
16021111,CYXTERA COMMUNICATIONS  LLC,CYXTERA COMMUNICATIONS  LLC SC4-5,518210,37.371502,-121.969714,2401 WALSH AVENUE,SANTA CLARA,95051,100494013,Unclassified,DIESEL ENGINE  CATERPILLAR MODEL 3512  E,DIESEL ENGINE  CATERPILLAR MODEL 3512  EMERGENCY STANDBY,20100102
16021111,CYXTERA COMMUNICATIONS  LLC,CYXTERA COMMUNICATIONS  LLC SC4-5,518210,37.371502,-121.969714,2401 WALSH AVENUE,SANTA CLARA,95051,100494113,Unclassified,DIESEL ENGINE  CATERPILLAR MODEL 3512  E,DIESEL ENGINE  CATERPILLAR MODEL 3512  EMERGENCY STANDBY,20100102
16021111,CYXTERA COMMUNICATIONS  LLC,CYXTERA COMMUNICATIONS  LLC SC4-5,518210,37.371502,-121.969714,2401 WALSH AVENUE,SANTA CLARA,95051,100494213,Unclassified,DIESEL ENGINE  CATERPILLAR MODEL 3512  E,DIESEL ENGINE  CATERPILLAR MODEL 3512  EMERGENCY STANDBY,20100102
16021111,CYXTERA COMMUNICATIONS  LLC,CYXTERA COMMUNICATIONS  LLC SC4-5,518210,37.371502,-121.969714,2401 WALSH AVENUE,SANTA CLARA,95051,100494313,Unclassified,DIESEL ENGINE  CATERPILLAR MODEL 3512  E,DIESEL ENGINE  CATERPILLAR MODEL 3512  EMERGENCY STANDBY,20100102
14248811,GOOGLE LLC,GOOGLE LLC,518210,37.422084,-122.088629,"MOUNTAIN, VIEW CAMPUS",MOUNTAIN VIEW,94043,83717113,Unclassified,EMERGENCY DIESEL GENERATOR,EMERGENCY DIESEL GENERATOR,20100102
14248811,GOOGLE LLC,GOOGLE LLC,518210,37.422084,-122.088629,"MOUNTAIN, VIEW CAMPUS",MOUNTAIN VIEW,94043,100609413,Unclassified,EMERGENCY DIESEL GENERATOR ONAN MODEL 12,EMERGENCY DIESEL GENERATOR ONAN MODEL 125ODGEA,20100102
14248811,GOOGLE LLC,GOOGLE LLC,518210,37.422084,-122.088629,"MOUNTAIN, VIEW CAMPUS",MOUNTAIN VIEW,94043,100609813,Unclassified,EMERGENCY DIESEL GENERATOR,EMERGENCY DIESEL GENERATOR,20100102
14248811,GOOGLE LLC,GOOGLE LLC,518210,37.422084,-122.088629,"MOUNTAIN, VIEW CAMPUS",MOUNTAIN VIEW,94043,120256213,Unclassified,500KW STANDBY GENERATOR,500KW STANDBY GENERATOR,20100102
14248811,GOOGLE LLC,GOOGLE LLC,518210,37.422084,-122.088629,"MOUNTAIN, VIEW CAMPUS",MOUNTAIN VIEW,94043,141497713,Unclassified,EMERGENCY DIESEL GENERATOR,EMERGENCY DIESEL GENERATOR,20100102
14248811,GOOGLE LLC,GOOGLE LLC,518210,37.422084,-122.088629,"MOUNTAIN, VIEW CAMPUS",MOUNTAIN VIEW,94043,141497813,Unclassified,KIOSE BBQ PITS,KIOSE BBQ PITS,30201999
14248811,GOOGLE LLC,GOOGLE LLC,518210,37.422084,-122.088629,"MOUNTAIN, VIEW CAMPUS",MOUNTAIN VIEW,94043,141497913,Unclassified,KIOSE BBQ PITS,KIOSE BBQ PITS,30201999
14248811,GOOGLE LLC,GOOGLE LLC,518210,37.422084,-122.088629,"MOUNTAIN, VIEW CAMPUS",MOUNTAIN VIEW,94043,141498013,Unclassified,MASTER CHEF SMOKER,MASTER CHEF SMOKER,30201999
14248811,GOOGLE LLC,GOOGLE LLC,518210,37.422084,-122.088629,"MOUNTAIN, VIEW CAMPUS",MOUNTAIN VIEW,94043,141498113,Unclassified,COATING OPERATIONS W/BUILT IN NATURAL GA,COATING OPERATIONS W/BUILT IN NATURAL GAS OVEN,39999999
14248811,GOOGLE LLC,GOOGLE LLC,518210,37.422084,-122.088629,"MOUNTAIN, VIEW CAMPUS",MOUNTAIN VIEW,94043,141498313,Unclassified,COLD CLEANER,COLD CLEANER,40100399
14248811,GOOGLE LLC,GOOGLE LLC,518210,37.422084,-122.088629,"MOUNTAIN, VIEW CAMPUS",MOUNTAIN VIEW,94043,141498413,Unclassified,COLD CLEANER,COLD CLEANER,40100399
14248811,GOOGLE LLC,GOOGLE LLC,518210,37.422084,-122.088629,"MOUNTAIN, VIEW CAMPUS",MOUNTAIN VIEW,94043,141498513,Unclassified,COLD CLEANER,COLD CLEANER,40100399
14248811,GOOGLE LLC,GOOGLE LLC,518210,37.422084,-122.088629,"MOUNTAIN, VIEW CAMPUS",MOUNTAIN VIEW,94043,141498613,Unclassified,COLD CLEANER,COLD CLEANER,40100399
14248811,GOOGLE LLC,GOOGLE LLC,518210,37.422084,-122.088629,"MOUNTAIN, VIEW CAMPUS",MOUNTAIN VIEW,94043,141498713,Unclassified,COLD CLEANER,COLD CLEANER,40100399
14248811,GOOGLE LLC,GOOGLE LLC,518210,37.422084,-122.088629,"MOUNTAIN, VIEW CAMPUS",MOUNTAIN VIEW,94043,141498813,Unclassified,COLD CLEANER,COLD CLEANER,40100399
14248811,GOOGLE LLC,GOOGLE LLC,518210,37.422084,-122.088629,"MOUNTAIN, VIEW CAMPUS",MOUNTAIN VIEW,94043,141498913,Unclassified,COLD CLEANER,COLD CLEANER,40100399
14248811,GOOGLE LLC,GOOGLE LLC,518210,37.422084,-122.088629,"MOUNTAIN, VIEW CAMPUS",MOUNTAIN VIEW,94043,141499013,Unclassified,"STANDBY GENERATOR; DIESEL ENGINE, 277 HP","STANDBY GENERATOR; DIESEL ENGINE, 277 HP",20100102
14248811,GOOGLE LLC,GOOGLE LLC,518210,37.422084,-122.088629,"MOUNTAIN, VIEW CAMPUS",MOUNTAIN VIEW,94043,141499113,Unclassified,SOLID OXIDE FUEL CELL SYSTEM,SOLID OXIDE FUEL CELL SYSTEM,30199998
14248811,GOOGLE LLC,GOOGLE LLC,518210,37.422084,-122.088629,"MOUNTAIN, VIEW CAMPUS",MOUNTAIN VIEW,94043,141499213,Unclassified,SOLID OXIDE FUEL CELL SYSTEM,SOLID OXIDE FUEL CELL SYSTEM,30199998
14248811,GOOGLE LLC,GOOGLE LLC,518210,37.422084,-122.088629,"MOUNTAIN, VIEW CAMPUS",MOUNTAIN VIEW,94043,141499313,Unclassified,SOLID OXIDE FUEL CELL SYSTEM,SOLID OXIDE FUEL CELL SYSTEM,30199998
14248811,GOOGLE LLC,GOOGLE LLC,518210,37.422084,-122.088629,"MOUNTAIN, VIEW CAMPUS",MOUNTAIN VIEW,94043,141499413,Unclassified,SOLID OXIDE FUEL CELL SYSTEM,SOLID OXIDE FUEL CELL SYSTEM,30199998
14248811,GOOGLE LLC,GOOGLE LLC,518210,37.422084,-122.088629,"MOUNTAIN, VIEW CAMPUS",MOUNTAIN VIEW,94043,141499513,Unclassified,SOLID OXIDE FUEL CELL SYSTEM,SOLID OXIDE FUEL CELL SYSTEM,30199998
14248811,GOOGLE LLC,GOOGLE LLC,518210,37.422084,-122.088629,"MOUNTAIN, VIEW CAMPUS",MOUNTAIN VIEW,94043,141499613,Unclassified,SOLID OXIDE FUEL CELL SYSTEM,SOLID OXIDE FUEL CELL SYSTEM,30199998
14248811,GOOGLE LLC,GOOGLE LLC,518210,37.422084,-122.088629,"MOUNTAIN, VIEW CAMPUS",MOUNTAIN VIEW,94043,120256413,Unclassified,EMERGENCY DIESEL GENERATOR ENGINE,EMERGENCY DIESEL GENERATOR ENGINE,20100102
14248811,GOOGLE LLC,GOOGLE LLC,518210,37.422084,-122.088629,"MOUNTAIN, VIEW CAMPUS",MOUNTAIN VIEW,94043,120256613,Unclassified,EMERGENCY DIESEL GENERATOR ENGINE,EMERGENCY DIESEL GENERATOR ENGINE,20100102
14248811,GOOGLE LLC,GOOGLE LLC,518210,37.422084,-122.088629,"MOUNTAIN, VIEW CAMPUS",MOUNTAIN VIEW,94043,100608713,Unclassified,EMERGENCY DIESEL GENERATOR,EMERGENCY DIESEL GENERATOR,20100102
14248811,GOOGLE LLC,GOOGLE LLC,518210,37.422084,-122.088629,"MOUNTAIN, VIEW CAMPUS",MOUNTAIN VIEW,94043,100609013,Unclassified,EMERGENCY DIESEL GENERATOR,EMERGENCY DIESEL GENERATOR,20100102
14248811,GOOGLE LLC,GOOGLE LLC,518210,37.422084,-122.088629,"MOUNTAIN, VIEW CAMPUS",MOUNTAIN VIEW,94043,100609113,Unclassified,EMERGENCY DIESEL GENERATOR,EMERGENCY DIESEL GENERATOR,20100102
14248811,GOOGLE LLC,GOOGLE LLC,518210,37.422084,-122.088629,"MOUNTAIN, VIEW CAMPUS",MOUNTAIN VIEW,94043,120256713,Unclassified,EMERGENCY STANDBY DIESEL GENERATOR SET,EMERGENCY STANDBY DIESEL GENERATOR SET,20100102
14248811,GOOGLE LLC,GOOGLE LLC,518210,37.422084,-122.088629,"MOUNTAIN, VIEW CAMPUS",MOUNTAIN VIEW,94043,120256913,Unclassified,EMERGENCY STANDBY DIESEL GENERATOR SET,EMERGENCY STANDBY DIESEL GENERATOR SET,20100102
14248811,GOOGLE LLC,GOOGLE LLC,518210,37.422084,-122.088629,"MOUNTAIN, VIEW CAMPUS",MOUNTAIN VIEW,94043,100608813,Unclassified,EMERGENCY DIESEL GENERATOR,EMERGENCY DIESEL GENERATOR,20100102
14248811,GOOGLE LLC,GOOGLE LLC,518210,37.422084,-122.088629,"MOUNTAIN, VIEW CAMPUS",MOUNTAIN VIEW,94043,100609213,Unclassified,EMERGENCY DIESEL GENERATOR,EMERGENCY DIESEL GENERATOR,20100102
14248811,GOOGLE LLC,GOOGLE LLC,518210,37.422084,-122.088629,"MOUNTAIN, VIEW CAMPUS",MOUNTAIN VIEW,94043,83717213,Unclassified,EMERGENCY DIESEL GENERATOR,EMERGENCY DIESEL GENERATOR,20100102
14248811,GOOGLE LLC,GOOGLE LLC,518210,37.422084,-122.088629,"MOUNTAIN, VIEW CAMPUS",MOUNTAIN VIEW,94043,100608913,Unclassified,EMERGENCY DIESEL GENERATOR,EMERGENCY DIESEL GENERATOR,20100102
14248811,GOOGLE LLC,GOOGLE LLC,518210,37.422084,-122.088629,"MOUNTAIN, VIEW CAMPUS",MOUNTAIN VIEW,94043,100610013,Unclassified,EMERGENCY DIESEL GENERATOR,EMERGENCY DIESEL GENERATOR,20100102
14248811,GOOGLE LLC,GOOGLE LLC,518210,37.422084,-122.088629,"MOUNTAIN, VIEW CAMPUS",MOUNTAIN VIEW,94043,100609313,Unclassified,EMERGENCY DIESEL GENERATOR,EMERGENCY DIESEL GENERATOR,20100102
14248811,GOOGLE LLC,GOOGLE LLC,518210,37.422084,-122.088629,"MOUNTAIN, VIEW CAMPUS",MOUNTAIN VIEW,94043,100609613,Unclassified,EMERGENCY DIESEL GENERATOR,EMERGENCY DIESEL GENERATOR,20100102
14248811,GOOGLE LLC,GOOGLE LLC,518210,37.422084,-122.088629,"MOUNTAIN, VIEW CAMPUS",MOUNTAIN VIEW,94043,100609713,Unclassified,EMERGENCY DIESEL GENERATOR,EMERGENCY DIESEL GENERATOR,20100102
14248811,GOOGLE LLC,GOOGLE LLC,518210,37.422084,-122.088629,"MOUNTAIN, VIEW CAMPUS",MOUNTAIN VIEW,94043,100610113,Unclassified,EMERGENCY DIESEL GENERATOR,EMERGENCY DIESEL GENERATOR,20100102
14248811,GOOGLE LLC,GOOGLE LLC,518210,37.422084,-122.088629,"MOUNTAIN, VIEW CAMPUS",MOUNTAIN VIEW,94043,100610213,Unclassified,EMERGENCY DIESEL GENERATOR,EMERGENCY DIESEL GENERATOR,20100102
14248811,GOOGLE LLC,GOOGLE LLC,518210,37.422084,-122.088629,"MOUNTAIN, VIEW CAMPUS",MOUNTAIN VIEW,94043,120256313,Unclassified,150 KW EMERGENCY GENERATOR,150 KW EMERGENCY GENERATOR,20100102
14248811,GOOGLE LLC,GOOGLE LLC,518210,37.422084,-122.088629,"MOUNTAIN, VIEW CAMPUS",MOUNTAIN VIEW,94043,83717013,Unclassified,EMERGENCY DIESEL GENERATOR,EMERGENCY DIESEL GENERATOR,20100102
14248811,GOOGLE LLC,GOOGLE LLC,518210,37.422084,-122.088629,"MOUNTAIN, VIEW CAMPUS",MOUNTAIN VIEW,94043,120256513,Unclassified,STANDBY DIESEL GENERATOR,STANDBY DIESEL GENERATOR,20100102
14248811,GOOGLE LLC,GOOGLE LLC,518210,37.422084,-122.088629,"MOUNTAIN, VIEW CAMPUS",MOUNTAIN VIEW,94043,130637413,Unclassified,EMERGENCY DIESEL GENERATOR ENGINE,EMERGENCY DIESEL GENERATOR ENGINE,20100102
14248811,GOOGLE LLC,GOOGLE LLC,518210,37.422084,-122.088629,"MOUNTAIN, VIEW CAMPUS",MOUNTAIN VIEW,94043,130637613,Unclassified,EMERGENCY STANDBY GENERATOR,EMERGENCY STANDBY GENERATOR,20100102
14248811,GOOGLE LLC,GOOGLE LLC,518210,37.422084,-122.088629,"MOUNTAIN, VIEW CAMPUS",MOUNTAIN VIEW,94043,130637713,Unclassified,EMERGENCY DIESEL GENERATOR ENGINE,EMERGENCY DIESEL GENERATOR ENGINE,20100102
14248811,GOOGLE LLC,GOOGLE LLC,518210,37.422084,-122.088629,"MOUNTAIN, VIEW CAMPUS",MOUNTAIN VIEW,94043,130637913,Unclassified,"SPRAY BOOTH, GFS ULTRA XD AND CURING OVE","SPRAY BOOTH, GFS ULTRA XD AND CURING OVEN, GFS ULTRA XD SPAC",40299998
14248811,GOOGLE LLC,GOOGLE LLC,518210,37.422084,-122.088629,"MOUNTAIN, VIEW CAMPUS",MOUNTAIN VIEW,94043,130638113,Unclassified,EMERGENCY STANDBY DIESEL GENERATOR SET,EMERGENCY STANDBY DIESEL GENERATOR SET,20100102
14248811,GOOGLE LLC,GOOGLE LLC,518210,37.422084,-122.088629,"MOUNTAIN, VIEW CAMPUS",MOUNTAIN VIEW,94043,130638213,Unclassified,EMERGENCY STANDBY DIESEL GENERATOR SET,EMERGENCY STANDBY DIESEL GENERATOR SET,20100102
15753811,EBAY / WPR,EBAY / WPR,518210,37.295786,-121.930291,2145 HAMILTON AVENUE,SAN JOSE,95125,100766213,Unclassified,STATIONARY STANDBY DIESEL GENERATOR SET,STATIONARY STANDBY DIESEL GENERATOR SET,20100102
15753811,EBAY / WPR,EBAY / WPR,518210,37.295786,-121.930291,2145 HAMILTON AVENUE,SAN JOSE,95125,130639013,Unclassified,EMERGENCY STANDBY NATURAL GAS GENERATOR,EMERGENCY STANDBY NATURAL GAS GENERATOR SET,20100202
15753811,EBAY / WPR,EBAY / WPR,518210,37.295786,-121.930291,2145 HAMILTON AVENUE,SAN JOSE,95125,100766113,Unclassified,DIESEL BACK UP GENERATOR,DIESEL BACK UP GENERATOR,20100102
16012811,"VANTAGE DATA CENTERS MANAGEMENT CO , LLC","VANTAGE DATA CENTERS MANAGEMENT CO , LLC",518210,37.371148,-121.969936,2625 WALSH AVENUE,SANTA CLARA,95051,100506113,Unclassified,EMERGENCY GENERATOR DIESEL ENGINE,EMERGENCY GENERATOR DIESEL ENGINE,20100102
16012811,"VANTAGE DATA CENTERS MANAGEMENT CO , LLC","VANTAGE DATA CENTERS MANAGEMENT CO , LLC",518210,37.371148,-121.969936,2625 WALSH AVENUE,SANTA CLARA,95051,100506713,Unclassified,EMERGENCY GENERATOR SET DIESEL ENGINE,EMERGENCY GENERATOR SET DIESEL ENGINE,20100102
16012811,"VANTAGE DATA CENTERS MANAGEMENT CO , LLC","VANTAGE DATA CENTERS MANAGEMENT CO , LLC",518210,37.371148,-121.969936,2625 WALSH AVENUE,SANTA CLARA,95051,120266313,Unclassified,EMERGENCY GENERATOR DIESEL ENGINE,EMERGENCY GENERATOR DIESEL ENGINE,20100102
16012811,"VANTAGE DATA CENTERS MANAGEMENT CO , LLC","VANTAGE DATA CENTERS MANAGEMENT CO , LLC",518210,37.371148,-121.969936,2625 WALSH AVENUE,SANTA CLARA,95051,120266913,Unclassified,EMERGENCY GENERATOR SET DIESEL ENGINE,EMERGENCY GENERATOR SET DIESEL ENGINE,20100102
16012811,"VANTAGE DATA CENTERS MANAGEMENT CO , LLC","VANTAGE DATA CENTERS MANAGEMENT CO , LLC",518210,37.371148,-121.969936,2625 WALSH AVENUE,SANTA CLARA,95051,100506413,Unclassified,EMERGENCY GENERATOR DIESEL ENGINE,EMERGENCY GENERATOR DIESEL ENGINE,20100102
16012811,"VANTAGE DATA CENTERS MANAGEMENT CO , LLC","VANTAGE DATA CENTERS MANAGEMENT CO , LLC",518210,37.371148,-121.969936,2625 WALSH AVENUE,SANTA CLARA,95051,141517313,Unclassified,DIESEL STANDBY GENERATOR,DIESEL STANDBY GENERATOR,20100102
16012811,"VANTAGE DATA CENTERS MANAGEMENT CO , LLC","VANTAGE DATA CENTERS MANAGEMENT CO , LLC",518210,37.371148,-121.969936,2625 WALSH AVENUE,SANTA CLARA,95051,141517413,Unclassified,EMERGENCY GENERATOR DIESEL ENGINE,EMERGENCY GENERATOR DIESEL ENGINE,20100102
16012811,"VANTAGE DATA CENTERS MANAGEMENT CO , LLC","VANTAGE DATA CENTERS MANAGEMENT CO , LLC",518210,37.371148,-121.969936,2625 WALSH AVENUE,SANTA CLARA,95051,141517513,Unclassified,EMERGENCY GENERATOR DIESEL ENGINE,EMERGENCY GENERATOR DIESEL ENGINE,20100102
16012811,"VANTAGE DATA CENTERS MANAGEMENT CO , LLC","VANTAGE DATA CENTERS MANAGEMENT CO , LLC",518210,37.371148,-121.969936,2625 WALSH AVENUE,SANTA CLARA,95051,141517613,Unclassified,EMERGENCY GENERATOR DIESEL ENGINE,EMERGENCY GENERATOR DIESEL ENGINE,20100102
16012811,"VANTAGE DATA CENTERS MANAGEMENT CO , LLC","VANTAGE DATA CENTERS MANAGEMENT CO , LLC",518210,37.371148,-121.969936,2625 WALSH AVENUE,SANTA CLARA,95051,141517713,Unclassified,EMERGENCY GENERATOR DIESEL ENGINE,EMERGENCY GENERATOR DIESEL ENGINE,20100102
16012811,"VANTAGE DATA CENTERS MANAGEMENT CO , LLC","VANTAGE DATA CENTERS MANAGEMENT CO , LLC",518210,37.371148,-121.969936,2625 WALSH AVENUE,SANTA CLARA,95051,141517813,Unclassified,EMERGENCY GENERATOR DIESEL ENGINE,EMERGENCY GENERATOR DIESEL ENGINE,20100102
16012811,"VANTAGE DATA CENTERS MANAGEMENT CO , LLC","VANTAGE DATA CENTERS MANAGEMENT CO , LLC",518210,37.371148,-121.969936,2625 WALSH AVENUE,SANTA CLARA,95051,141517913,Unclassified,EMERGENCY GENERATOR DIESEL ENGINE,EMERGENCY GENERATOR DIESEL ENGINE,20100102
16012811,"VANTAGE DATA CENTERS MANAGEMENT CO , LLC","VANTAGE DATA CENTERS MANAGEMENT CO , LLC",518210,37.371148,-121.969936,2625 WALSH AVENUE,SANTA CLARA,95051,141518013,Unclassified,EMERGENCY GENERATOR DIESEL ENGINE,EMERGENCY GENERATOR DIESEL ENGINE,20100102
16012811,"VANTAGE DATA CENTERS MANAGEMENT CO , LLC","VANTAGE DATA CENTERS MANAGEMENT CO , LLC",518210,37.371148,-121.969936,2625 WALSH AVENUE,SANTA CLARA,95051,141518113,Unclassified,EMERGENCY GENERATOR DIESEL ENGINE,EMERGENCY GENERATOR DIESEL ENGINE,20100102
16012811,"VANTAGE DATA CENTERS MANAGEMENT CO , LLC","VANTAGE DATA CENTERS MANAGEMENT CO , LLC",518210,37.371148,-121.969936,2625 WALSH AVENUE,SANTA CLARA,95051,141518213,Unclassified,EMERGENCY GENERATOR DIESEL ENGINE,EMERGENCY GENERATOR DIESEL ENGINE,20100102
16012811,"VANTAGE DATA CENTERS MANAGEMENT CO , LLC","VANTAGE DATA CENTERS MANAGEMENT CO , LLC",518210,37.371148,-121.969936,2625 WALSH AVENUE,SANTA CLARA,95051,141518313,Unclassified,EMERGENCY GENERATOR DIESEL ENGINE,EMERGENCY GENERATOR DIESEL ENGINE,20100102
16012811,"VANTAGE DATA CENTERS MANAGEMENT CO , LLC","VANTAGE DATA CENTERS MANAGEMENT CO , LLC",518210,37.371148,-121.969936,2625 WALSH AVENUE,SANTA CLARA,95051,141518413,Unclassified,EMERGENCY GENERATOR DIESEL ENGINE,EMERGENCY GENERATOR DIESEL ENGINE,20100102
16012811,"VANTAGE DATA CENTERS MANAGEMENT CO , LLC","VANTAGE DATA CENTERS MANAGEMENT CO , LLC",518210,37.371148,-121.969936,2625 WALSH AVENUE,SANTA CLARA,95051,141518513,Unclassified,EMERGENCY GENERATOR DIESEL ENGINE,EMERGENCY GENERATOR DIESEL ENGINE,20100102
16012811,"VANTAGE DATA CENTERS MANAGEMENT CO , LLC","VANTAGE DATA CENTERS MANAGEMENT CO , LLC",518210,37.371148,-121.969936,2625 WALSH AVENUE,SANTA CLARA,95051,141518613,Unclassified,EMERGENCY GENERATOR DIESEL ENGINE,EMERGENCY GENERATOR DIESEL ENGINE,20100102
16012811,"VANTAGE DATA CENTERS MANAGEMENT CO , LLC","VANTAGE DATA CENTERS MANAGEMENT CO , LLC",518210,37.371148,-121.969936,2625 WALSH AVENUE,SANTA CLARA,95051,141518713,Unclassified,EMERGENCY GENERATOR DIESEL ENGINE,EMERGENCY GENERATOR DIESEL ENGINE,20100102
16012811,"VANTAGE DATA CENTERS MANAGEMENT CO , LLC","VANTAGE DATA CENTERS MANAGEMENT CO , LLC",518210,37.371148,-121.969936,2625 WALSH AVENUE,SANTA CLARA,95051,141518813,Unclassified,EMERGENCY GENERATOR DIESEL ENGINE,EMERGENCY GENERATOR DIESEL ENGINE,20100102
16012811,"VANTAGE DATA CENTERS MANAGEMENT CO , LLC","VANTAGE DATA CENTERS MANAGEMENT CO , LLC",518210,37.371148,-121.969936,2625 WALSH AVENUE,SANTA CLARA,95051,141518913,Unclassified,EMERGENCY GENERATOR DIESEL ENGINE,EMERGENCY GENERATOR DIESEL ENGINE,20100102
16012811,"VANTAGE DATA CENTERS MANAGEMENT CO , LLC","VANTAGE DATA CENTERS MANAGEMENT CO , LLC",518210,37.371148,-121.969936,2625 WALSH AVENUE,SANTA CLARA,95051,141519013,Unclassified,EMERGENCY GENERATOR DIESEL ENGINE,EMERGENCY GENERATOR DIESEL ENGINE,20100102
16012811,"VANTAGE DATA CENTERS MANAGEMENT CO , LLC","VANTAGE DATA CENTERS MANAGEMENT CO , LLC",518210,37.371148,-121.969936,2625 WALSH AVENUE,SANTA CLARA,95051,141519113,Unclassified,EMERGENCY GENERATOR DIESEL ENGINE,EMERGENCY GENERATOR DIESEL ENGINE,20100102
16012811,"VANTAGE DATA CENTERS MANAGEMENT CO , LLC","VANTAGE DATA CENTERS MANAGEMENT CO , LLC",518210,37.371148,-121.969936,2625 WALSH AVENUE,SANTA CLARA,95051,141519213,Unclassified,EMERGENCY GENERATOR DIESEL ENGINE,EMERGENCY GENERATOR DIESEL ENGINE,20100102
16012811,"VANTAGE DATA CENTERS MANAGEMENT CO , LLC","VANTAGE DATA CENTERS MANAGEMENT CO , LLC",518210,37.371148,-121.969936,2625 WALSH AVENUE,SANTA CLARA,95051,100506913,Unclassified,EMERGENCY GENERATOR SET DIESEL ENGINE,EMERGENCY GENERATOR SET DIESEL ENGINE,20100102
16012811,"VANTAGE DATA CENTERS MANAGEMENT CO , LLC","VANTAGE DATA CENTERS MANAGEMENT CO , LLC",518210,37.371148,-121.969936,2625 WALSH AVENUE,SANTA CLARA,95051,120266213,Unclassified,EMERGENCY GENERATOR DIESEL ENGINE,EMERGENCY GENERATOR DIESEL ENGINE,20100102
16012811,"VANTAGE DATA CENTERS MANAGEMENT CO , LLC","VANTAGE DATA CENTERS MANAGEMENT CO , LLC",518210,37.371148,-121.969936,2625 WALSH AVENUE,SANTA CLARA,95051,120266413,Unclassified,EMERGENCY GENERATOR DIESEL ENGINE,EMERGENCY GENERATOR DIESEL ENGINE,20100102
16012811,"VANTAGE DATA CENTERS MANAGEMENT CO , LLC","VANTAGE DATA CENTERS MANAGEMENT CO , LLC",518210,37.371148,-121.969936,2625 WALSH AVENUE,SANTA CLARA,95051,120266513,Unclassified,EMERGENCY GENERATOR DIESEL ENGINE,EMERGENCY GENERATOR DIESEL ENGINE,20100102
16012811,"VANTAGE DATA CENTERS MANAGEMENT CO , LLC","VANTAGE DATA CENTERS MANAGEMENT CO , LLC",518210,37.371148,-121.969936,2625 WALSH AVENUE,SANTA CLARA,95051,120266613,Unclassified,EMERGENCY GENERATOR DIESEL ENGINE,EMERGENCY GENERATOR DIESEL ENGINE,20100102
16012811,"VANTAGE DATA CENTERS MANAGEMENT CO , LLC","VANTAGE DATA CENTERS MANAGEMENT CO , LLC",518210,37.371148,-121.969936,2625 WALSH AVENUE,SANTA CLARA,95051,120266713,Unclassified,EMERGENCY GENERATOR DIESEL ENGINE,EMERGENCY GENERATOR DIESEL ENGINE,20100102
16012811,"VANTAGE DATA CENTERS MANAGEMENT CO , LLC","VANTAGE DATA CENTERS MANAGEMENT CO , LLC",518210,37.371148,-121.969936,2625 WALSH AVENUE,SANTA CLARA,95051,120266813,Unclassified,EMERGENCY GENERATOR SET DIESEL ENGINE,EMERGENCY GENERATOR SET DIESEL ENGINE,20100102
16012811,"VANTAGE DATA CENTERS MANAGEMENT CO , LLC","VANTAGE DATA CENTERS MANAGEMENT CO , LLC",518210,37.371148,-121.969936,2625 WALSH AVENUE,SANTA CLARA,95051,120267013,Unclassified,EMERGENCY GENERATOR SET DIESEL ENGINE,EMERGENCY GENERATOR SET DIESEL ENGINE,20100102
16012811,"VANTAGE DATA CENTERS MANAGEMENT CO , LLC","VANTAGE DATA CENTERS MANAGEMENT CO , LLC",518210,37.371148,-121.969936,2625 WALSH AVENUE,SANTA CLARA,95051,120267113,Unclassified,EMERGENCY GENERATOR SET DIESEL ENGINE,EMERGENCY GENERATOR SET DIESEL ENGINE,20100102
16012811,"VANTAGE DATA CENTERS MANAGEMENT CO , LLC","VANTAGE DATA CENTERS MANAGEMENT CO , LLC",518210,37.371148,-121.969936,2625 WALSH AVENUE,SANTA CLARA,95051,120267213,Unclassified,EMERGENCY GENERATOR SET DIESEL ENGINE,EMERGENCY GENERATOR SET DIESEL ENGINE,20100102
16012811,"VANTAGE DATA CENTERS MANAGEMENT CO , LLC","VANTAGE DATA CENTERS MANAGEMENT CO , LLC",518210,37.371148,-121.969936,2625 WALSH AVENUE,SANTA CLARA,95051,100506013,Unclassified,EMERGENCY GENERATOR DIESEL ENGINE,EMERGENCY GENERATOR DIESEL ENGINE,20100102
16012811,"VANTAGE DATA CENTERS MANAGEMENT CO , LLC","VANTAGE DATA CENTERS MANAGEMENT CO , LLC",518210,37.371148,-121.969936,2625 WALSH AVENUE,SANTA CLARA,95051,100506613,Unclassified,"EMERGENCY GENERATOR SET, DIESEL ENGINE","EMERGENCY GENERATOR SET, DIESEL ENGINE",20100102
16012811,"VANTAGE DATA CENTERS MANAGEMENT CO , LLC","VANTAGE DATA CENTERS MANAGEMENT CO , LLC",518210,37.371148,-121.969936,2625 WALSH AVENUE,SANTA CLARA,95051,100506213,Unclassified,EMERGENCY GENERATOR DIESEL ENGINE,EMERGENCY GENERATOR DIESEL ENGINE,20100102
16012811,"VANTAGE DATA CENTERS MANAGEMENT CO , LLC","VANTAGE DATA CENTERS MANAGEMENT CO , LLC",518210,37.371148,-121.969936,2625 WALSH AVENUE,SANTA CLARA,95051,100506313,Unclassified,EMERGENCY GENERATOR DIESEL ENGINE,EMERGENCY GENERATOR DIESEL ENGINE,20100102
16012811,"VANTAGE DATA CENTERS MANAGEMENT CO , LLC","VANTAGE DATA CENTERS MANAGEMENT CO , LLC",518210,37.371148,-121.969936,2625 WALSH AVENUE,SANTA CLARA,95051,100506513,Unclassified,EMERGENCY GENERATOR DIESEL ENGINE,EMERGENCY GENERATOR DIESEL ENGINE,20100102
16012811,"VANTAGE DATA CENTERS MANAGEMENT CO , LLC","VANTAGE DATA CENTERS MANAGEMENT CO , LLC",518210,37.371148,-121.969936,2625 WALSH AVENUE,SANTA CLARA,95051,100506813,Unclassified,EMERGENCY GENERATOR SET DIESEL ENGINE,EMERGENCY GENERATOR SET DIESEL ENGINE,20100102
9995711,VERIZON BUSINESS,VERIZON BUSINESS,518210,37.337836,-121.909737,500 STOCKTON AVENUE,SAN JOSE,95126,84249013,Unclassified,"DIESEL ENGINE, CATERPILLAR MODEL 3516B,","DIESEL ENGINE, CATERPILLAR MODEL 3516B, EMERGENCY STANDBY",20100102
9995711,VERIZON BUSINESS,VERIZON BUSINESS,518210,37.337836,-121.909737,500 STOCKTON AVENUE,SAN JOSE,95126,54525213,Unclassified,EMERGENCY GENERATOR 1,EMERGENCY GENERATOR 1,20100102
3329911,NTT GLOBAL DATA CENTERS AMERICAS INC.,NTT GLOBAL DATA CENTERS AMERICAS INC.,518210,37.403894,-121.889245,2334 LUNDY PLACE,SAN JOSE,95131,38914113,Unclassified,"MW STANDBY, GENERATOR SET","MW STANDBY, GENERATOR SET",20100102
3329911,NTT GLOBAL DATA CENTERS AMERICAS INC.,NTT GLOBAL DATA CENTERS AMERICAS INC.,518210,37.403894,-121.889245,2334 LUNDY PLACE,SAN JOSE,95131,38914013,Unclassified,"MW STANDBY, GENERATOR SET","MW STANDBY, GENERATOR SET",20100102
3329911,NTT GLOBAL DATA CENTERS AMERICAS INC.,NTT GLOBAL DATA CENTERS AMERICAS INC.,518210,37.403894,-121.889245,2334 LUNDY PLACE,SAN JOSE,95131,38914413,Unclassified,"MW STANDBY, GENERATOR SET","MW STANDBY, GENERATOR SET",20100102
3329911,NTT GLOBAL DATA CENTERS AMERICAS INC.,NTT GLOBAL DATA CENTERS AMERICAS INC.,518210,37.403894,-121.889245,2334 LUNDY PLACE,SAN JOSE,95131,38913813,Unclassified,"MW STANDBY, GENERATOR SET","MW STANDBY, GENERATOR SET",20100102
3329911,NTT GLOBAL DATA CENTERS AMERICAS INC.,NTT GLOBAL DATA CENTERS AMERICAS INC.,518210,37.403894,-121.889245,2334 LUNDY PLACE,SAN JOSE,95131,38913913,Unclassified,"MW STANDBY, GENERATOR SET","MW STANDBY, GENERATOR SET",20100102
3329911,NTT GLOBAL DATA CENTERS AMERICAS INC.,NTT GLOBAL DATA CENTERS AMERICAS INC.,518210,37.403894,-121.889245,2334 LUNDY PLACE,SAN JOSE,95131,38913713,Unclassified,"MW STANDBY, GENERATOR SET","MW STANDBY, GENERATOR SET",20100102
13771711,3011 LAFAYETTE,3011 LAFAYETTE,518210,37.376741,-121.94989,3011 LAFAYETTE STREET,SANTA CLARA,95054,83656213,Unclassified,EMERGENCY DIESEL GENERATOR ENGINE,EMERGENCY DIESEL GENERATOR ENGINE,20100102
13771711,3011 LAFAYETTE,3011 LAFAYETTE,518210,37.376741,-121.94989,3011 LAFAYETTE STREET,SANTA CLARA,95054,83656513,Unclassified,EMERGENCY DIESEL GENERATOR ENGINE,EMERGENCY DIESEL GENERATOR ENGINE,20100102
13771711,3011 LAFAYETTE,3011 LAFAYETTE,518210,37.376741,-121.94989,3011 LAFAYETTE STREET,SANTA CLARA,95054,83656413,Unclassified,EMERGENCY DIESEL GENERATOR ENGINE,EMERGENCY DIESEL GENERATOR ENGINE,20100102
13771711,3011 LAFAYETTE,3011 LAFAYETTE,518210,37.376741,-121.94989,3011 LAFAYETTE STREET,SANTA CLARA,95054,83656313,Unclassified,EMERGENCY DIESEL GENERATOR ENGINE,EMERGENCY DIESEL GENERATOR ENGINE,20100102
13771711,3011 LAFAYETTE,3011 LAFAYETTE,518210,37.376741,-121.94989,3011 LAFAYETTE STREET,SANTA CLARA,95054,83656113,Unclassified,EMERGENCY DIESEL GENERATOR ENGINE,EMERGENCY DIESEL GENERATOR ENGINE,20100102
13771711,3011 LAFAYETTE,3011 LAFAYETTE,518210,37.376741,-121.94989,3011 LAFAYETTE STREET,SANTA CLARA,95054,83656013,Unclassified,EMERGENCY DIESEL GENERATOR ENGINE,EMERGENCY DIESEL GENERATOR ENGINE,20100102
19508211,GOOGLE LLC,GOOGLE LLC,518210,37.403027,-122.031186,803 ELEVENTH AVE,SUNNYVALE,94089,141511013,Unclassified,EMERGENCY GENERATOR - 803 11TH AVE,EMERGENCY GENERATOR - 803 11TH AVE,20100102
19508211,GOOGLE LLC,GOOGLE LLC,518210,37.403027,-122.031186,803 ELEVENTH AVE,SUNNYVALE,94089,141511113,Unclassified,EMERGENCY GENERATOR - 805 11TH AVE,EMERGENCY GENERATOR - 805 11TH AVE,20100102
19660811,VERIZON MEDIA,VERIZON MEDIA,518210,37.419403,-122.033656,700 1ST AVENUE,SUNNYVALE,94089,141550213,Unclassified,EMERGENCY DIESEL GENERATOR ENGINE,EMERGENCY DIESEL GENERATOR ENGINE,20100102
19660811,VERIZON MEDIA,VERIZON MEDIA,518210,37.419403,-122.033656,700 1ST AVENUE,SUNNYVALE,94089,141550313,Unclassified,EMERGENCY DIESEL GENERATOR ENGINE,EMERGENCY DIESEL GENERATOR ENGINE,20100102
19660811,VERIZON MEDIA,VERIZON MEDIA,518210,37.419403,-122.033656,700 1ST AVENUE,SUNNYVALE,94089,141550413,Unclassified,EMERGENCY DIESEL GENERATOR ENGINE,EMERGENCY DIESEL GENERATOR ENGINE,20100102
19507811,GOOGLE LLC,GOOGLE LLC,518210,37.411988,-121.955568,"285 W TASMAN DR, BLDG I",SAN JOSE,95134,141551413,Unclassified,EMERGENCY GENERATOR SET DIESEL ENGINE,EMERGENCY GENERATOR SET DIESEL ENGINE,20100102
19660311,VANTAGE DATA CENTERS MANAGEMENT O.,VANTAGE DATA CENTERS MANAGEMENT O.,518210,37.36402,-121.947583,725 MATHEW STREET,SANTA CLARA,95050,141540413,Unclassified,STANDBY DIESEL GENERATOR,STANDBY DIESEL GENERATOR,20100102
19660311,VANTAGE DATA CENTERS MANAGEMENT O.,VANTAGE DATA CENTERS MANAGEMENT O.,518210,37.36402,-121.947583,725 MATHEW STREET,SANTA CLARA,95050,141540513,Unclassified,DIESEL GENERATOR ENGINE,DIESEL GENERATOR ENGINE,20100102
19660311,VANTAGE DATA CENTERS MANAGEMENT O.,VANTAGE DATA CENTERS MANAGEMENT O.,518210,37.36402,-121.947583,725 MATHEW STREET,SANTA CLARA,95050,141540613,Unclassified,DIESEL GENERATOR ENGINE,DIESEL GENERATOR ENGINE,20100102
19660311,VANTAGE DATA CENTERS MANAGEMENT O.,VANTAGE DATA CENTERS MANAGEMENT O.,518210,37.36402,-121.947583,725 MATHEW STREET,SANTA CLARA,95050,141540713,Unclassified,DIESEL GENERATOR ENGINE,DIESEL GENERATOR ENGINE,20100102
19660311,VANTAGE DATA CENTERS MANAGEMENT O.,VANTAGE DATA CENTERS MANAGEMENT O.,518210,37.36402,-121.947583,725 MATHEW STREET,SANTA CLARA,95050,141540813,Unclassified,DIESEL GENERATOR ENGINE,DIESEL GENERATOR ENGINE,20100102
19660311,VANTAGE DATA CENTERS MANAGEMENT O.,VANTAGE DATA CENTERS MANAGEMENT O.,518210,37.36402,-121.947583,725 MATHEW STREET,SANTA CLARA,95050,141540913,Unclassified,DIESEL GENERATOR ENGINE,DIESEL GENERATOR ENGINE,20100102
19660311,VANTAGE DATA CENTERS MANAGEMENT O.,VANTAGE DATA CENTERS MANAGEMENT O.,518210,37.36402,-121.947583,725 MATHEW STREET,SANTA CLARA,95050,141541013,Unclassified,DIESEL GENERATOR ENGINE,DIESEL GENERATOR ENGINE,20100102
19660311,VANTAGE DATA CENTERS MANAGEMENT O.,VANTAGE DATA CENTERS MANAGEMENT O.,518210,37.36402,-121.947583,725 MATHEW STREET,SANTA CLARA,95050,141541113,Unclassified,DIESEL GENERATOR ENGINE,DIESEL GENERATOR ENGINE,20100102
19660311,VANTAGE DATA CENTERS MANAGEMENT O.,VANTAGE DATA CENTERS MANAGEMENT O.,518210,37.36402,-121.947583,725 MATHEW STREET,SANTA CLARA,95050,141541213,Unclassified,DIESEL GENERATOR ENGINE,DIESEL GENERATOR ENGINE,20100102
19660311,VANTAGE DATA CENTERS MANAGEMENT O.,VANTAGE DATA CENTERS MANAGEMENT O.,518210,37.36402,-121.947583,725 MATHEW STREET,SANTA CLARA,95050,141541313,Unclassified,DIESEL GENERATOR ENGINE,DIESEL GENERATOR ENGINE,20100102
19660311,VANTAGE DATA CENTERS MANAGEMENT O.,VANTAGE DATA CENTERS MANAGEMENT O.,518210,37.36402,-121.947583,725 MATHEW STREET,SANTA CLARA,95050,141541413,Unclassified,DIESEL GENERATOR ENGINE,DIESEL GENERATOR ENGINE,20100102
19660311,VANTAGE DATA CENTERS MANAGEMENT O.,VANTAGE DATA CENTERS MANAGEMENT O.,518210,37.36402,-121.947583,725 MATHEW STREET,SANTA CLARA,95050,141541513,Unclassified,DIESEL GENERATOR ENGINE,DIESEL GENERATOR ENGINE,20100102
19660311,VANTAGE DATA CENTERS MANAGEMENT O.,VANTAGE DATA CENTERS MANAGEMENT O.,518210,37.36402,-121.947583,725 MATHEW STREET,SANTA CLARA,95050,141541613,Unclassified,DIESEL GENERATOR ENGINE,DIESEL GENERATOR ENGINE,20100102
19660311,VANTAGE DATA CENTERS MANAGEMENT O.,VANTAGE DATA CENTERS MANAGEMENT O.,518210,37.36402,-121.947583,725 MATHEW STREET,SANTA CLARA,95050,141541713,Unclassified,DIESEL GENERATOR ENGINE,DIESEL GENERATOR ENGINE,20100102
19660311,VANTAGE DATA CENTERS MANAGEMENT O.,VANTAGE DATA CENTERS MANAGEMENT O.,518210,37.36402,-121.947583,725 MATHEW STREET,SANTA CLARA,95050,141541813,Unclassified,DIESEL GENERATOR ENGINE,DIESEL GENERATOR ENGINE,20100102
19660311,VANTAGE DATA CENTERS MANAGEMENT O.,VANTAGE DATA CENTERS MANAGEMENT O.,518210,37.36402,-121.947583,725 MATHEW STREET,SANTA CLARA,95050,141541913,Unclassified,DIESEL GENERATOR ENGINE,DIESEL GENERATOR ENGINE,20100102
19660311,VANTAGE DATA CENTERS MANAGEMENT O.,VANTAGE DATA CENTERS MANAGEMENT O.,518210,37.36402,-121.947583,725 MATHEW STREET,SANTA CLARA,95050,141542013,Unclassified,DIESEL GENERATOR ENGINE,DIESEL GENERATOR ENGINE,20100102
19654811,"MICRON TECHNOLOGY, INC","MICRON TECHNOLOGY, INC",518210,37.417716,-121.95402,110 HOLGER WAY,SAN JOSE,95134,141545813,Unclassified,EMERGENCY STANDBY GENERATOR SET,EMERGENCY STANDBY GENERATOR SET,20100102
19654811,"MICRON TECHNOLOGY, INC","MICRON TECHNOLOGY, INC",518210,37.417716,-121.95402,110 HOLGER WAY,SAN JOSE,95134,141545913,Unclassified,EMERGENCY STANDY GENERATOR SET,EMERGENCY STANDY GENERATOR SET,20100102
19654811,"MICRON TECHNOLOGY, INC","MICRON TECHNOLOGY, INC",518210,37.417716,-121.95402,110 HOLGER WAY,SAN JOSE,95134,141546013,Unclassified,EMERGENCY DIESEL GENERATOR ENGINE,EMERGENCY DIESEL GENERATOR ENGINE,20100102
19654911,MICROSOFT,MICROSOFT,518210,37.394169,-122.033725,755 N MATHILDA AVENUE,SUNNYVALE,94085,141546313,Unclassified,EMERGENCY DIESEL GENERATOR ENGINE,EMERGENCY DIESEL GENERATOR ENGINE,20100102
18612511,STACK INFRASTRUCTURE,STACK INFRASTRUCTURE,518210,37.402658,-121.89297,2001 FORTUNE DRIVE,SAN JOSE,95131,133216413,Unclassified,STATIONARY STANDBY DIESEL GENERATOR SET,STATIONARY STANDBY DIESEL GENERATOR SET - U1,20100102
18612511,STACK INFRASTRUCTURE,STACK INFRASTRUCTURE,518210,37.402658,-121.89297,2001 FORTUNE DRIVE,SAN JOSE,95131,133216513,Unclassified,EMERGENCY STANDBY DIESEL GENERATOR SET -,EMERGENCY STANDBY DIESEL GENERATOR SET - GS1,20100102
18612511,STACK INFRASTRUCTURE,STACK INFRASTRUCTURE,518210,37.402658,-121.89297,2001 FORTUNE DRIVE,SAN JOSE,95131,133216613,Unclassified,STATIONARY STANDBY DIESEL GENERATOR SET,STATIONARY STANDBY DIESEL GENERATOR SET - U2,20100102
18612511,STACK INFRASTRUCTURE,STACK INFRASTRUCTURE,518210,37.402658,-121.89297,2001 FORTUNE DRIVE,SAN JOSE,95131,133216713,Unclassified,STATIONARY STANDBY DIESEL GENERATOR SET,STATIONARY STANDBY DIESEL GENERATOR SET - U3,20100102
18612511,STACK INFRASTRUCTURE,STACK INFRASTRUCTURE,518210,37.402658,-121.89297,2001 FORTUNE DRIVE,SAN JOSE,95131,133216813,Unclassified,STATIONARY STANDBY DIESEL GENERATOR SET,STATIONARY STANDBY DIESEL GENERATOR SET - U4,20100102
18612511,STACK INFRASTRUCTURE,STACK INFRASTRUCTURE,518210,37.402658,-121.89297,2001 FORTUNE DRIVE,SAN JOSE,95131,133216913,Unclassified,STATIONARY STANDBY DIESEL GENERATOR SET,STATIONARY STANDBY DIESEL GENERATOR SET - U5,20100102
18612511,STACK INFRASTRUCTURE,STACK INFRASTRUCTURE,518210,37.402658,-121.89297,2001 FORTUNE DRIVE,SAN JOSE,95131,133217013,Unclassified,STATIONARY STANDBY DIESEL GENERATOR SET,STATIONARY STANDBY DIESEL GENERATOR SET - S1,20100102
18612511,STACK INFRASTRUCTURE,STACK INFRASTRUCTURE,518210,37.402658,-121.89297,2001 FORTUNE DRIVE,SAN JOSE,95131,133217113,Unclassified,STATIONARY STANDBY DIESEL GENERATOR SET,STATIONARY STANDBY DIESEL GENERATOR SET - M1,20100102
18612511,STACK INFRASTRUCTURE,STACK INFRASTRUCTURE,518210,37.402658,-121.89297,2001 FORTUNE DRIVE,SAN JOSE,95131,133217213,Unclassified,EMERGENCY STANDBY DIESEL GENERATOR SET -,EMERGENCY STANDBY DIESEL GENERATOR SET - M2,20100102
18612511,STACK INFRASTRUCTURE,STACK INFRASTRUCTURE,518210,37.402658,-121.89297,2001 FORTUNE DRIVE,SAN JOSE,95131,133217313,Unclassified,EMERGENCY STANDBY DIESEL GENERATOR SET -,EMERGENCY STANDBY DIESEL GENERATOR SET - G1,20100102
18618111,VDC V,VDC V,518210,37.373952,-121.987753,3000 CORVIN DRIVE,SANTA CLARA,95051,133238513,Unclassified,EMERGENCY DIESEL GENERATOR ENGINE,EMERGENCY DIESEL GENERATOR ENGINE,20100102
18618111,VDC V,VDC V,518210,37.373952,-121.987753,3000 CORVIN DRIVE,SANTA CLARA,95051,133238613,Unclassified,EMERGENCY DIESEL GENERATOR ENGINE,EMERGENCY DIESEL GENERATOR ENGINE,20100102
18618111,VDC V,VDC V,518210,37.373952,-121.987753,3000 CORVIN DRIVE,SANTA CLARA,95051,133238713,Unclassified,EMERGENCY DIESEL GENERATOR ENGINE,EMERGENCY DIESEL GENERATOR ENGINE,20100102
18618111,VDC V,VDC V,518210,37.373952,-121.987753,3000 CORVIN DRIVE,SANTA CLARA,95051,133238813,Unclassified,EMERGENCY DIESEL GENERATOR ENGINE,EMERGENCY DIESEL GENERATOR ENGINE,20100102
18618111,VDC V,VDC V,518210,37.373952,-121.987753,3000 CORVIN DRIVE,SANTA CLARA,95051,133238913,Unclassified,EMERGENCY DIESEL GENERATOR ENGINE,EMERGENCY DIESEL GENERATOR ENGINE,20100102
18618111,VDC V,VDC V,518210,37.373952,-121.987753,3000 CORVIN DRIVE,SANTA CLARA,95051,133239013,Unclassified,EMERGENCY DIESEL GENERATOR ENGINE,EMERGENCY DIESEL GENERATOR ENGINE,20100102
18618111,VDC V,VDC V,518210,37.373952,-121.987753,3000 CORVIN DRIVE,SANTA CLARA,95051,133239113,Unclassified,EMERGENCY DIESEL GENERATOR ENGINE,EMERGENCY DIESEL GENERATOR ENGINE,20100102
18618111,VDC V,VDC V,518210,37.373952,-121.987753,3000 CORVIN DRIVE,SANTA CLARA,95051,133239213,Unclassified,EMERGENCY DIESEL GENERATOR ENGINE,EMERGENCY DIESEL GENERATOR ENGINE,20100102
18618111,VDC V,VDC V,518210,37.373952,-121.987753,3000 CORVIN DRIVE,SANTA CLARA,95051,133239313,Unclassified,EMERGENCY DIESEL GENERATOR ENGINE,EMERGENCY DIESEL GENERATOR ENGINE,20100102
18618111,VDC V,VDC V,518210,37.373952,-121.987753,3000 CORVIN DRIVE,SANTA CLARA,95051,133239413,Unclassified,EMERGENCY DIESEL GENERATOR ENGINE,EMERGENCY DIESEL GENERATOR ENGINE,20100102
18618111,VDC V,VDC V,518210,37.373952,-121.987753,3000 CORVIN DRIVE,SANTA CLARA,95051,133239513,Unclassified,EMERGENCY DIESEL GENERATOR ENGINE,EMERGENCY DIESEL GENERATOR ENGINE,20100102
18618111,VDC V,VDC V,518210,37.373952,-121.987753,3000 CORVIN DRIVE,SANTA CLARA,95051,133239613,Unclassified,EMERGENCY DIESEL GENERATOR ENGINE,EMERGENCY DIESEL GENERATOR ENGINE,20100102
18618111,VDC V,VDC V,518210,37.373952,-121.987753,3000 CORVIN DRIVE,SANTA CLARA,95051,133239713,Unclassified,EMERGENCY DIESEL GENERATOR ENGINE,EMERGENCY DIESEL GENERATOR ENGINE,20100102
18618111,VDC V,VDC V,518210,37.373952,-121.987753,3000 CORVIN DRIVE,SANTA CLARA,95051,133239813,Unclassified,EMERGENCY DIESEL GENERATOR ENGINE,EMERGENCY DIESEL GENERATOR ENGINE,20100102
18618111,VDC V,VDC V,518210,37.373952,-121.987753,3000 CORVIN DRIVE,SANTA CLARA,95051,133239913,Unclassified,EMERGENCY DIESEL GENERATOR ENGINE,EMERGENCY DIESEL GENERATOR ENGINE,20100102
18618111,VDC V,VDC V,518210,37.373952,-121.987753,3000 CORVIN DRIVE,SANTA CLARA,95051,133240013,Unclassified,EMERGENCY DIESEL GENERATOR ENGINE,EMERGENCY DIESEL GENERATOR ENGINE,20100102
18618111,VDC V,VDC V,518210,37.373952,-121.987753,3000 CORVIN DRIVE,SANTA CLARA,95051,133240113,Unclassified,EMERGENCY DIESEL GENERATOR ENGINE,EMERGENCY DIESEL GENERATOR ENGINE,20100102
17284111,AVNET  INC,AVNET  INC,518210,37.393764,-121.923107,2580 JUNCTION AVENUE,SAN JOSE,95134,120303713,Unclassified,EMERGENCY STANDBY DIESEL GENERATOR SET,EMERGENCY STANDBY DIESEL GENERATOR SET,20100102
18611211,GOOGLE LLC,GOOGLE LLC,518210,37.39998,-122.05266,475 ELLIS STREET,MOUNTAIN VIEW,94043,133213013,Unclassified,1.5 MW EMERGENCY GENSET,1.5 MW EMERGENCY GENSET,20100102
18611211,GOOGLE LLC,GOOGLE LLC,518210,37.39998,-122.05266,475 ELLIS STREET,MOUNTAIN VIEW,94043,133213113,Unclassified,1.5 MW EMERGENCY GENSET,1.5 MW EMERGENCY GENSET,20100102
18611211,GOOGLE LLC,GOOGLE LLC,518210,37.39998,-122.05266,475 ELLIS STREET,MOUNTAIN VIEW,94043,133213213,Unclassified,1.5 MW EMERGENCY GENSET,1.5 MW EMERGENCY GENSET,20100102
18611211,GOOGLE LLC,GOOGLE LLC,518210,37.39998,-122.05266,475 ELLIS STREET,MOUNTAIN VIEW,94043,141530113,Unclassified,1.5 MW EMERGENCY GENSET,1.5 MW EMERGENCY GENSET,20100102
19508111,GOOGLE LLC,GOOGLE LLC,518210,37.400579,-122.047018,600 CLYDE AVE,MOUNTAIN VIEW,94043,141516913,Unclassified,ICE,ICE,20100102
15734311,DATAPIPE INC,DATAPIPE INC,518210,37.333975,-121.888131,150 SO 1ST STREET,SAN JOSE,95113,100598413,Unclassified,EMERGENCY STANDBY DIESEL GENERATOR SET,EMERGENCY STANDBY DIESEL GENERATOR SET,20100102
15734311,DATAPIPE INC,DATAPIPE INC,518210,37.333975,-121.888131,150 SO 1ST STREET,SAN JOSE,95113,100598513,Unclassified,EMERGENCY STANDBY DIESEL GENERATOR SET,EMERGENCY STANDBY DIESEL GENERATOR SET,20100102
15734311,DATAPIPE INC,DATAPIPE INC,518210,37.333975,-121.888131,150 SO 1ST STREET,SAN JOSE,95113,100598613,Unclassified,EMERGENCY STANDBY DIESEL GENERATOR SET,EMERGENCY STANDBY DIESEL GENERATOR SET,20100102
15734311,DATAPIPE INC,DATAPIPE INC,518210,37.333975,-121.888131,150 SO 1ST STREET,SAN JOSE,95113,100598713,Unclassified,EMERGENCY STANDBY DIESEL GENERATOR SET,EMERGENCY STANDBY DIESEL GENERATOR SET,20100102
15734311,DATAPIPE INC,DATAPIPE INC,518210,37.333975,-121.888131,150 SO 1ST STREET,SAN JOSE,95113,100598813,Unclassified,EMERGENCY STANDBY DIESEL GENERATOR SET,EMERGENCY STANDBY DIESEL GENERATOR SET,20100102
15734311,DATAPIPE INC,DATAPIPE INC,518210,37.333975,-121.888131,150 SO 1ST STREET,SAN JOSE,95113,100598913,Unclassified,EMERGENCY STANDBY DIESEL GENERATOR SET,EMERGENCY STANDBY DIESEL GENERATOR SET,20100102
13771511,EQUINIX LLC,EQUINIX LLC,518210,37.413258,-122.01526,255 CASPIAN DRIVE,SUNNYVALE,94089,83655013,Unclassified,DETROIT DIESEL POWERED HITEC GENERATOR,DETROIT DIESEL POWERED HITEC GENERATOR,20100102
13771511,EQUINIX LLC,EQUINIX LLC,518210,37.413258,-122.01526,255 CASPIAN DRIVE,SUNNYVALE,94089,83654913,Unclassified,DETROIT DIESEL POWERED HITEC GENERATOR,DETROIT DIESEL POWERED HITEC GENERATOR,20100102
13771511,EQUINIX LLC,EQUINIX LLC,518210,37.413258,-122.01526,255 CASPIAN DRIVE,SUNNYVALE,94089,83654713,Unclassified,DETROIT DIESEL POWERED HITEC GENERATOR,DETROIT DIESEL POWERED HITEC GENERATOR,20100102
13771511,EQUINIX LLC,EQUINIX LLC,518210,37.413258,-122.01526,255 CASPIAN DRIVE,SUNNYVALE,94089,83654613,Unclassified,DETROIT DIESEL POWERED HITEC GENERATOR,DETROIT DIESEL POWERED HITEC GENERATOR,20100102
13771511,EQUINIX LLC,EQUINIX LLC,518210,37.413258,-122.01526,255 CASPIAN DRIVE,SUNNYVALE,94089,83654813,Unclassified,DETROIT DIESEL POWERED HITEC GENERATOR,DETROIT DIESEL POWERED HITEC GENERATOR,20100102
19653611,LINKEDIN CORPORATION,LINKEDIN CORPORATION,518210,37.39241,-122.046943,700 E MIDDLEFIELD RD,MOUNTAIN VIEW,94043,141507813,Unclassified,EMERGENCY GENERATOR,EMERGENCY GENERATOR,20100102
19653611,LINKEDIN CORPORATION,LINKEDIN CORPORATION,518210,37.39241,-122.046943,700 E MIDDLEFIELD RD,MOUNTAIN VIEW,94043,141507913,Unclassified,EMERGENCY GENERATOR,EMERGENCY GENERATOR,20100102
18618011,VDC I,VDC I,518210,37.400074,-121.895188,2030 FORTUNE DRIVE,SAN JOSE,95131,133238213,Unclassified,"DIESEL ENGINE, CATERPILLAR MODEL 3516, E","DIESEL ENGINE, CATERPILLAR MODEL 3516, EMERGENCY STANDBY",20100102
18618011,VDC I,VDC I,518210,37.400074,-121.895188,2030 FORTUNE DRIVE,SAN JOSE,95131,133238313,Unclassified,"DIESEL ENGINE, CATERPILLAR MODEL 3516, E","DIESEL ENGINE, CATERPILLAR MODEL 3516, EMERGENCY STANDBY",20100102
18618011,VDC I,VDC I,518210,37.400074,-121.895188,2030 FORTUNE DRIVE,SAN JOSE,95131,133238413,Unclassified,"DIESEL ENGINE, CATERPILLAR MODEL 3516, E","DIESEL ENGINE, CATERPILLAR MODEL 3516, EMERGENCY STANDBY",20100102
9978511,DELIVEREX,DELIVEREX,518210,37.378577,-121.913677,2030 ZANKER ROAD,SAN JOSE,95131,54217713,Unclassified,ONAN 150DGFA STANDBY GENERATOR,ONAN 150DGFA STANDBY GENERATOR,20100102
16010611,GOOGLE LLC,GOOGLE LLC,518210,37.398851,-122.059182,369 N WHISMAN ROAD,MOUNTAIN VIEW,94043,120273113,Unclassified,EMERGENCY DIESEL GENERATOR ENGINE (QD3),EMERGENCY DIESEL GENERATOR ENGINE (QD3),20100102
16010611,GOOGLE LLC,GOOGLE LLC,518210,37.398851,-122.059182,369 N WHISMAN ROAD,MOUNTAIN VIEW,94043,100540213,Unclassified,EMERGENCY DIESEL GENERATOR ENGINE (QD7),EMERGENCY DIESEL GENERATOR ENGINE (QD7),20100102
1547311,LEVEL 3 COMMUNICATIONS LLC,LEVEL 3 COMMUNICATIONS LLC,518210,37.37379,-121.99693,1380 KIFER ROAD,SUNNYVALE,94086,44375613,Unclassified,STANDBY GENERATOR 7RN01447: GEN 3,STANDBY GENERATOR 7RN01447: GEN 3,20100102
1547311,LEVEL 3 COMMUNICATIONS LLC,LEVEL 3 COMMUNICATIONS LLC,518210,37.37379,-121.99693,1380 KIFER ROAD,SUNNYVALE,94086,44375813,Unclassified,STANDBY GENERATOR SN-6HN 00517: GEN 2,STANDBY GENERATOR SN-6HN 00517: GEN 2,20100102
1547311,LEVEL 3 COMMUNICATIONS LLC,LEVEL 3 COMMUNICATIONS LLC,518210,37.37379,-121.99693,1380 KIFER ROAD,SUNNYVALE,94086,100383913,Unclassified,STATIONARY STANDBY DIESEL GENERATOR SET,STATIONARY STANDBY DIESEL GENERATOR SET,20100102
1547311,LEVEL 3 COMMUNICATIONS LLC,LEVEL 3 COMMUNICATIONS LLC,518210,37.37379,-121.99693,1380 KIFER ROAD,SUNNYVALE,94086,84626613,Unclassified,STANDBY GENERATOR SN-6WN00227: GEN 1,STANDBY GENERATOR SN-6WN00227: GEN 1,20100102
18619311,"CYXTERA COMMUNICATIONS, LLC SC9","CYXTERA COMMUNICATIONS, LLC SC9",518210,37.397011,-121.979614,4650 OLD IRONSIDES ROAD,SANTA CLARA,95054,133248813,Unclassified,STATIONARY STANDBY GENERATOR SET,STATIONARY STANDBY GENERATOR SET,20100102
18619311,"CYXTERA COMMUNICATIONS, LLC SC9","CYXTERA COMMUNICATIONS, LLC SC9",518210,37.397011,-121.979614,4650 OLD IRONSIDES ROAD,SANTA CLARA,95054,133248913,Unclassified,STATIONARY STANDBY GENERATOR SET,STATIONARY STANDBY GENERATOR SET,20100102
18619311,"CYXTERA COMMUNICATIONS, LLC SC9","CYXTERA COMMUNICATIONS, LLC SC9",518210,37.397011,-121.979614,4650 OLD IRONSIDES ROAD,SANTA CLARA,95054,133249013,Unclassified,STATIONARY STANDBY GENERATOR SET,STATIONARY STANDBY GENERATOR SET,20100102
18619311,"CYXTERA COMMUNICATIONS, LLC SC9","CYXTERA COMMUNICATIONS, LLC SC9",518210,37.397011,-121.979614,4650 OLD IRONSIDES ROAD,SANTA CLARA,95054,133249113,Unclassified,STATIONARY STANDBY GENERATOR SET,STATIONARY STANDBY GENERATOR SET,20100102
18619311,"CYXTERA COMMUNICATIONS, LLC SC9","CYXTERA COMMUNICATIONS, LLC SC9",518210,37.397011,-121.979614,4650 OLD IRONSIDES ROAD,SANTA CLARA,95054,133249213,Unclassified,STATIONARY STANDBY GENERATOR SET,STATIONARY STANDBY GENERATOR SET,20100102
18619311,"CYXTERA COMMUNICATIONS, LLC SC9","CYXTERA COMMUNICATIONS, LLC SC9",518210,37.397011,-121.979614,4650 OLD IRONSIDES ROAD,SANTA CLARA,95054,133249313,Unclassified,STATIONARY STANDBY GENERATOR SET,STATIONARY STANDBY GENERATOR SET,20100102
18619511,"CYXTERA COMMUNICATIONS, LLC SN2","CYXTERA COMMUNICATIONS, LLC SN2",518210,37.373841,-121.996982,1320 KIFER ROAD,SUNNYVALE,94086,133250013,Unclassified,EMERGENCY BACKUP POWER GENERATOR,EMERGENCY BACKUP POWER GENERATOR,20100102
18619511,"CYXTERA COMMUNICATIONS, LLC SN2","CYXTERA COMMUNICATIONS, LLC SN2",518210,37.373841,-121.996982,1320 KIFER ROAD,SUNNYVALE,94086,133250113,Unclassified,EMERGENCY BACKUP POWER GENERATOR,EMERGENCY BACKUP POWER GENERATOR,20100102
15974811,DIGITAL REALTY TRUST,DIGITAL REALTY TRUST,518210,37.374242,-121.957865,1725 COMSTOCK DRIVE,SANTA CLARA,95054,100594913,Unclassified,EMERGENCY STANDBY DIESEL GENERATOR SET,EMERGENCY STANDBY DIESEL GENERATOR SET,20100102
15974811,DIGITAL REALTY TRUST,DIGITAL REALTY TRUST,518210,37.374242,-121.957865,1725 COMSTOCK DRIVE,SANTA CLARA,95054,100595113,Unclassified,EMERGENCY STANDBY DIESEL GENERATOR SET,EMERGENCY STANDBY DIESEL GENERATOR SET,20100102
15974811,DIGITAL REALTY TRUST,DIGITAL REALTY TRUST,518210,37.374242,-121.957865,1725 COMSTOCK DRIVE,SANTA CLARA,95054,100595213,Unclassified,EMERGENCY STANDBY DIESEL GENERATOR SET,EMERGENCY STANDBY DIESEL GENERATOR SET,20100102
15974811,DIGITAL REALTY TRUST,DIGITAL REALTY TRUST,518210,37.374242,-121.957865,1725 COMSTOCK DRIVE,SANTA CLARA,95054,100595313,Unclassified,EMERGENCY STANDBY DIESEL GENERATOR SET,EMERGENCY STANDBY DIESEL GENERATOR SET,20100102
15974811,DIGITAL REALTY TRUST,DIGITAL REALTY TRUST,518210,37.374242,-121.957865,1725 COMSTOCK DRIVE,SANTA CLARA,95054,100595013,Unclassified,EMERGENCY STANDBY DIESEL GENERATOR SET,EMERGENCY STANDBY DIESEL GENERATOR SET,20100102
18614411,GOOGLE LLC,GOOGLE LLC,518210,37.408194,-122.026422,1220 N MATHILDA AVE,SUNNYVALE,94089,133223813,Unclassified,EMERGENCY STANDBY GENERATOR,EMERGENCY STANDBY GENERATOR,20100102
18614411,GOOGLE LLC,GOOGLE LLC,518210,37.408194,-122.026422,1220 N MATHILDA AVE,SUNNYVALE,94089,133223913,Unclassified,EMERGENCY BACKUP GENERATOR ENGINE,EMERGENCY BACKUP GENERATOR ENGINE,20100102
18614411,GOOGLE LLC,GOOGLE LLC,518210,37.408194,-122.026422,1220 N MATHILDA AVE,SUNNYVALE,94089,133224013,Unclassified,EMERGENCY STANDBY DIESEL GENERATOR,EMERGENCY STANDBY DIESEL GENERATOR,20100102
18614411,GOOGLE LLC,GOOGLE LLC,518210,37.408194,-122.026422,1220 N MATHILDA AVE,SUNNYVALE,94089,133224113,Unclassified,EMERGENCY STANDBY DIESEL GENERATOR SET,EMERGENCY STANDBY DIESEL GENERATOR SET,20100102
18614411,GOOGLE LLC,GOOGLE LLC,518210,37.408194,-122.026422,1220 N MATHILDA AVE,SUNNYVALE,94089,133224213,Unclassified,EMERGENCY DIESEL GENERATOR ENGINE,EMERGENCY DIESEL GENERATOR ENGINE,20100102
18614411,GOOGLE LLC,GOOGLE LLC,518210,37.408194,-122.026422,1220 N MATHILDA AVE,SUNNYVALE,94089,133224313,Unclassified,EMERGENCY DIESEL GENERATOR ENGINE,EMERGENCY DIESEL GENERATOR ENGINE,20100102
18614411,GOOGLE LLC,GOOGLE LLC,518210,37.408194,-122.026422,1220 N MATHILDA AVE,SUNNYVALE,94089,141533813,Unclassified,EMERGENCY DIESEL FIRE PUMP ENGINE,EMERGENCY DIESEL FIRE PUMP ENGINE,20300101
18614411,GOOGLE LLC,GOOGLE LLC,518210,37.408194,-122.026422,1220 N MATHILDA AVE,SUNNYVALE,94089,141533913,Unclassified,EMERGENCY DIESEL FIRE PUMP ENGINE,EMERGENCY DIESEL FIRE PUMP ENGINE,20300101
18614411,GOOGLE LLC,GOOGLE LLC,518210,37.408194,-122.026422,1220 N MATHILDA AVE,SUNNYVALE,94089,141534013,Unclassified,EMERGENCY STANDBY DIESEL GENERATOR SET,EMERGENCY STANDBY DIESEL GENERATOR SET,20100102
18614411,GOOGLE LLC,GOOGLE LLC,518210,37.408194,-122.026422,1220 N MATHILDA AVE,SUNNYVALE,94089,141534113,Unclassified,STATIONARY STANDBY GENERATOR SET: DIESEL,STATIONARY STANDBY GENERATOR SET: DIESEL ENGINE,20100102
18614411,GOOGLE LLC,GOOGLE LLC,518210,37.408194,-122.026422,1220 N MATHILDA AVE,SUNNYVALE,94089,141534213,Unclassified,1500 KW DIESEL EMERGENCY GENERATOR,1500 KW DIESEL EMERGENCY GENERATOR,20100102
18614411,GOOGLE LLC,GOOGLE LLC,518210,37.408194,-122.026422,1220 N MATHILDA AVE,SUNNYVALE,94089,141534313,Unclassified,EMERGENCY DIESEL GENERATOR ENGINE,EMERGENCY DIESEL GENERATOR ENGINE,20100102
18610011,VXCHNGE - CA LLC,VXCHNGE - CA LLC,518210,37.363913,-121.960944,2050 MARTIN AVENUE,SANTA CLARA,95050,133205813,Unclassified,STATIONARY STANDBY DIESEL GENERATOR SET,STATIONARY STANDBY DIESEL GENERATOR SET,20100102
18610011,VXCHNGE - CA LLC,VXCHNGE - CA LLC,518210,37.363913,-121.960944,2050 MARTIN AVENUE,SANTA CLARA,95050,133205913,Unclassified,STATIONARY STANDBY DIESEL GENERATOR SET,STATIONARY STANDBY DIESEL GENERATOR SET,20100102
18610011,VXCHNGE - CA LLC,VXCHNGE - CA LLC,518210,37.363913,-121.960944,2050 MARTIN AVENUE,SANTA CLARA,95050,133206013,Unclassified,STATIONARY STANDBY DIESEL GENERATOR SET,STATIONARY STANDBY DIESEL GENERATOR SET,20100102
18610011,VXCHNGE - CA LLC,VXCHNGE - CA LLC,518210,37.363913,-121.960944,2050 MARTIN AVENUE,SANTA CLARA,95050,133206113,Unclassified,STATIONARY STANDBY GENERATOR SET: DIESEL,STATIONARY STANDBY GENERATOR SET: DIESEL ENGINE,20100102
18610011,VXCHNGE - CA LLC,VXCHNGE - CA LLC,518210,37.363913,-121.960944,2050 MARTIN AVENUE,SANTA CLARA,95050,133206213,Unclassified,STATIONARY STANDBY GENERATOR SET: DIESEL,STATIONARY STANDBY GENERATOR SET: DIESEL ENGINE,20100102
18610011,VXCHNGE - CA LLC,VXCHNGE - CA LLC,518210,37.363913,-121.960944,2050 MARTIN AVENUE,SANTA CLARA,95050,141529113,Unclassified,EMERGENCY STANDBY DIESEL ENGINE GENERATO,EMERGENCY STANDBY DIESEL ENGINE GENERATOR SET,20100102
18610011,VXCHNGE - CA LLC,VXCHNGE - CA LLC,518210,37.363913,-121.960944,2050 MARTIN AVENUE,SANTA CLARA,95050,141529213,Unclassified,EMERGENCY STANDBY DIESEL ENGINE GENERATO,EMERGENCY STANDBY DIESEL ENGINE GENERATOR SET,20100102
18610011,VXCHNGE - CA LLC,VXCHNGE - CA LLC,518210,37.363913,-121.960944,2050 MARTIN AVENUE,SANTA CLARA,95050,141529313,Unclassified,EMERGENCY STANDBY DIESEL ENGINE GENERATO,EMERGENCY STANDBY DIESEL ENGINE GENERATOR SET,20100102
15728111,1101 SPACE PARK PARTNERS  LLC,1101 SPACE PARK PARTNERS  LLC,518210,37.376764,-121.953066,1101 SPACE PARK DR,SANTA CLARA,95054,100498513,Unclassified,EMERGENCY STANDBY DIESEL GENERATOR SET,EMERGENCY STANDBY DIESEL GENERATOR SET,20100102
18602711,"EDGECONNEX SILICON VALLEY HOLDINGS, LLC","EDGECONNEX SILICON VALLEY HOLDINGS, LLC",518210,37.363445,-121.958929,1700 RICHARD AVENUE,SANTA CLARA,95050,133183213,Unclassified,EMERGENCY STANDBY DIESEL GENERATOR SET -,EMERGENCY STANDBY DIESEL GENERATOR SET - GEN01000,20100102
18602711,"EDGECONNEX SILICON VALLEY HOLDINGS, LLC","EDGECONNEX SILICON VALLEY HOLDINGS, LLC",518210,37.363445,-121.958929,1700 RICHARD AVENUE,SANTA CLARA,95050,141521513,Unclassified,EMERGENCY STANDBY DIESEL GENERATOR SET -,EMERGENCY STANDBY DIESEL GENERATOR SET - GEN02000,20100102
18602711,"EDGECONNEX SILICON VALLEY HOLDINGS, LLC","EDGECONNEX SILICON VALLEY HOLDINGS, LLC",518210,37.363445,-121.958929,1700 RICHARD AVENUE,SANTA CLARA,95050,141521613,Unclassified,EMERGENCY STANDBY DIESEL GENERATOR SET -,EMERGENCY STANDBY DIESEL GENERATOR SET - GENAA110,20100102
18602711,"EDGECONNEX SILICON VALLEY HOLDINGS, LLC","EDGECONNEX SILICON VALLEY HOLDINGS, LLC",518210,37.363445,-121.958929,1700 RICHARD AVENUE,SANTA CLARA,95050,141521713,Unclassified,EMERGENCY STANDBY DIESEL GENERATOR SET -,EMERGENCY STANDBY DIESEL GENERATOR SET - GENAB110,20100102
18602711,"EDGECONNEX SILICON VALLEY HOLDINGS, LLC","EDGECONNEX SILICON VALLEY HOLDINGS, LLC",518210,37.363445,-121.958929,1700 RICHARD AVENUE,SANTA CLARA,95050,141521813,Unclassified,EMERGENCY STANDBY DIESEL GENERATOR SET -,EMERGENCY STANDBY DIESEL GENERATOR SET - GENAC110,20100102
16069311,TATA COMMUNICATIONS [AMERICA] INC,TATA COMMUNICATIONS [AMERICA] INC,518210,37.376028,-121.953899,1100 SPACE PARK DRIVE,SANTA CLARA,95054,100410813,Unclassified,DIESEL ENGINE GENERATOR 2000 KW,DIESEL ENGINE GENERATOR 2000 KW,20100102
16069311,TATA COMMUNICATIONS [AMERICA] INC,TATA COMMUNICATIONS [AMERICA] INC,518210,37.376028,-121.953899,1100 SPACE PARK DRIVE,SANTA CLARA,95054,100410713,Unclassified,DIESEL ENGINE GENERATOR#7,DIESEL ENGINE GENERATOR#7,20100102
16069311,TATA COMMUNICATIONS [AMERICA] INC,TATA COMMUNICATIONS [AMERICA] INC,518210,37.376028,-121.953899,1100 SPACE PARK DRIVE,SANTA CLARA,95054,130641613,Unclassified,EMERGENCY STANDBY DIESEL GENERATOR SET,EMERGENCY STANDBY DIESEL GENERATOR SET,20100102
14253911,LEVEL 3 COMMUNICATIONS,LEVEL 3 COMMUNICATIONS,518210,37.376825,-121.953266,3045 RAYMOND STREET,SANTA CLARA,95054,83723713,Unclassified,EMERGENCY DIESEL BACKUP GENERATOR #2,EMERGENCY DIESEL BACKUP GENERATOR #2,20100102
14253911,LEVEL 3 COMMUNICATIONS,LEVEL 3 COMMUNICATIONS,518210,37.376825,-121.953266,3045 RAYMOND STREET,SANTA CLARA,95054,83723813,Unclassified,EMERGENCY DIESEL BACKUP GENERATOR #1,EMERGENCY DIESEL BACKUP GENERATOR #1,20100102
13771311,CORESITE,CORESITE,518210,37.406283,-121.91948,1656 MCCARTHY BLVD,MILPITAS,95035,83653313,Unclassified,EMERGENCY STANDBY GENERATOR SET,EMERGENCY STANDBY GENERATOR SET,20100102
13771311,CORESITE,CORESITE,518210,37.406283,-121.91948,1656 MCCARTHY BLVD,MILPITAS,95035,100410213,Unclassified,EMERGENCY DIESEL GENERATOR ENGINE,EMERGENCY DIESEL GENERATOR ENGINE,20100102
13771311,CORESITE,CORESITE,518210,37.406283,-121.91948,1656 MCCARTHY BLVD,MILPITAS,95035,100410313,Unclassified,EMERGENCY DIESEL GENERATOR ENGINE,EMERGENCY DIESEL GENERATOR ENGINE,20100102
13771311,CORESITE,CORESITE,518210,37.406283,-121.91948,1656 MCCARTHY BLVD,MILPITAS,95035,141501913,Unclassified,EMERGENCY STANDBY DIESEL GENERATOR SET,EMERGENCY STANDBY DIESEL GENERATOR SET,20100102
15971711,JAY PAUL COMPANY,JAY PAUL COMPANY,518210,37.409194,-122.036171,1050 ENTERPRISE WAY,SUNNYVALE,94089,100539713,Unclassified,EMERGENCY DIESEL GENERATOR ENGINE,EMERGENCY DIESEL GENERATOR ENGINE,20100102
15971711,JAY PAUL COMPANY,JAY PAUL COMPANY,518210,37.409194,-122.036171,1050 ENTERPRISE WAY,SUNNYVALE,94089,120259713,Unclassified,STATIONARY STANDBY DIESEL GENERATOR SET,STATIONARY STANDBY DIESEL GENERATOR SET,20300101
15971711,JAY PAUL COMPANY,JAY PAUL COMPANY,518210,37.409194,-122.036171,1050 ENTERPRISE WAY,SUNNYVALE,94089,120259813,Unclassified,STATIONARY STANDBY DIESEL GENERATOR SET,STATIONARY STANDBY DIESEL GENERATOR SET,20300101
15971711,JAY PAUL COMPANY,JAY PAUL COMPANY,518210,37.409194,-122.036171,1050 ENTERPRISE WAY,SUNNYVALE,94089,130645113,Unclassified,EMERGENCY STANDBY DIESEL FIRE PUMP ENGIN,EMERGENCY STANDBY DIESEL FIRE PUMP ENGINE,20300101
15971711,JAY PAUL COMPANY,JAY PAUL COMPANY,518210,37.409194,-122.036171,1050 ENTERPRISE WAY,SUNNYVALE,94089,100539813,Unclassified,EMERGENCY DIESEL STANDBY GENERATOR SET,EMERGENCY DIESEL STANDBY GENERATOR SET,20100102
13834011,EQUINIX LLC,EQUINIX LLC,518210,37.23948,-121.77649,GREAT OAKS BOULEVARD,SAN JOSE,95119,141494913,Unclassified,EMERGENCY DIESEL GENERATOR ENGINE,EMERGENCY DIESEL GENERATOR ENGINE,20100102
13834011,EQUINIX LLC,EQUINIX LLC,518210,37.23948,-121.77649,GREAT OAKS BOULEVARD,SAN JOSE,95119,141495013,Unclassified,EMERGENCY DIESEL GENERATOR ENGINE,EMERGENCY DIESEL GENERATOR ENGINE,20100102
13834011,EQUINIX LLC,EQUINIX LLC,518210,37.23948,-121.77649,GREAT OAKS BOULEVARD,SAN JOSE,95119,141495113,Unclassified,EMERGENCY DIESEL GENERATOR ENGINE,EMERGENCY DIESEL GENERATOR ENGINE,20100102
13834011,EQUINIX LLC,EQUINIX LLC,518210,37.23948,-121.77649,GREAT OAKS BOULEVARD,SAN JOSE,95119,141495213,Unclassified,EMERGENCY DIESEL GENERATOR ENGINE,EMERGENCY DIESEL GENERATOR ENGINE,20100102
13834011,EQUINIX LLC,EQUINIX LLC,518210,37.23948,-121.77649,GREAT OAKS BOULEVARD,SAN JOSE,95119,141495313,Unclassified,EMERGENCY DIESEL GENERATOR ENGINE,EMERGENCY DIESEL GENERATOR ENGINE,20100102
13834011,EQUINIX LLC,EQUINIX LLC,518210,37.23948,-121.77649,GREAT OAKS BOULEVARD,SAN JOSE,95119,141495413,Unclassified,EMERGENCY DIESEL GENERATOR ENGINE,EMERGENCY DIESEL GENERATOR ENGINE,20100102
13834011,EQUINIX LLC,EQUINIX LLC,518210,37.23948,-121.77649,GREAT OAKS BOULEVARD,SAN JOSE,95119,141495513,Unclassified,EMERGENCY DIESEL GENERATOR ENGINE,EMERGENCY DIESEL GENERATOR ENGINE,20100102
13834011,EQUINIX LLC,EQUINIX LLC,518210,37.23948,-121.77649,GREAT OAKS BOULEVARD,SAN JOSE,95119,120254113,Unclassified,EMERGENCY DIESEL GENERATOR ENGINE,EMERGENCY DIESEL GENERATOR ENGINE,20100102
13834011,EQUINIX LLC,EQUINIX LLC,518210,37.23948,-121.77649,GREAT OAKS BOULEVARD,SAN JOSE,95119,84509113,Unclassified,EMERGENCY DIESEL GENERATOR ENGINE,EMERGENCY DIESEL GENERATOR ENGINE,20100102
13834011,EQUINIX LLC,EQUINIX LLC,518210,37.23948,-121.77649,GREAT OAKS BOULEVARD,SAN JOSE,95119,84508713,Unclassified,EMERGENCY DIESEL GENERATOR ENGINE,EMERGENCY DIESEL GENERATOR ENGINE,20100102
13834011,EQUINIX LLC,EQUINIX LLC,518210,37.23948,-121.77649,GREAT OAKS BOULEVARD,SAN JOSE,95119,84508813,Unclassified,EMERGENCY DIESEL GENERATOR ENGINE,EMERGENCY DIESEL GENERATOR ENGINE,20100102
13834011,EQUINIX LLC,EQUINIX LLC,518210,37.23948,-121.77649,GREAT OAKS BOULEVARD,SAN JOSE,95119,120254213,Unclassified,EMERGENCY DIESEL GENERATOR ENGINE,EMERGENCY DIESEL GENERATOR ENGINE,20100102
13834011,EQUINIX LLC,EQUINIX LLC,518210,37.23948,-121.77649,GREAT OAKS BOULEVARD,SAN JOSE,95119,120254313,Unclassified,EMERGENCY DIESEL GENERATOR ENGINE,EMERGENCY DIESEL GENERATOR ENGINE,20100102
13834011,EQUINIX LLC,EQUINIX LLC,518210,37.23948,-121.77649,GREAT OAKS BOULEVARD,SAN JOSE,95119,84509313,Unclassified,EMERGENCY DIESEL GENERATOR ENGINE,EMERGENCY DIESEL GENERATOR ENGINE,20100102
13834011,EQUINIX LLC,EQUINIX LLC,518210,37.23948,-121.77649,GREAT OAKS BOULEVARD,SAN JOSE,95119,120253813,Unclassified,EMERGENCY DIESEL GENERATOR ENGINE,EMERGENCY DIESEL GENERATOR ENGINE,20100102
13834011,EQUINIX LLC,EQUINIX LLC,518210,37.23948,-121.77649,GREAT OAKS BOULEVARD,SAN JOSE,95119,120253913,Unclassified,EMERGENCY DIESEL GENERATOR ENGINE,EMERGENCY DIESEL GENERATOR ENGINE,20100102
13834011,EQUINIX LLC,EQUINIX LLC,518210,37.23948,-121.77649,GREAT OAKS BOULEVARD,SAN JOSE,95119,120254013,Unclassified,EMERGENCY DIESEL GENERATOR ENGINE,EMERGENCY DIESEL GENERATOR ENGINE,20100102
13834011,EQUINIX LLC,EQUINIX LLC,518210,37.23948,-121.77649,GREAT OAKS BOULEVARD,SAN JOSE,95119,84509213,Unclassified,EMERGENCY DIESEL GENERATOR ENGINE,EMERGENCY DIESEL GENERATOR ENGINE,20100102
13834011,EQUINIX LLC,EQUINIX LLC,518210,37.23948,-121.77649,GREAT OAKS BOULEVARD,SAN JOSE,95119,84508913,Unclassified,EMERGENCY DIESEL GENERATOR ENGINE,EMERGENCY DIESEL GENERATOR ENGINE,20100102
13834011,EQUINIX LLC,EQUINIX LLC,518210,37.23948,-121.77649,GREAT OAKS BOULEVARD,SAN JOSE,95119,130633813,Unclassified,EMERGENCY DIESEL GENERATOR ENGINE,EMERGENCY DIESEL GENERATOR ENGINE,20100102
13834011,EQUINIX LLC,EQUINIX LLC,518210,37.23948,-121.77649,GREAT OAKS BOULEVARD,SAN JOSE,95119,84509013,Unclassified,EMERGENCY DIESEL GENERATOR ENGINE,EMERGENCY DIESEL GENERATOR ENGINE,20100102
15974911,ISCS  INC,"ISCS, INC",518210,37.233021,-121.778973,"100 GREAT OAKS BLVD, SUITE 100",SAN JOSE,95119,100755113,Unclassified,STATIONARY STANDBY GENERATOR SET,STATIONARY STANDBY GENERATOR SET,20100102
18601111,2805 LAFAYETTE,2805 LAFAYETTE,518210,37.370045,-121.947059,2805 LAFAYETTE STREET,SANTA CLARA,95050,133178113,Unclassified,EMERGENCY STANDBY DIESEL GENERATOR SET,EMERGENCY STANDBY DIESEL GENERATOR SET,20100102
18601111,2805 LAFAYETTE,2805 LAFAYETTE,518210,37.370045,-121.947059,2805 LAFAYETTE STREET,SANTA CLARA,95050,133178213,Unclassified,EMERGENCY STANDBY DIESEL GENERATOR SET -,EMERGENCY STANDBY DIESEL GENERATOR SET - 5170,20100102
18601111,2805 LAFAYETTE,2805 LAFAYETTE,518210,37.370045,-121.947059,2805 LAFAYETTE STREET,SANTA CLARA,95050,133178313,Unclassified,EMERGENCY STANDBY DIESEL GENERATOR SET -,EMERGENCY STANDBY DIESEL GENERATOR SET - 5180,20100102
18601111,2805 LAFAYETTE,2805 LAFAYETTE,518210,37.370045,-121.947059,2805 LAFAYETTE STREET,SANTA CLARA,95050,133178413,Unclassified,EMERGENCY STANDBY DIESEL GENERATOR SET -,EMERGENCY STANDBY DIESEL GENERATOR SET - 5110,20100102
18601111,2805 LAFAYETTE,2805 LAFAYETTE,518210,37.370045,-121.947059,2805 LAFAYETTE STREET,SANTA CLARA,95050,133178513,Unclassified,EMERGENCY STANDBY DIESEL GENERATOR SET -,EMERGENCY STANDBY DIESEL GENERATOR SET - 5120,20100102
18601111,2805 LAFAYETTE,2805 LAFAYETTE,518210,37.370045,-121.947059,2805 LAFAYETTE STREET,SANTA CLARA,95050,133178613,Unclassified,EMERGENCY STANDBY DIESEL GENERATOR SET -,EMERGENCY STANDBY DIESEL GENERATOR SET - 5130,20100102
18601111,2805 LAFAYETTE,2805 LAFAYETTE,518210,37.370045,-121.947059,2805 LAFAYETTE STREET,SANTA CLARA,95050,133178713,Unclassified,EMERGENCY STANDBY DIESEL GENERATOR SET -,EMERGENCY STANDBY DIESEL GENERATOR SET - 5140,20100102
18601111,2805 LAFAYETTE,2805 LAFAYETTE,518210,37.370045,-121.947059,2805 LAFAYETTE STREET,SANTA CLARA,95050,133178813,Unclassified,EMERGENCY STANDBY DIESEL GENERATOR SET -,EMERGENCY STANDBY DIESEL GENERATOR SET - 5130/140 GR1,20100102
18601111,2805 LAFAYETTE,2805 LAFAYETTE,518210,37.370045,-121.947059,2805 LAFAYETTE STREET,SANTA CLARA,95050,133178913,Unclassified,EMERGENCY STANDBY DIESEL GENERATOR SET -,EMERGENCY STANDBY DIESEL GENERATOR SET - 5150,20100102
18601111,2805 LAFAYETTE,2805 LAFAYETTE,518210,37.370045,-121.947059,2805 LAFAYETTE STREET,SANTA CLARA,95050,133179013,Unclassified,EMERGENCY STANDBY DIESEL GENERATOR SET -,EMERGENCY STANDBY DIESEL GENERATOR SET - 5160,20100102
18601111,2805 LAFAYETTE,2805 LAFAYETTE,518210,37.370045,-121.947059,2805 LAFAYETTE STREET,SANTA CLARA,95050,133179113,Unclassified,EMERGENCY STANDBY DIESEL GENERATOR SET -,EMERGENCY STANDBY DIESEL GENERATOR SET - 5150/5160 GR2,20100102
9991911,"1100 SPACE PARK, LLC","1100 SPACE PARK, LLC",518210,37.375992,-121.953956,1100 SPACE PARK DRIVE,SANTA CLARA,95054,54561713,Unclassified,PETERSON/CATERPILLAR 2000 KW GENERATOR,PETERSON/CATERPILLAR 2000 KW GENERATOR,20100102
9990911,EQUINIX LLC,EQUINIX LLC,518210,37.377307,-121.955823,1350 DUANE AVENUE,SANTA CLARA,95050,54563413,Unclassified,STANDBY GENERATOR,STANDBY GENERATOR,20100102
15974611,"DIGITAL ALFRED, LLC","DIGITAL ALFRED, LLC",518210,37.377849,-121.958041,3105 ALFRED AVENUE,SANTA CLARA,95054,141519513,Unclassified,GENERATOR GC: STATIONARY STANDBY DIESEL,GENERATOR GC: STATIONARY STANDBY DIESEL GENERATOR,20100102
15974611,"DIGITAL ALFRED, LLC","DIGITAL ALFRED, LLC",518210,37.377849,-121.958041,3105 ALFRED AVENUE,SANTA CLARA,95054,141519613,Unclassified,GENERATOR GD: STATIONARY STANDBY DIESEL,GENERATOR GD: STATIONARY STANDBY DIESEL GENERATOR,20100102
15974611,"DIGITAL ALFRED, LLC","DIGITAL ALFRED, LLC",518210,37.377849,-121.958041,3105 ALFRED AVENUE,SANTA CLARA,95054,141519713,Unclassified,EMERGENCY DIESEL GENERATOR,EMERGENCY DIESEL GENERATOR,20100102
15974611,"DIGITAL ALFRED, LLC","DIGITAL ALFRED, LLC",518210,37.377849,-121.958041,3105 ALFRED AVENUE,SANTA CLARA,95054,141519813,Unclassified,GENERATOR GG: STATIONARY STANDBY DIESEL,GENERATOR GG: STATIONARY STANDBY DIESEL GENERATOR,20100102
15974611,"DIGITAL ALFRED, LLC","DIGITAL ALFRED, LLC",518210,37.377849,-121.958041,3105 ALFRED AVENUE,SANTA CLARA,95054,141519913,Unclassified,GENERATOR GA: STATIONARY STANDBY DIESEL,GENERATOR GA: STATIONARY STANDBY DIESEL GENERATOR,20100102
15974611,"DIGITAL ALFRED, LLC","DIGITAL ALFRED, LLC",518210,37.377849,-121.958041,3105 ALFRED AVENUE,SANTA CLARA,95054,141520013,Unclassified,GENERATOR GB: STATIONARY STANDBY DIESEL,GENERATOR GB: STATIONARY STANDBY DIESEL GENERATOR,20100102
9990911,EQUINIX LLC,EQUINIX LLC,518210,37.377307,-121.955823,1350 DUANE AVENUE,SANTA CLARA,95050,54563713,Unclassified,STANDBY GENERATOR,STANDBY GENERATOR,20100102
9990911,EQUINIX LLC,EQUINIX LLC,518210,37.377307,-121.955823,1350 DUANE AVENUE,SANTA CLARA,95050,54563813,Unclassified,STANDBY GENERATOR,STANDBY GENERATOR,20100102
9990911,EQUINIX LLC,EQUINIX LLC,518210,37.377307,-121.955823,1350 DUANE AVENUE,SANTA CLARA,95050,54563913,Unclassified,STANDBY GENERATOR,STANDBY GENERATOR,20100102
15974611,"DIGITAL ALFRED, LLC","DIGITAL ALFRED, LLC",518210,37.377849,-121.958041,3105 ALFRED AVENUE,SANTA CLARA,95054,100689313,Unclassified,GENERATOR G34: STATIONARY STANDBY DIESEL,GENERATOR G34: STATIONARY STANDBY DIESEL GENERATOR SET,20100102
15974611,"DIGITAL ALFRED, LLC","DIGITAL ALFRED, LLC",518210,37.377849,-121.958041,3105 ALFRED AVENUE,SANTA CLARA,95054,100689413,Unclassified,GENERATOR G3: STATIONARY STANDBY DIESEL,GENERATOR G3: STATIONARY STANDBY DIESEL GENERATOR SET,20100102
15974611,"DIGITAL ALFRED, LLC","DIGITAL ALFRED, LLC",518210,37.377849,-121.958041,3105 ALFRED AVENUE,SANTA CLARA,95054,100689513,Unclassified,GENERATOR G4: STATIONARY STANDBY DIESEL,GENERATOR G4: STATIONARY STANDBY DIESEL GENERATOR SET,20100102
15974611,"DIGITAL ALFRED, LLC","DIGITAL ALFRED, LLC",518210,37.377849,-121.958041,3105 ALFRED AVENUE,SANTA CLARA,95054,100689013,Unclassified,GENERATOR G1: STATIONARY STANDBY DIESEL,GENERATOR G1: STATIONARY STANDBY DIESEL GENERATOR SET,20100102
15974611,"DIGITAL ALFRED, LLC","DIGITAL ALFRED, LLC",518210,37.377849,-121.958041,3105 ALFRED AVENUE,SANTA CLARA,95054,100689113,Unclassified,GENERATOR G2: STATIONARY STANDBY DIESEL,GENERATOR G2: STATIONARY STANDBY DIESEL GENERATOR SET,20100102
15974611,"DIGITAL ALFRED, LLC","DIGITAL ALFRED, LLC",518210,37.377849,-121.958041,3105 ALFRED AVENUE,SANTA CLARA,95054,100689213,Unclassified,GENERATOR G12: STATIONARY STANDBY DIESEL,GENERATOR G12: STATIONARY STANDBY DIESEL GENERATOR SET,20100102
18610111,ELEMENT CRITICAL,ELEMENT CRITICAL,518210,37.37176,-121.987602,1360 KIFER ROAD,SUNNYVALE,94086,133208613,Unclassified,STANDBY GENERATOR SN-6HNO1513,STANDBY GENERATOR SN-6HNO1513,20100102
18610111,ELEMENT CRITICAL,ELEMENT CRITICAL,518210,37.37176,-121.987602,1360 KIFER ROAD,SUNNYVALE,94086,133208713,Unclassified,STANDBY GENERATOR SN-6HN01454,STANDBY GENERATOR SN-6HN01454,20100102
18610111,ELEMENT CRITICAL,ELEMENT CRITICAL,518210,37.37176,-121.987602,1360 KIFER ROAD,SUNNYVALE,94086,133208813,Unclassified,EMERGENCY STANDBY GENERATOR: S/N #SBJ003,EMERGENCY STANDBY GENERATOR: S/N #SBJ00391,20100102
18610111,ELEMENT CRITICAL,ELEMENT CRITICAL,518210,37.37176,-121.987602,1360 KIFER ROAD,SUNNYVALE,94086,133208913,Unclassified,STANDBY GENERATOR SN-6HNO1471,STANDBY GENERATOR SN-6HNO1471,20100102
9991911,"1100 SPACE PARK, LLC","1100 SPACE PARK, LLC",518210,37.375992,-121.953956,1100 SPACE PARK DRIVE,SANTA CLARA,95054,130627813,Unclassified,STANDBY DIESEL GENERATOR,STANDBY DIESEL GENERATOR,20100102
9991911,"1100 SPACE PARK, LLC","1100 SPACE PARK, LLC",518210,37.375992,-121.953956,1100 SPACE PARK DRIVE,SANTA CLARA,95054,130627913,Unclassified,STANDBY DIESEL GENERATOR,STANDBY DIESEL GENERATOR,20100102
9991911,"1100 SPACE PARK, LLC","1100 SPACE PARK, LLC",518210,37.375992,-121.953956,1100 SPACE PARK DRIVE,SANTA CLARA,95054,130628013,Unclassified,STANDBY DIESEL GENERATOR,STANDBY DIESEL GENERATOR,20100102
9991911,"1100 SPACE PARK, LLC","1100 SPACE PARK, LLC",518210,37.375992,-121.953956,1100 SPACE PARK DRIVE,SANTA CLARA,95054,130628113,Unclassified,STANDBY DIESEL GENERATOR,STANDBY DIESEL GENERATOR,20100102
9991911,"1100 SPACE PARK, LLC","1100 SPACE PARK, LLC",518210,37.375992,-121.953956,1100 SPACE PARK DRIVE,SANTA CLARA,95054,130628213,Unclassified,STANDBY DIESEL GENERATOR,STANDBY DIESEL GENERATOR,20100102
9991911,"1100 SPACE PARK, LLC","1100 SPACE PARK, LLC",518210,37.375992,-121.953956,1100 SPACE PARK DRIVE,SANTA CLARA,95054,130628313,Unclassified,STANDBY DIESEL GENERATOR,STANDBY DIESEL GENERATOR,20100102
9990911,EQUINIX LLC,EQUINIX LLC,518210,37.377307,-121.955823,1350 DUANE AVENUE,SANTA CLARA,95050,54563513,Unclassified,STANDBY GENERATOR,STANDBY GENERATOR,20100102
9990911,EQUINIX LLC,EQUINIX LLC,518210,37.377307,-121.955823,1350 DUANE AVENUE,SANTA CLARA,95050,54563613,Unclassified,STANDBY GENERATOR,STANDBY GENERATOR,20100102
9990911,EQUINIX LLC,EQUINIX LLC,518210,37.377307,-121.955823,1350 DUANE AVENUE,SANTA CLARA,95050,100444613,Unclassified,STATIONARY STANDBY DIESEL GENERATOR SET,STATIONARY STANDBY DIESEL GENERATOR SET,20100102
9990911,EQUINIX LLC,EQUINIX LLC,518210,37.377307,-121.955823,1350 DUANE AVENUE,SANTA CLARA,95050,100444713,Unclassified,STATIONARY STANDBY DIESEL GENERATOR SET,STATIONARY STANDBY DIESEL GENERATOR SET,20100102
9990911,EQUINIX LLC,EQUINIX LLC,518210,37.377307,-121.955823,1350 DUANE AVENUE,SANTA CLARA,95050,100444813,Unclassified,STATIONARY STANDBY DIESEL GENERATOR SET,STATIONARY STANDBY DIESEL GENERATOR SET,20100102
15974611,"DIGITAL ALFRED, LLC","DIGITAL ALFRED, LLC",518210,37.377849,-121.958041,3105 ALFRED AVENUE,SANTA CLARA,95054,100689613,Unclassified,GENERATOR GH: STATIONARY STANDBY DIESEL,GENERATOR GH: STATIONARY STANDBY DIESEL GENERATOR SET,20100102
14291311,AT&T,AT&T,518210,37.418466,-121.943093,400 HOLGER WAY,SAN JOSE,95134,84340613,Unclassified,EMERGENCY DIESEL GENERATOR ENGINE #1,EMERGENCY DIESEL GENERATOR ENGINE #1,20100102
14291311,AT&T,AT&T,518210,37.418466,-121.943093,400 HOLGER WAY,SAN JOSE,95134,84340413,Unclassified,EMERGENCY DIESEL GENERATOR ENGINE #3,EMERGENCY DIESEL GENERATOR ENGINE #3,20100102
9991911,"1100 SPACE PARK, LLC","1100 SPACE PARK, LLC",518210,37.375992,-121.953956,1100 SPACE PARK DRIVE,SANTA CLARA,95054,83615213,Unclassified,CUMMINS DIESEL BACKUP GENERATOR,CUMMINS DIESEL BACKUP GENERATOR,20100102
9991911,"1100 SPACE PARK, LLC","1100 SPACE PARK, LLC",518210,37.375992,-121.953956,1100 SPACE PARK DRIVE,SANTA CLARA,95054,120251313,Unclassified,EMERGENCY STANDBY DIESEL GENERATOR SET,EMERGENCY STANDBY DIESEL GENERATOR SET,20100102
9991911,"1100 SPACE PARK, LLC","1100 SPACE PARK, LLC",518210,37.375992,-121.953956,1100 SPACE PARK DRIVE,SANTA CLARA,95054,120251413,Unclassified,EMERGENCY STANDBY DIESEL GENERATOR SET,EMERGENCY STANDBY DIESEL GENERATOR SET,20100102
14291311,AT&T,AT&T,518210,37.418466,-121.943093,400 HOLGER WAY,SAN JOSE,95134,84340513,Unclassified,EMERGENCY DIESEL GENERATOR ENGINE #2,EMERGENCY DIESEL GENERATOR ENGINE #2,20100102
19508311,GOOGLE LLC,GOOGLE LLC,518210,37.415782,-122.082004,1625 PLYMOUTH ST,MOUNTAIN VIEW,94043,141508513,Unclassified,EMERGENCY GENERATOR,EMERGENCY GENERATOR,20100102
10057211,CBS INC,CBS INC,518210,37.786283,-122.397458,235 2ND STREET,SAN FRANCISCO,94105,53983713,Unclassified,STANDBY GENERATOR,STANDBY GENERATOR,20100102
19623611,FACEBOOK INC,FACEBOOK INC,518210,37.790375,-122.39412,250 HOWARD STREET,SAN FRANCISCO,94105,141442413,Unclassified,EMERGENCY DIESEL GENERATOR ENGINE,EMERGENCY DIESEL GENERATOR ENGINE,20100102
19623611,FACEBOOK INC,FACEBOOK INC,518210,37.790375,-122.39412,250 HOWARD STREET,SAN FRANCISCO,94105,141442513,Unclassified,"BOILER, B-44-1","BOILER, B-44-1",10300603
19623611,FACEBOOK INC,FACEBOOK INC,518210,37.790375,-122.39412,250 HOWARD STREET,SAN FRANCISCO,94105,141442613,Unclassified,"BOILER, B-44-2","BOILER, B-44-2",10300603
19623611,FACEBOOK INC,FACEBOOK INC,518210,37.790375,-122.39412,250 HOWARD STREET,SAN FRANCISCO,94105,141442713,Unclassified,"BOILER, B-44-3","BOILER, B-44-3",10300603
18584311,"GOOGLE, INC","GOOGLE, INC",518210,37.792418,-122.391763,188 EMBARCADERO,SAN FRANCISCO,94105,133145013,Unclassified,STATIONARY STANDBY DIESEL ENGINE GENERAT,STATIONARY STANDBY DIESEL ENGINE GENERATOR,20100102
14233811,LEVEL 3 COMMUNICATIONS LLC,LEVEL 3 COMMUNICATIONS LLC,518210,37.724992,-122.397232,200 PAUL AVENUE,SAN FRANCISCO,94124,83613513,Unclassified,DIESEL ENGINE  DETROIT DIESEL MODEL T163,DIESEL ENGINE  DETROIT DIESEL MODEL T1637K16  EMERGENCY STAN,20100102
14233811,LEVEL 3 COMMUNICATIONS LLC,LEVEL 3 COMMUNICATIONS LLC,518210,37.724992,-122.397232,200 PAUL AVENUE,SAN FRANCISCO,94124,83613613,Unclassified,DIESEL ENGINE  DETROIT DIESEL MODEL T163,DIESEL ENGINE  DETROIT DIESEL MODEL T1637K16  EMERGENCY STAN,20100102
13976611,"200 PAUL AVENUE LLC, C/O DIGITAL REALTY TRUST","200 PAUL AVENUE LLC, C/O DIGITAL REALTY TRUST",518210,37.723346,-122.397809,"200 PAUL AVE, BLDG F, 5TH FLOOR",SAN FRANCISCO,94124,130580913,Unclassified,EMERGENCY DIESEL GENERATOR ENGINE #9,EMERGENCY DIESEL GENERATOR ENGINE #9,20100102
13976611,"200 PAUL AVENUE LLC, C/O DIGITAL REALTY TRUST","200 PAUL AVENUE LLC, C/O DIGITAL REALTY TRUST",518210,37.723346,-122.397809,"200 PAUL AVE, BLDG F, 5TH FLOOR",SAN FRANCISCO,94124,84327413,Unclassified,EMERGENCY DIESEL GENERATOR ENGINE #1,EMERGENCY DIESEL GENERATOR ENGINE #1,20100102
13976611,"200 PAUL AVENUE LLC, C/O DIGITAL REALTY TRUST","200 PAUL AVENUE LLC, C/O DIGITAL REALTY TRUST",518210,37.723346,-122.397809,"200 PAUL AVE, BLDG F, 5TH FLOOR",SAN FRANCISCO,94124,84327313,Unclassified,EMERGENCY DIESEL GENERATOR ENGINE #4,EMERGENCY DIESEL GENERATOR ENGINE #4,20100102
13976611,"200 PAUL AVENUE LLC, C/O DIGITAL REALTY TRUST","200 PAUL AVENUE LLC, C/O DIGITAL REALTY TRUST",518210,37.723346,-122.397809,"200 PAUL AVE, BLDG F, 5TH FLOOR",SAN FRANCISCO,94124,84327213,Unclassified,EMERGENCY DIESEL GENERATOR ENGINE #7,EMERGENCY DIESEL GENERATOR ENGINE #7,20100102
13976611,"200 PAUL AVENUE LLC, C/O DIGITAL REALTY TRUST","200 PAUL AVENUE LLC, C/O DIGITAL REALTY TRUST",518210,37.723346,-122.397809,"200 PAUL AVE, BLDG F, 5TH FLOOR",SAN FRANCISCO,94124,84327113,Unclassified,EMERGENCY DIESEL GENERATOR ENGINE #8,EMERGENCY DIESEL GENERATOR ENGINE #8,20100102
13976611,"200 PAUL AVENUE LLC, C/O DIGITAL REALTY TRUST","200 PAUL AVENUE LLC, C/O DIGITAL REALTY TRUST",518210,37.723346,-122.397809,"200 PAUL AVE, BLDG F, 5TH FLOOR",SAN FRANCISCO,94124,84327013,Unclassified,EMERGENCY DIESEL GENERATOR ENGINE #12,EMERGENCY DIESEL GENERATOR ENGINE #12,20100102
13976611,"200 PAUL AVENUE LLC, C/O DIGITAL REALTY TRUST","200 PAUL AVENUE LLC, C/O DIGITAL REALTY TRUST",518210,37.723346,-122.397809,"200 PAUL AVE, BLDG F, 5TH FLOOR",SAN FRANCISCO,94124,84326913,Unclassified,EMERGENCY DIESEL GENERATOR ENGINE #20,EMERGENCY DIESEL GENERATOR ENGINE #20,20100102
13976611,"200 PAUL AVENUE LLC, C/O DIGITAL REALTY TRUST","200 PAUL AVENUE LLC, C/O DIGITAL REALTY TRUST",518210,37.723346,-122.397809,"200 PAUL AVE, BLDG F, 5TH FLOOR",SAN FRANCISCO,94124,84326813,Unclassified,EMERGENCY DIESEL GENERATOR ENGINE #18,EMERGENCY DIESEL GENERATOR ENGINE #18,20100102
13976611,"200 PAUL AVENUE LLC, C/O DIGITAL REALTY TRUST","200 PAUL AVENUE LLC, C/O DIGITAL REALTY TRUST",518210,37.723346,-122.397809,"200 PAUL AVE, BLDG F, 5TH FLOOR",SAN FRANCISCO,94124,84326713,Unclassified,EMERGENCY DIESEL GENERATOR ENGINE #22,EMERGENCY DIESEL GENERATOR ENGINE #22,20100102
13976611,"200 PAUL AVENUE LLC, C/O DIGITAL REALTY TRUST","200 PAUL AVENUE LLC, C/O DIGITAL REALTY TRUST",518210,37.723346,-122.397809,"200 PAUL AVE, BLDG F, 5TH FLOOR",SAN FRANCISCO,94124,84326613,Unclassified,EMERGENCY DIESEL GENERATOR ENGINE #23,EMERGENCY DIESEL GENERATOR ENGINE #23,20100102
13976611,"200 PAUL AVENUE LLC, C/O DIGITAL REALTY TRUST","200 PAUL AVENUE LLC, C/O DIGITAL REALTY TRUST",518210,37.723346,-122.397809,"200 PAUL AVE, BLDG F, 5TH FLOOR",SAN FRANCISCO,94124,120176313,Unclassified,EMERGENCY DIESEL GENERATOR ENGINE #24,EMERGENCY DIESEL GENERATOR ENGINE #24,20100102
13976611,"200 PAUL AVENUE LLC, C/O DIGITAL REALTY TRUST","200 PAUL AVENUE LLC, C/O DIGITAL REALTY TRUST",518210,37.723346,-122.397809,"200 PAUL AVE, BLDG F, 5TH FLOOR",SAN FRANCISCO,94124,120176413,Unclassified,EMERGENCY DIESEL GENERATOR ENGINE #25,EMERGENCY DIESEL GENERATOR ENGINE #25,20100102
13976611,"200 PAUL AVENUE LLC, C/O DIGITAL REALTY TRUST","200 PAUL AVENUE LLC, C/O DIGITAL REALTY TRUST",518210,37.723346,-122.397809,"200 PAUL AVE, BLDG F, 5TH FLOOR",SAN FRANCISCO,94124,120176513,Unclassified,EMERGENCY DIESEL GENERATOR ENGINE #16,EMERGENCY DIESEL GENERATOR ENGINE #16,20100102
13976611,"200 PAUL AVENUE LLC, C/O DIGITAL REALTY TRUST","200 PAUL AVENUE LLC, C/O DIGITAL REALTY TRUST",518210,37.723346,-122.397809,"200 PAUL AVE, BLDG F, 5TH FLOOR",SAN FRANCISCO,94124,100467213,Unclassified,EMERGENCY DIESEL GENERATOR ENGINE #19,EMERGENCY DIESEL GENERATOR ENGINE #19,20100102
13976611,"200 PAUL AVENUE LLC, C/O DIGITAL REALTY TRUST","200 PAUL AVENUE LLC, C/O DIGITAL REALTY TRUST",518210,37.723346,-122.397809,"200 PAUL AVE, BLDG F, 5TH FLOOR",SAN FRANCISCO,94124,141424813,Unclassified,EMERGENCY STANDBY DIESEL GENERATOR SET #,EMERGENCY STANDBY DIESEL GENERATOR SET #26,20100102
13976611,"200 PAUL AVENUE LLC, C/O DIGITAL REALTY TRUST","200 PAUL AVENUE LLC, C/O DIGITAL REALTY TRUST",518210,37.723346,-122.397809,"200 PAUL AVE, BLDG F, 5TH FLOOR",SAN FRANCISCO,94124,141424913,Unclassified,EMERGENCY STANDBY DIESEL GENERATOR SET #,EMERGENCY STANDBY DIESEL GENERATOR SET #27,20100102
13976611,"200 PAUL AVENUE LLC, C/O DIGITAL REALTY TRUST","200 PAUL AVENUE LLC, C/O DIGITAL REALTY TRUST",518210,37.723346,-122.397809,"200 PAUL AVE, BLDG F, 5TH FLOOR",SAN FRANCISCO,94124,141425013,Unclassified,EMERGENCY STANDBY DIESEL GENERATOR SET,EMERGENCY STANDBY DIESEL GENERATOR SET,20100102
13976611,"200 PAUL AVENUE LLC, C/O DIGITAL REALTY TRUST","200 PAUL AVENUE LLC, C/O DIGITAL REALTY TRUST",518210,37.723346,-122.397809,"200 PAUL AVE, BLDG F, 5TH FLOOR",SAN FRANCISCO,94124,141425113,Unclassified,EMERGENCY STANDBY DIESEL GENERATOR SET,EMERGENCY STANDBY DIESEL GENERATOR SET,20100102
13976611,"200 PAUL AVENUE LLC, C/O DIGITAL REALTY TRUST","200 PAUL AVENUE LLC, C/O DIGITAL REALTY TRUST",518210,37.723346,-122.397809,"200 PAUL AVE, BLDG F, 5TH FLOOR",SAN FRANCISCO,94124,141425213,Unclassified,EMERGENCY STANDBY DIESEL GENERATOR SET #,EMERGENCY STANDBY DIESEL GENERATOR SET #31,20100102
13976611,"200 PAUL AVENUE LLC, C/O DIGITAL REALTY TRUST","200 PAUL AVENUE LLC, C/O DIGITAL REALTY TRUST",518210,37.723346,-122.397809,"200 PAUL AVE, BLDG F, 5TH FLOOR",SAN FRANCISCO,94124,141425313,Unclassified,EMERGENCY STANDBY DIESEL GENERATOR SET #,EMERGENCY STANDBY DIESEL GENERATOR SET #32,20100102
13976611,"200 PAUL AVENUE LLC, C/O DIGITAL REALTY TRUST","200 PAUL AVENUE LLC, C/O DIGITAL REALTY TRUST",518210,37.723346,-122.397809,"200 PAUL AVE, BLDG F, 5TH FLOOR",SAN FRANCISCO,94124,141425413,Unclassified,EMERGENCY STANDBY DIESEL GENERATOR SET #,EMERGENCY STANDBY DIESEL GENERATOR SET #33,20100102
13976611,"200 PAUL AVENUE LLC, C/O DIGITAL REALTY TRUST","200 PAUL AVENUE LLC, C/O DIGITAL REALTY TRUST",518210,37.723346,-122.397809,"200 PAUL AVE, BLDG F, 5TH FLOOR",SAN FRANCISCO,94124,141425513,Unclassified,EMERGENCY STANDBY DIESEL GENERATOR SET #,EMERGENCY STANDBY DIESEL GENERATOR SET #34,20100102
13976611,"200 PAUL AVENUE LLC, C/O DIGITAL REALTY TRUST","200 PAUL AVENUE LLC, C/O DIGITAL REALTY TRUST",518210,37.723346,-122.397809,"200 PAUL AVE, BLDG F, 5TH FLOOR",SAN FRANCISCO,94124,141425613,Unclassified,EMERGENCY DIESEL GENERATOR ENGINE #28,EMERGENCY DIESEL GENERATOR ENGINE #28,20100102
18195511,KAISER PERMANENTE,KAISER PERMANENTE,518210,37.767913,-122.39545,1600 OWENS STREET,SAN FRANCISCO,94158,130587813,Unclassified,EMERGENCY STANDBY DIESEL GENERATOR SET,EMERGENCY STANDBY DIESEL GENERATOR SET,20100102
18195511,KAISER PERMANENTE,KAISER PERMANENTE,518210,37.767913,-122.39545,1600 OWENS STREET,SAN FRANCISCO,94158,130587913,Unclassified,BOILER B-1,BOILER B-1,10500206
18195511,KAISER PERMANENTE,KAISER PERMANENTE,518210,37.767913,-122.39545,1600 OWENS STREET,SAN FRANCISCO,94158,130588013,Unclassified,BOILER B-2,BOILER B-2,10500206
15756211,HOSTING COM,HOSTING COM,518210,37.779721,-122.393864,630 3RD STREET,SAN FRANCISCO,94107,100783813,Unclassified,1 000 KW DIESEL ENGINE GENERATOR FOR STA,1 000 KW DIESEL ENGINE GENERATOR FOR STANDBY POWER,20100102
15756211,HOSTING COM,HOSTING COM,518210,37.779721,-122.393864,630 3RD STREET,SAN FRANCISCO,94107,100783913,Unclassified,STATIONARY STANDBY DIESEL GENERATOR SET,STATIONARY STANDBY DIESEL GENERATOR SET,20100102
15756211,HOSTING COM,HOSTING COM,518210,37.779721,-122.393864,630 3RD STREET,SAN FRANCISCO,94107,100784013,Unclassified,1 500 DIESEL ENGINE GENERATOR FOR STANDB,1 500 DIESEL ENGINE GENERATOR FOR STANDBY POWER,20100102
15756211,HOSTING COM,HOSTING COM,518210,37.779721,-122.393864,630 3RD STREET,SAN FRANCISCO,94107,120177613,Unclassified,EMERGENCY STANDBY DIESEL GENERATOR SET,EMERGENCY STANDBY DIESEL GENERATOR SET,20100102
3125811,AT&T,AT&T,518210,37.785279,-122.396932,611 FOLSOM STREET,SAN FRANCISCO,94107,39505713,Unclassified,"DIESEL ENGINE, EMERGENCY STANDBY, CATERP","DIESEL ENGINE, EMERGENCY STANDBY, CATERPILLAR",20100102
3125811,AT&T,AT&T,518210,37.785279,-122.396932,611 FOLSOM STREET,SAN FRANCISCO,94107,100496213,Unclassified,EMERGENCY DIESEL GENERATOR SET,EMERGENCY DIESEL GENERATOR SET,20100102
3125811,AT&T,AT&T,518210,37.785279,-122.396932,611 FOLSOM STREET,SAN FRANCISCO,94107,39505813,Unclassified,"DIESEL ENGINE, EMERGENCY STANDBY, CATERP","DIESEL ENGINE, EMERGENCY STANDBY, CATERPILLAR",20100102
18142411,"LEVEL 3 COMMUNICATIONS, LLC",LEVEL 3 COMMUNICATIONS - WILDWOOD,518210,40.3853,-123.03626,700 WILDWOOD ROAD,WILDWOOD,96076,130211713,Unclassified,EMERGENCY STANDBY DIESEL GENERATOR,INTERNAL COMBUSTION,20200102
18142511,"LEVEL 3 COMMUNICATIONS, LLC",LEVEL 3 COMMUNICATIONS - MAD RIVER,518210,40.43316,-123.47269,5391 STATE HWY 36,MAD RIVER,95526,130211813,Unclassified,EMERGENCY STANDBY DIESEL GENERATOR,INTERNAL COMBUSTION,20200102
